  0
SECTION
  2
HEADER
  9
$ACADVER
  1
AC1021
  9
$ACADMAINTVER
 70
    25
  9
$DWGCODEPAGE
  3
ANSI_1252
  9
$INSBASE
 10
0.0
 20
0.0
 30
0.0
  9
$EXTMIN
 10
1.000000000000000E+20
 20
1.000000000000000E+20
 30
1.000000000000000E+20
  9
$EXTMAX
 10
-1.000000000000000E+20
 20
-1.000000000000000E+20
 30
-1.000000000000000E+20
  9
$LIMMIN
 10
0.0
 20
0.0
  9
$LIMMAX
 10
12.0
 20
9.0
  9
$ORTHOMODE
 70
     0
  9
$REGENMODE
 70
     1
  9
$FILLMODE
 70
     1
  9
$QTEXTMODE
 70
     0
  9
$MIRRTEXT
 70
     1
  9
$LTSCALE
 40
1.0
  9
$ATTMODE
 70
     1
  9
$TEXTSIZE
 40
0.2
  9
$TRACEWID
 40
0.05
  9
$TEXTSTYLE
  7
Standard
  9
$CLAYER
  8
0
  9
$CELTYPE
  6
ByLayer
  9
$CECOLOR
 62
   256
  9
$CELTSCALE
 40
1.0
  9
$DISPSILH
 70
     0
  9
$DIMSCALE
 40
1.0
  9
$DIMASZ
 40
0.18
  9
$DIMEXO
 40
0.0625
  9
$DIMDLI
 40
0.38
  9
$DIMRND
 40
0.0
  9
$DIMDLE
 40
0.0
  9
$DIMEXE
 40
0.18
  9
$DIMTP
 40
0.0
  9
$DIMTM
 40
0.0
  9
$DIMTXT
 40
0.18
  9
$DIMCEN
 40
0.09
  9
$DIMTSZ
 40
0.0
  9
$DIMTOL
 70
     0
  9
$DIMLIM
 70
     0
  9
$DIMTIH
 70
     1
  9
$DIMTOH
 70
     1
  9
$DIMSE1
 70
     0
  9
$DIMSE2
 70
     0
  9
$DIMTAD
 70
     0
  9
$DIMZIN
 70
     0
  9
$DIMBLK
  1

  9
$DIMASO
 70
     1
  9
$DIMSHO
 70
     1
  9
$DIMPOST
  1

  9
$DIMAPOST
  1

  9
$DIMALT
 70
     0
  9
$DIMALTD
 70
     2
  9
$DIMALTF
 40
25.4
  9
$DIMLFAC
 40
1.0
  9
$DIMTOFL
 70
     0
  9
$DIMTVP
 40
0.0
  9
$DIMTIX
 70
     0
  9
$DIMSOXD
 70
     0
  9
$DIMSAH
 70
     0
  9
$DIMBLK1
  1

  9
$DIMBLK2
  1

  9
$DIMSTYLE
  2
Standard
  9
$DIMCLRD
 70
     0
  9
$DIMCLRE
 70
     0
  9
$DIMCLRT
 70
     0
  9
$DIMTFAC
 40
1.0
  9
$DIMGAP
 40
0.09
  9
$DIMJUST
 70
     0
  9
$DIMSD1
 70
     0
  9
$DIMSD2
 70
     0
  9
$DIMTOLJ
 70
     1
  9
$DIMTZIN
 70
     0
  9
$DIMALTZ
 70
     0
  9
$DIMALTTZ
 70
     0
  9
$DIMUPT
 70
     0
  9
$DIMDEC
 70
     4
  9
$DIMTDEC
 70
     4
  9
$DIMALTU
 70
     2
  9
$DIMALTTD
 70
     2
  9
$DIMTXSTY
  7
Standard
  9
$DIMAUNIT
 70
     0
  9
$DIMADEC
 70
     0
  9
$DIMALTRND
 40
0.0
  9
$DIMAZIN
 70
     0
  9
$DIMDSEP
 70
    46
  9
$DIMATFIT
 70
     3
  9
$DIMFRAC
 70
     0
  9
$DIMLDRBLK
  1

  9
$DIMLUNIT
 70
     2
  9
$DIMLWD
 70
    -2
  9
$DIMLWE
 70
    -2
  9
$DIMTMOVE
 70
     0
  9
$DIMFXL
 40
1.0
  9
$DIMFXLON
 70
     0
  9
$DIMJOGANG
 40
0.7853981633974483
  9
$DIMTFILL
 70
     0
  9
$DIMTFILLCLR
 70
     0
  9
$DIMARCSYM
 70
     0
  9
$DIMLTYPE
  6

  9
$DIMLTEX1
  6

  9
$DIMLTEX2
  6

  9
$LUNITS
 70
     2
  9
$LUPREC
 70
     4
  9
$SKETCHINC
 40
0.1
  9
$FILLETRAD
 40
0.5
  9
$AUNITS
 70
     0
  9
$AUPREC
 70
     0
  9
$MENU
  1
.
  9
$ELEVATION
 40
0.0
  9
$PELEVATION
 40
0.0
  9
$THICKNESS
 40
0.0
  9
$LIMCHECK
 70
     0
  9
$CHAMFERA
 40
0.5
  9
$CHAMFERB
 40
0.5
  9
$CHAMFERC
 40
1.0
  9
$CHAMFERD
 40
0.0
  9
$SKPOLY
 70
     0
  9
$TDCREATE
 40
2457231.56359463
  9
$TDUCREATE
 40
2457231.68859463
  9
$TDUPDATE
 40
2457231.563594641
  9
$TDUUPDATE
 40
2457231.688594641
  9
$TDINDWG
 40
0.0000000116
  9
$TDUSRTIMER
 40
0.0000000116
  9
$USRTIMER
 70
     1
  9
$ANGBASE
 50
0.0
  9
$ANGDIR
 70
     0
  9
$PDMODE
 70
     0
  9
$PDSIZE
 40
0.0
  9
$PLINEWID
 40
0.0
  9
$SPLFRAME
 70
     0
  9
$SPLINETYPE
 70
     6
  9
$SPLINESEGS
 70
     8
  9
$HANDSEED
  5
6E1
  9
$SURFTAB1
 70
     6
  9
$SURFTAB2
 70
     6
  9
$SURFTYPE
 70
     6
  9
$SURFU
 70
     6
  9
$SURFV
 70
     6
  9
$UCSBASE
  2

  9
$UCSNAME
  2

  9
$UCSORG
 10
0.0
 20
0.0
 30
0.0
  9
$UCSXDIR
 10
1.0
 20
0.0
 30
0.0
  9
$UCSYDIR
 10
0.0
 20
1.0
 30
0.0
  9
$UCSORTHOREF
  2

  9
$UCSORTHOVIEW
 70
     0
  9
$UCSORGTOP
 10
0.0
 20
0.0
 30
0.0
  9
$UCSORGBOTTOM
 10
0.0
 20
0.0
 30
0.0
  9
$UCSORGLEFT
 10
0.0
 20
0.0
 30
0.0
  9
$UCSORGRIGHT
 10
0.0
 20
0.0
 30
0.0
  9
$UCSORGFRONT
 10
0.0
 20
0.0
 30
0.0
  9
$UCSORGBACK
 10
0.0
 20
0.0
 30
0.0
  9
$PUCSBASE
  2

  9
$PUCSNAME
  2

  9
$PUCSORG
 10
0.0
 20
0.0
 30
0.0
  9
$PUCSXDIR
 10
1.0
 20
0.0
 30
0.0
  9
$PUCSYDIR
 10
0.0
 20
1.0
 30
0.0
  9
$PUCSORTHOREF
  2

  9
$PUCSORTHOVIEW
 70
     0
  9
$PUCSORGTOP
 10
0.0
 20
0.0
 30
0.0
  9
$PUCSORGBOTTOM
 10
0.0
 20
0.0
 30
0.0
  9
$PUCSORGLEFT
 10
0.0
 20
0.0
 30
0.0
  9
$PUCSORGRIGHT
 10
0.0
 20
0.0
 30
0.0
  9
$PUCSORGFRONT
 10
0.0
 20
0.0
 30
0.0
  9
$PUCSORGBACK
 10
0.0
 20
0.0
 30
0.0
  9
$USERI1
 70
     0
  9
$USERI2
 70
     0
  9
$USERI3
 70
     0
  9
$USERI4
 70
     0
  9
$USERI5
 70
     0
  9
$USERR1
 40
0.0
  9
$USERR2
 40
0.0
  9
$USERR3
 40
0.0
  9
$USERR4
 40
0.0
  9
$USERR5
 40
0.0
  9
$WORLDVIEW
 70
     1
  9
$SHADEDGE
 70
     3
  9
$SHADEDIF
 70
    70
  9
$TILEMODE
 70
     1
  9
$MAXACTVP
 70
    64
  9
$PINSBASE
 10
0.0
 20
0.0
 30
0.0
  9
$PLIMCHECK
 70
     0
  9
$PEXTMIN
 10
1.000000000000000E+20
 20
1.000000000000000E+20
 30
1.000000000000000E+20
  9
$PEXTMAX
 10
-1.000000000000000E+20
 20
-1.000000000000000E+20
 30
-1.000000000000000E+20
  9
$PLIMMIN
 10
0.0
 20
0.0
  9
$PLIMMAX
 10
12.0
 20
9.0
  9
$UNITMODE
 70
     0
  9
$VISRETAIN
 70
     1
  9
$PLINEGEN
 70
     0
  9
$PSLTSCALE
 70
     1
  9
$TREEDEPTH
 70
  3020
  9
$CMLSTYLE
  2
Standard
  9
$CMLJUST
 70
     0
  9
$CMLSCALE
 40
1.0
  9
$PROXYGRAPHICS
 70
     1
  9
$MEASUREMENT
 70
     0
  9
$CELWEIGHT
370
    -1
  9
$ENDCAPS
280
     0
  9
$JOINSTYLE
280
     0
  9
$LWDISPLAY
290
     0
  9
$INSUNITS
 70
     1
  9
$HYPERLINKBASE
  1

  9
$STYLESHEET
  1

  9
$XEDIT
290
     1
  9
$CEPSNTYPE
380
     0
  9
$PSTYLEMODE
290
     1
  9
$FINGERPRINTGUID
  2
{C0C7BB9D-3590-47B6-B1CF-5277A8BCFD81}
  9
$VERSIONGUID
  2
{FAEB1C32-E019-11D5-929B-00C0DF256EC4}
  9
$EXTNAMES
290
     1
  9
$PSVPSCALE
 40
0.0
  9
$OLESTARTUP
290
     0
  9
$SORTENTS
280
   127
  9
$INDEXCTL
280
     0
  9
$HIDETEXT
280
     1
  9
$XCLIPFRAME
290
     0
  9
$HALOGAP
280
     0
  9
$OBSCOLOR
 70
   257
  9
$OBSLTYPE
280
     0
  9
$INTERSECTIONDISPLAY
280
     0
  9
$INTERSECTIONCOLOR
 70
   257
  9
$DIMASSOC
280
     2
  9
$PROJECTNAME
  1

  9
$CAMERADISPLAY
290
     0
  9
$LENSLENGTH
 40
50.0
  9
$CAMERAHEIGHT
 40
0.0
  9
$STEPSPERSEC
 40
2.0
  9
$STEPSIZE
 40
6.0
  9
$3DDWFPREC
 40
2.0
  9
$PSOLWIDTH
 40
0.25
  9
$PSOLHEIGHT
 40
4.0
  9
$LOFTANG1
 40
1.570796326794897
  9
$LOFTANG2
 40
1.570796326794897
  9
$LOFTMAG1
 40
0.0
  9
$LOFTMAG2
 40
0.0
  9
$LOFTPARAM
 70
     7
  9
$LOFTNORMALS
280
     1
  9
$LATITUDE
 40
37.795
  9
$LONGITUDE
 40
-122.394
  9
$NORTHDIRECTION
 40
0.0
  9
$TIMEZONE
 70
 -8000
  9
$LIGHTGLYPHDISPLAY
280
     1
  9
$TILEMODELIGHTSYNCH
280
     1
  9
$SOLIDHIST
280
     1
  9
$SHOWHIST
280
     1
  9
$DWFFRAME
280
     2
  9
$DGNFRAME
280
     2
  9
$REALWORLDSCALE
290
     1
  9
$INTERFERECOLOR
 62
   256
  9
$CSHADOW
280
     0
  9
$SHADOWPLANELOCATION
 40
0.0
  0
ENDSEC
  0
SECTION
  2
CLASSES
  0
CLASS
  1
ACDBDICTIONARYWDFLT
  2
AcDbDictionaryWithDefault
  3
ObjectDBX Classes
 90
        0
 91
        4
280
     0
281
     0
  0
CLASS
  1
VISUALSTYLE
  2
AcDbVisualStyle
  3
ObjectDBX Classes
 90
     4095
 91
        4
280
     0
281
     0
  0
CLASS
  1
MATERIAL
  2
AcDbMaterial
  3
ObjectDBX Classes
 90
     1153
 91
        4
280
     0
281
     0
  0
ENDSEC
  0
SECTION
  2
TABLES
  0
TABLE
  2
VPORT
  5
8
330
0
100
AcDbSymbolTable
 70
     1
  0
VPORT
  5
29
330
8
100
AcDbSymbolTableRecord
100
AcDbViewportTableRecord
  2
*Active
 70
     0
 10
0.0
 20
0.0
 11
1.0
 21
1.0
 12
2637820.94
 22
4030376.4505
 13
0.0
 23
0.0
 14
0.5
 24
0.5
 15
0.5
 25
0.5
 16
0.0
 26
0.0
 36
1.0
 17
0.0
 27
0.0
 37
0.0
 40
275429.4749399999
 41
0.8354193366201128
 42
50.0
 43
0.0
 44
0.0
 50
0.0
 51
0.0
 71
     0
 72
   100
 73
     1
 74
     3
 75
     0
 76
     0
 77
     0
 78
     0
281
     0
 65
     1
110
0.0
120
0.0
130
0.0
111
1.0
121
0.0
131
0.0
112
0.0
122
1.0
132
0.0
 79
     0
146
0.0
 60
     3
 61
     5
292
     1
282
     1
141
0.0
142
0.0
 63
   250
  0
ENDTAB
  0
TABLE
  2
LTYPE
  5
5
330
0
100
AcDbSymbolTable
 70
     1
  0
LTYPE
  5
14
330
5
100
AcDbSymbolTableRecord
100
AcDbLinetypeTableRecord
  2
ByBlock
 70
     0
  3

 72
    65
 73
     0
 40
0.0
  0
LTYPE
  5
15
330
5
100
AcDbSymbolTableRecord
100
AcDbLinetypeTableRecord
  2
ByLayer
 70
     0
  3

 72
    65
 73
     0
 40
0.0
  0
LTYPE
  5
16
330
5
100
AcDbSymbolTableRecord
100
AcDbLinetypeTableRecord
  2
Continuous
 70
     0
  3
Solid line
 72
    65
 73
     0
 40
0.0
  0
ENDTAB
  0
TABLE
  2
LAYER
  5
2
330
0
100
AcDbSymbolTable
 70
     2
  0
LAYER
  5
10
330
2
100
AcDbSymbolTableRecord
100
AcDbLayerTableRecord
  2
0
 70
     0
 62
     7
  6
Continuous
370
    -3
390
F
347
3E
  0
LAYER
  5
61
330
2
100
AcDbSymbolTableRecord
100
AcDbLayerTableRecord
  2
TDF.DBO
 70
     0
 62
     7
  6
Continuous
370
    -3
390
F
347
3E
  0
ENDTAB
  0
TABLE
  2
STYLE
  5
3
330
0
100
AcDbSymbolTable
 70
     1
  0
STYLE
  5
11
330
3
100
AcDbSymbolTableRecord
100
AcDbTextStyleTableRecord
  2
Standard
 70
     0
 40
0.0
 41
1.0
 50
0.0
 71
     0
 42
0.2
  3
txt
  4

  0
ENDTAB
  0
TABLE
  2
VIEW
  5
6
330
0
100
AcDbSymbolTable
 70
     0
  0
ENDTAB
  0
TABLE
  2
UCS
  5
7
330
0
100
AcDbSymbolTable
 70
     0
  0
ENDTAB
  0
TABLE
  2
APPID
  5
9
330
0
100
AcDbSymbolTable
 70
     1
  0
APPID
  5
12
330
9
100
AcDbSymbolTableRecord
100
AcDbRegAppTableRecord
  2
ACAD
 70
     0
  0
ENDTAB
  0
TABLE
  2
DIMSTYLE
  5
A
330
0
100
AcDbSymbolTable
 70
     1
100
AcDbDimStyleTable
  0
DIMSTYLE
105
27
330
A
100
AcDbSymbolTableRecord
100
AcDbDimStyleTableRecord
  2
Standard
 70
     0
340
11
  0
ENDTAB
  0
TABLE
  2
BLOCK_RECORD
  5
1
330
0
100
AcDbSymbolTable
 70
     1
  0
BLOCK_RECORD
  5
1F
330
1
100
AcDbSymbolTableRecord
100
AcDbBlockTableRecord
  2
*Model_Space
340
22
 70
     0
280
     1
281
     0
  0
BLOCK_RECORD
  5
1B
330
1
100
AcDbSymbolTableRecord
100
AcDbBlockTableRecord
  2
*Paper_Space
340
1E
 70
     0
280
     1
281
     0
  0
BLOCK_RECORD
  5
23
330
1
100
AcDbSymbolTableRecord
100
AcDbBlockTableRecord
  2
*Paper_Space0
340
26
 70
     0
280
     1
281
     0
  0
ENDTAB
  0
ENDSEC
  0
SECTION
  2
BLOCKS
  0
BLOCK
  5
20
330
1F
100
AcDbEntity
  8
0
100
AcDbBlockBegin
  2
*Model_Space
 70
     0
 10
0.0
 20
0.0
 30
0.0
  3
*Model_Space
  1

  0
ENDBLK
  5
21
330
1F
100
AcDbEntity
  8
0
100
AcDbBlockEnd
  0
BLOCK
  5
1C
330
1B
100
AcDbEntity
 67
     1
  8
0
100
AcDbBlockBegin
  2
*Paper_Space
 70
     0
 10
0.0
 20
0.0
 30
0.0
  3
*Paper_Space
  1

  0
ENDBLK
  5
1D
330
1B
100
AcDbEntity
 67
     1
  8
0
100
AcDbBlockEnd
  0
BLOCK
  5
24
330
23
100
AcDbEntity
  8
0
100
AcDbBlockBegin
  2
*Paper_Space0
 70
     0
 10
0.0
 20
0.0
 30
0.0
  3
*Paper_Space0
  1

  0
ENDBLK
  5
25
330
23
100
AcDbEntity
  8
0
100
AcDbBlockEnd
  0
ENDSEC
  0
SECTION
  2
ENTITIES
  0
LWPOLYLINE
  5
6D
102
{ACAD_XDICTIONARY
360
6E
102
}
330
1F
100
AcDbEntity
  8
TDF.DBO
100
AcDbPolyline
 90
      102
 70
     1
 43
0.0
 10
2535049.78
 20
3920002.232
 10
2535067.061
 20
3919991.861
 10
2535077.94
 20
3919973.396
 10
2535098.091
 20
3919968.833
 10
2535118.674
 20
3919969.683
 10
2535138.834
 20
3919967.15
 10
2535156.658
 20
3919957.182
 10
2535174.618
 20
3919947.349
 10
2535193.393
 20
3919938.189
 10
2535211.765
 20
3919929.572
 10
2535231.29
 20
3919935.708
 10
2535244.758
 20
3919920.751
 10
2535256.18
 20
3919902.69
 10
2535275.377
 20
3919896.777
 10
2535292.93
 20
3919886.811
 10
2535305.582
 20
3919871.046
 10
2535292.242
 20
3919855.946
 10
2535271.916
 20
3919852.116
 10
2535253.465
 20
3919844.08
 10
2535233.816
 20
3919840.247
 10
2535214.204
 20
3919844.267
 10
2535198.03
 20
3919831.211
 10
2535178.507
 20
3919825.482
 10
2535158.19
 20
3919823.547
 10
2535138.172
 20
3919827.704
 10
2535117.742
 20
3919830.509
 10
2535097.562
 20
3919828.844
 10
2535077.642
 20
3919825.148
 10
2535058.657
 20
3919818.74
 10
2535042.889
 20
3919805.276
 10
2535028.065
 20
3919791.266
 10
2535018.497
 20
3919772.086
 10
2535035.363
 20
3919760.092
 10
2535055.546
 20
3919762.298
 10
2535075.339
 20
3919767.755
 10
2535095.385
 20
3919769.555
 10
2535115.964
 20
3919769.593
 10
2535136.288
 20
3919773.016
 10
2535144.053
 20
3919754.567
 10
2535148.428
 20
3919734.915
 10
2535166.938
 20
3919726.839
 10
2535185.923
 20
3919733.518
 10
2535190.84
 20
3919713.864
 10
2535191.148
 20
3919693.283
 10
2535176.596
 20
3919679.543
 10
2535158.409
 20
3919669.881
 10
2535140.628
 20
3919660.353
 10
2535122.573
 20
3919650.285
 10
2535103.054
 20
3919645.368
 10
2535085.006
 20
3919636.654
 10
2535073.285
 20
3919620.327
 10
2535055.504
 20
3919610.664
 10
2535037.991
 20
3919600.593
 10
2535020.032
 20
3919610.561
 10
2535000.696
 20
3919615.798
 10
2534983.179
 20
3919604.915
 10
2534971.458
 20
3919588.453
 10
2534953.407
 20
3919579.197
 10
2534933.483
 20
3919574.553
 10
2534914.627
 20
3919566.654
 10
2534897.116
 20
3919556.99
 10
2534878.394
 20
3919548.82
 10
2534857.937
 20
3919545.938
 10
2534838.411
 20
3919539.668
 10
2534817.956
 20
3919537.193
 10
2534798.905
 20
3919545.406
 10
2534779.293
 20
3919549.426
 10
2534760.238
 20
3919556.692
 10
2534744.866
 20
3919569.762
 10
2534732.486
 20
3919585.796
 10
2534734.071
 20
3919605.961
 10
2534732.272
 20
3919626.278
 10
2534729.252
 20
3919646.059
 10
2534719.316
 20
3919663.436
 10
2534726.717
 20
3919682.355
 10
2534746.749
 20
3919681.312
 10
2534759.146
 20
3919697.5
 10
2534762.356
 20
3919717.657
 10
2534773.674
 20
3919734.663
 10
2534769.571
 20
3919754.584
 10
2534770.344
 20
3919774.753
 10
2534775.039
 20
3919794.227
 10
2534790.403
 20
3919807.828
 10
2534799.966
 20
3919826.06
 10
2534805.476
 20
3919845.8
 10
2534823.131
 20
3919857.495
 10
2534843.189
 20
3919861.732
 10
2534863.491
 20
3919860.418
 10
2534883.92
 20
3919857.477
 10
2534899.014
 20
3919871.351
 10
2534913.703
 20
3919885.497
 10
2534924.075
 20
3919902.777
 10
2534925.119
 20
3919923.08
 10
2534908.657
 20
3919934.666
 10
2534908.075
 20
3919954.707
 10
2534919.473
 20
3919960.068
 10
2534939.796
 20
3919963.356
 10
2534960.111
 20
3919964.749
 10
2534978.562
 20
3919972.785
 10
2534993.79
 20
3919986.387
 10
2535009.554
 20
3919998.767
 10
2535029.473
 20
3920002.464
  0
LWPOLYLINE
  5
7C
102
{ACAD_XDICTIONARY
360
7D
102
}
330
1F
100
AcDbEntity
  8
TDF.DBO
100
AcDbPolyline
 90
        5
 70
     1
 43
0.0
 10
2532892.55
 20
3920205.344
 10
2532892.94
 20
3920211.964
 10
2532904.34
 20
3920219.114
 10
2532911.78
 20
3920210.004
 10
2532902.69
 20
3920202.544
  0
LWPOLYLINE
  5
8B
102
{ACAD_XDICTIONARY
360
8C
102
}
330
1F
100
AcDbEntity
  8
TDF.DBO
100
AcDbPolyline
 90
        6
 70
     1
 43
0.0
 10
2533312.751
 20
3920009.153
 10
2533324.561
 20
3920003.113
 10
2533325.571
 20
3919991.583
 10
2533315.231
 20
3919985.443
 10
2533306.451
 20
3919992.033
 10
2533305.411
 20
3920002.283
  0
LWPOLYLINE
  5
9A
102
{ACAD_XDICTIONARY
360
9B
102
}
330
1F
100
AcDbEntity
  8
TDF.DBO
100
AcDbPolyline
 90
        5
 70
     1
 43
0.0
 10
2533355.581
 20
3919965.333
 10
2533350.721
 20
3919975.663
 10
2533355.7
 20
3919982.324
 10
2533367.371
 20
3919979.113
 10
2533365.871
 20
3919968.923
  0
LWPOLYLINE
  5
A9
102
{ACAD_XDICTIONARY
360
AA
102
}
330
1F
100
AcDbEntity
  8
TDF.DBO
100
AcDbPolyline
 90
        5
 70
     1
 43
0.0
 10
2533839.441
 20
3919931.013
 10
2533837.931
 20
3919920.823
 10
2533827.771
 20
3919922.343
 10
2533824.011
 20
3919939.543
 10
2533835.851
 20
3919941.313
  0
LWPOLYLINE
  5
B8
102
{ACAD_XDICTIONARY
360
B9
102
}
330
1F
100
AcDbEntity
  8
TDF.DBO
100
AcDbPolyline
 90
        7
 70
     1
 43
0.0
 10
2533750.991
 20
3919925.243
 10
2533751.521
 20
3919934.343
 10
2533760.581
 20
3919940.523
 10
2533770.691
 20
3919936.453
 10
2533775.561
 20
3919926.123
 10
2533772.781
 20
3919915.963
 10
2533762.551
 20
3919914.923
  0
LWPOLYLINE
  5
C7
102
{ACAD_XDICTIONARY
360
C8
102
}
330
1F
100
AcDbEntity
  8
TDF.DBO
100
AcDbPolyline
 90
       10
 70
     1
 43
0.0
 10
2533868.788
 20
3919852.581
 10
2533844.247
 20
3919846.706
 10
2533818.876
 20
3919846.217
 10
2533815.066
 20
3919870.296
 10
2533835.898
 20
3919885.186
 10
2533860.61
 20
3919889.318
 10
2533884.925
 20
3919881.711
 10
2533909.466
 20
3919887.587
 10
2533918.506
 20
3919864.177
 10
2533893.313
 20
3919860.835
  0
LWPOLYLINE
  5
D6
102
{ACAD_XDICTIONARY
360
D7
102
}
330
1F
100
AcDbEntity
  8
TDF.DBO
100
AcDbPolyline
 90
        4
 70
     1
 43
0.0
 10
2533470.183
 20
3919348.432
 10
2533445.117
 20
3919349.689
 10
2533461.482
 20
3919368.672
 10
2533482.879
 20
3919370.402
  0
LWPOLYLINE
  5
E5
102
{ACAD_XDICTIONARY
360
E6
102
}
330
1F
100
AcDbEntity
  8
TDF.DBO
100
AcDbPolyline
 90
        5
 70
     1
 43
0.0
 10
2533499.531
 20
3919339.783
 10
2533498.481
 20
3919350.033
 10
2533511.023
 20
3919352.857
 10
2533513.721
 20
3919347.123
 10
2533509.671
 20
3919336.993
  0
LWPOLYLINE
  5
F4
102
{ACAD_XDICTIONARY
360
F5
102
}
330
1F
100
AcDbEntity
  8
TDF.DBO
100
AcDbPolyline
 90
        8
 70
     1
 43
0.0
 10
2533499.263
 20
3919410.001
 10
2533498.674
 20
3919403.337
 10
2533477.204
 20
3919388.919
 10
2533450.066
 20
3919391.748
 10
2533427.16
 20
3919402.06
 10
2533429.524
 20
3919427.608
 10
2533454.226
 20
3919433.167
 10
2533478.551
 20
3919424.134
  0
LWPOLYLINE
  5
103
102
{ACAD_XDICTIONARY
360
104
102
}
330
1F
100
AcDbEntity
  8
TDF.DBO
100
AcDbPolyline
 90
        6
 70
     1
 43
0.0
 10
2533443.591
 20
3919459.913
 10
2533449.761
 20
3919450.823
 10
2533441.941
 20
3919443.343
 10
2533431.821
 20
3919447.413
 10
2533419.691
 20
3919448.873
 10
2533433.361
 20
3919458.873
  0
LWPOLYLINE
  5
112
102
{ACAD_XDICTIONARY
360
113
102
}
330
1F
100
AcDbEntity
  8
TDF.DBO
100
AcDbPolyline
 90
      152
 70
     1
 43
0.0
 10
2533257.484
 20
3919494.002
 10
2533232.272
 20
3919493.514
 10
2533206.772
 20
3919488.742
 10
2533187.382
 20
3919471.484
 10
2533163.985
 20
3919460.7
 10
2533139.299
 20
3919452.762
 10
2533114.288
 20
3919445.932
 10
2533088.888
 20
3919449.884
 10
2533063.677
 20
3919449.237
 10
2533057.062
 20
3919442.532
 10
2533033.654
 20
3919433.175
 10
2533015.927
 20
3919451.452
 10
2532991.31
 20
3919456.835
 10
2532970.595
 20
3919471.444
 10
2532962.189
 20
3919495.016
 10
2532960.745
 20
3919520.856
 10
2532953.921
 20
3919544.915
 10
2532944.561
 20
3919568.957
 10
2532939.478
 20
3919593.504
 10
2532931.067
 20
3919617.869
 10
2532922.342
 20
3919641.757
 10
2532925.662
 20
3919666.677
 10
2532929.774
 20
3919691.762
 10
2532927.697
 20
3919717.439
 10
2532917.543
 20
3919741.475
 10
2532908.329
 20
3919767.262
 10
2532907.05
 20
3919792.311
 10
2532901.156
 20
3919819.548
 10
2532883.111
 20
3919837.98
 10
2532879.292
 20
3919863.328
 10
2532882.451
 20
3919888.723
 10
2532898.33
 20
3919909.13
 10
2532903.396
 20
3919933.904
 10
2532893.565
 20
3919956.991
 10
2532881.363
 20
3919979.11
 10
2532906.714
 20
3919982.454
 10
2532905.911
 20
3920007.505
 10
2532879.729
 20
3920009.707
 10
2532854.038
 20
3920009.691
 10
2532829.569
 20
3920016.504
 10
2532818.159
 20
3920038.787
 10
2532822.11
 20
3920064.188
 10
2532835.282
 20
3920086.32
 10
2532857.402
 20
3920098.364
 10
2532877.44
 20
3920113.566
 10
2532887.752
 20
3920136.472
 10
2532912.134
 20
3920142.346
 10
2532937.348
 20
3920142.517
 10
2532963.039
 20
3920142.532
 10
2532988.714
 20
3920144.926
 10
2533009.383
 20
3920160.607
 10
2533013.653
 20
3920185.851
 10
2532994.35
 20
3920202.69
 10
2532980.248
 20
3920224.321
 10
2533002.532
 20
3920212.102
 10
2533018.896
 20
3920231.243
 10
2533044.123
 20
3920229.51
 10
2533068.906
 20
3920223.018
 10
2533092.294
 20
3920211.916
 10
2533106.391
 20
3920190.92
 10
2533131.45
 20
3920190.613
 10
2533155.825
 20
3920197.598
 10
2533181.498
 20
3920200.309
 10
2533207.357
 20
3920198.898
 10
2533232.124
 20
3920194.942
 10
2533257.224
 20
3920188.452
 10
2533281.848
 20
3920182.116
 10
2533306.634
 20
3920175.306
 10
2533331.886
 20
3920169.768
 10
2533355.886
 20
3920162.001
 10
2533380.682
 20
3920153.605
 10
2533405.904
 20
3920152.666
 10
2533430.994
 20
3920147.761
 10
2533430.847
 20
3920122.544
 10
2533435.14
 20
3920097.517
 10
2533427.849
 20
3920073.521
 10
2533412.443
 20
3920053.435
 10
2533431.586
 20
3920036.754
 10
2533452.455
 20
3920022.94
 10
2533457.378
 20
3919998.392
 10
2533432.014
 20
3919996.952
 10
2533411.144
 20
3920011.083
 10
2533399.417
 20
3920033.206
 10
2533381.694
 20
3920051.006
 10
2533356.14
 20
3920054.164
 10
2533330.609
 20
3920053.832
 10
2533304.946
 20
3920049.694
 10
2533280.576
 20
3920042.075
 10
2533256.852
 20
3920032.558
 10
2533249.404
 20
3920008.244
 10
2533259.868
 20
3919985.32
 10
2533276.809
 20
3919965.928
 10
2533288.066
 20
3919942.851
 10
2533283.475
 20
3919918.239
 10
2533270.461
 20
3919896.266
 10
2533295.38
 20
3919893.263
 10
2533320.406
 20
3919897.714
 10
2533346.414
 20
3919897.89
 10
2533372.419
 20
3919898.225
 10
2533396.473
 20
3919905.841
 10
2533420.365
 20
3919913.932
 10
2533444.261
 20
3919921.389
 10
2533471.224
 20
3919920.937
 10
2533496.744
 20
3919922.695
 10
2533521.826
 20
3919919.059
 10
2533544.431
 20
3919906.367
 10
2533561.211
 20
3919887.45
 10
2533575.15
 20
3919866.452
 10
2533597.749
 20
3919854.711
 10
2533620.498
 20
3919844.081
 10
2533645.88
 20
3919842.984
 10
2533670.243
 20
3919851.713
 10
2533696.076
 20
3919854.108
 10
2533720.082
 20
3919845.389
 10
2533729.44
 20
3919821.823
 10
2533734.266
 20
3919817.104
 10
2533734.267
 20
3919817.104
 10
2533747.32
 20
3919804.341
 10
2533725.84
 20
3919791.35
 10
2533706.284
 20
3919775.201
 10
2533706.456
 20
3919749.828
 10
2533726.385
 20
3919734.263
 10
2533748.364
 20
3919720.297
 10
2533748.984
 20
3919700.68
 10
2533749.171
 20
3919694.77
 10
2533739.18
 20
3919671.39
 10
2533733.957
 20
3919646.457
 10
2533732.546
 20
3919620.598
 10
2533749.014
 20
3919600.886
 10
2533759.161
 20
3919577.801
 10
2533740.883
 20
3919560.391
 10
2533719.726
 20
3919546.61
 10
2533696.809
 20
3919535.036
 10
2533672.592
 20
3919528.053
 10
2533647.086
 20
3919524.233
 10
2533621.878
 20
3919523.111
 10
2533599.286
 20
3919533.9
 10
2533584.398
 20
3919554.416
 10
2533558.857
 20
3919555.67
 10
2533536.422
 20
3919543.307
 10
2533511.884
 20
3919536.956
 10
2533487.353
 20
3919529.495
 10
2533470.351
 20
3919510.984
 10
2533457.021
 20
3919488.85
 10
2533435.87
 20
3919474.117
 10
2533410.057
 20
3919468.709
 10
2533384.673
 20
3919470.282
 10
2533367.731
 20
3919489.673
 10
2533355.845
 20
3919511.954
 10
2533330.766
 20
3919515.273
 10
2533304.791
 20
3919510.339
 10
2533282.515
 20
3919497.819
  0
LWPOLYLINE
  5
121
102
{ACAD_XDICTIONARY
360
122
102
}
330
1F
100
AcDbEntity
  8
TDF.DBO
100
AcDbPolyline
 90
       27
 70
     1
 43
0.0
 10
2604503.76
 20
3917946.432
 10
2604519.494
 20
3917961.188
 10
2604538.803
 20
3917966.815
 10
2604559.649
 20
3917965.339
 10
2604578.952
 20
3917974.519
 10
2604599.793
 20
3917976.089
 10
2604618.616
 20
3917969.024
 10
2604638.455
 20
3917962.47
 10
2604656.774
 20
3917953.881
 10
2604675.6
 20
3917944.786
 10
2604790.577
 20
3917901.387
 10
2604793.664
 20
3917881.596
 10
2604775.382
 20
3917870.896
 10
2604755.052
 20
3917867.297
 10
2604734.717
 20
3917867.251
 10
2604714.877
 20
3917873.297
 10
2604698.078
 20
3917885.443
 10
2604676.197
 20
3917896.562
 10
2604655.362
 20
3917891.948
 10
2604634.521
 20
3917890.377
 10
2604613.672
 20
3917892.87
 10
2604592.818
 20
3917898.406
 10
2604571.962
 20
3917903.944
 10
2604551.105
 20
3917912.019
 10
2604530.754
 20
3917920.096
 10
2604511.416
 20
3917930.204
 10
2604501.214
 20
3917948.964
  0
LWPOLYLINE
  5
130
102
{ACAD_XDICTIONARY
360
131
102
}
330
1F
100
AcDbEntity
  8
TDF.DBO
100
AcDbPolyline
 90
      117
 70
     1
 43
0.0
 10
2605966.786
 20
3917740.056
 10
2605987.143
 20
3917727.918
 10
2606005.465
 20
3917717.299
 10
2606023.787
 20
3917706.679
 10
2606041.092
 20
3917696.058
 10
2606059.922
 20
3917684.933
 10
2606078.246
 20
3917673.805
 10
2606094.536
 20
3917661.151
 10
2606113.883
 20
3917646.474
 10
2606132.212
 20
3917632.301
 10
2606149.52
 20
3917619.648
 10
2606166.319
 20
3917607.503
 10
2606182.613
 20
3917593.326
 10
2606198.907
 20
3917579.149
 10
2606218.254
 20
3917564.47
 10
2606232.008
 20
3917549.273
 10
2606231.032
 20
3917526.935
 10
2606237.682
 20
3917504.613
 10
2606253.469
 20
3917490.435
 10
2606271.787
 20
3917480.832
 10
2606290.108
 20
3917471.229
 10
2606305.384
 20
3917458.064
 10
2606321.179
 20
3917438.809
 10
2606336.463
 20
3917421.584
 10
2606347.678
 20
3917404.857
 10
2606334.489
 20
3917388.075
 10
2606316.716
 20
3917377.375
 10
2606296.393
 20
3917370.223
 10
2606276.577
 20
3917364.596
 10
2606255.237
 20
3917357.44
 10
2606236.442
 20
3917349.276
 10
2606216.107
 20
3917348.723
 10
2606195.766
 20
3917351.216
 10
2606175.422
 20
3917355.739
 10
2606154.574
 20
3917358.23
 10
2606133.22
 20
3917358.69
 10
2606112.885
 20
3917358.645
 10
2606092.041
 20
3917358.091
 10
2606071.716
 20
3917352.968
 10
2606050.367
 20
3917350.383
 10
2606030.548
 20
3917346.277
 10
2606010.218
 20
3917342.679
 10
2605989.889
 20
3917339.587
 10
2605967.522
 20
3917338.521
 10
2605946.675
 20
3917339.49
 10
2605924.304
 20
3917340.963
 10
2605903.964
 20
3917342.948
 10
2605882.097
 20
3917345.945
 10
2605861.752
 20
3917350.976
 10
2605841.408
 20
3917356.007
 10
2605821.569
 20
3917362.054
 10
2605802.742
 20
3917371.148
 10
2605783.916
 20
3917379.229
 10
2605764.583
 20
3917387.308
 10
2605744.748
 20
3917391.832
 10
2605723.903
 20
3917391.786
 10
2605708.623
 20
3917407.487
 10
2605693.853
 20
3917421.669
 10
2605676.547
 20
3917433.305
 10
2605656.204
 20
3917437.321
 10
2605639.859
 20
3917444.808
 10
2605636.868
 20
3917446.414
 10
2605618.033
 20
3917460.078
 10
2605603.259
 20
3917476.289
 10
2605597.63
 20
3917496.583
 10
2605590.478
 20
3917515.348
 10
2605581.796
 20
3917536.649
 10
2605573.629
 20
3917554.906
 10
2605560.374
 20
3917574.674
 10
2605550.681
 20
3917593.434
 10
2605538.957
 20
3917609.652
 10
2605522.661
 20
3917624.845
 10
2605503.835
 20
3917633.432
 10
2605485.01
 20
3917641.511
 10
2605468.212
 20
3917653.15
 10
2605447.862
 20
3917660.719
 10
2605427.002
 20
3917669.302
 10
2605407.672
 20
3917675.35
 10
2605387.831
 20
3917682.92
 10
2605368.484
 20
3917698.106
 10
2605369.462
 20
3917719.428
 10
2605378.065
 20
3917740.768
 10
2605385.148
 20
3917760.074
 10
2605394.774
 20
3917777.863
 10
2605399.313
 20
3917797.67
 10
2605404.87
 20
3917816.972
 10
2605411.444
 20
3917836.277
 10
2605414.967
 20
3917856.084
 10
2605431.765
 20
3917843.937
 10
2605435.872
 20
3917823.134
 10
2605449.565
 20
3917840.932
 10
2605468.36
 20
3917849.603
 10
2605484.658
 20
3917833.396
 10
2605504.497
 20
3917826.841
 10
2605526.869
 20
3917825.368
 10
2605546.172
 20
3917834.549
 10
2605565.985
 20
3917842.207
 10
2605585.8
 20
3917848.851
 10
2605606.118
 20
3917858.542
 10
2605624.404
 20
3917867.212
 10
2605643.195
 20
3917877.914
 10
2605664.028
 20
3917884.052
 10
2605685.374
 20
3917887.653
 10
2605706.221
 20
3917886.178
 10
2605728.085
 20
3917884.196
 10
2605748.939
 20
3917879.166
 10
2605769.283
 20
3917874.135
 10
2605786.588
 20
3917863.513
 10
2605803.904
 20
3917846.801
 10
2605819.18
 20
3917833.636
 10
2605837.505
 20
3917821.495
 10
2605855.825
 20
3917811.383
 10
2605874.654
 20
3917801.272
 10
2605892.468
 20
3917790.652
 10
2605912.319
 20
3917777.498
 10
2605929.12
 20
3917764.845
 10
2605947.445
 20
3917752.195
  0
LWPOLYLINE
  5
13F
102
{ACAD_XDICTIONARY
360
140
102
}
330
1F
100
AcDbEntity
  8
TDF.DBO
100
AcDbPolyline
 90
       27
 70
     1
 43
0.0
 10
2605403.735
 20
3916494.086
 10
2605423.04
 20
3916501.743
 10
2605444.382
 20
3916506.868
 10
2605463.21
 20
3916497.772
 10
2605484.562
 20
3916498.327
 10
2605498.823
 20
3916483.638
 10
2605506.486
 20
3916463.349
 10
2605523.792
 20
3916452.221
 10
2605542.615
 20
3916445.156
 10
2605558.739
 20
3916437.151
 10
2605548.742
 20
3916430.956
 10
2605528.415
 20
3916426.85
 10
2605506.556
 20
3916425.277
 10
2605487.766
 20
3916414.067
 10
2605469.991
 20
3916403.876
 10
2605450.173
 20
3916399.262
 10
2605429.335
 20
3916395.662
 10
2605408.494
 20
3916394.093
 10
2605388.654
 20
3916401.155
 10
2605367.821
 20
3916395.017
 10
2605352.038
 20
3916407.673
 10
2605337.775
 20
3916422.362
 10
2605328.59
 20
3916440.616
 10
2605334.146
 20
3916460.934
 10
2605346.825
 20
3916478.222
 10
2605363.578
 20
3916490.442
 10
2605383.398
 20
3916495.056
  0
LWPOLYLINE
  5
14E
102
{ACAD_XDICTIONARY
360
14F
102
}
330
1F
100
AcDbEntity
  8
TDF.DBO
100
AcDbPolyline
 90
      137
 70
     1
 43
0.0
 10
2606378.024
 20
3915270.847
 10
2606389.745
 20
3915254.629
 10
2606405.025
 20
3915239.434
 10
2606420.811
 20
3915226.271
 10
2606439.128
 20
3915217.175
 10
2606454.916
 20
3915202.997
 10
2606471.72
 20
3915188.313
 10
2606490.546
 20
3915179.217
 10
2606510.896
 20
3915171.648
 10
2606532.268
 20
3915160.53
 10
2606548.558
 20
3915148.89
 10
2606565.365
 20
3915133.191
 10
2606583.693
 20
3915119.017
 10
2606598.462
 20
3915104.33
 10
2606613.741
 20
3915089.643
 10
2606628.002
 20
3915075.462
 10
2606645.32
 20
3915058.241
 10
2606658.058
 20
3915042.533
 10
2606669.274
 20
3915025.298
 10
2606679.477
 20
3915006.539
 10
2606689.677
 20
3914988.287
 10
2606702.421
 20
3914970.041
 10
2606714.659
 20
3914949.763
 10
2606724.357
 20
3914928.972
 10
2606734.566
 20
3914906.659
 10
2606744.26
 20
3914887.898
 10
2606751.416
 20
3914866.593
 10
2606757.555
 20
3914846.302
 10
2606764.209
 20
3914820.936
 10
2606768.821
 20
3914801.148
 10
2606771.909
 20
3914780.851
 10
2606773.472
 20
3914760.041
 10
2606771.984
 20
3914739.732
 10
2606764.393
 20
3914720.933
 10
2606754.768
 20
3914702.129
 10
2606743.614
 20
3914684.845
 10
2606728.393
 20
3914668.566
 10
2606711.64
 20
3914655.331
 10
2606692.85
 20
3914644.121
 10
2606674.566
 20
3914633.926
 10
2606655.266
 20
3914623.731
 10
2606636.474
 20
3914613.536
 10
2606617.677
 20
3914605.881
 10
2606597.356
 20
3914598.22
 10
2606577.54
 20
3914592.591
 10
2606557.725
 20
3914585.948
 10
2606536.891
 20
3914579.81
 10
2606516.567
 20
3914573.165
 10
2606497.773
 20
3914564.493
 10
2606479.486
 20
3914556.331
 10
2606459.148
 20
3914557.301
 10
2606441.331
 20
3914569.951
 10
2606427.065
 20
3914586.671
 10
2606411.28
 20
3914600.849
 10
2606392.95
 20
3914615.53
 10
2606377.669
 20
3914631.74
 10
2606365.435
 20
3914649.479
 10
2606352.188
 20
3914665.186
 10
2606338.434
 20
3914680.385
 10
2606324.679
 20
3914695.583
 10
2606303.825
 20
3914701.119
 10
2606285.501
 20
3914713.262
 10
2606285.5
 20
3914713.262
 10
2606285.468
 20
3914731.028
 10
2606274.759
 20
3914749.28
 10
2606268.622
 20
3914768.556
 10
2606266.041
 20
3914790.378
 10
2606259.903
 20
3914810.67
 10
2606257.831
 20
3914830.97
 10
2606266.949
 20
3914849.773
 10
2606278.61
 20
3914867.058
 10
2606288.236
 20
3914884.847
 10
2606292.775
 20
3914905.163
 10
2606294.77
 20
3914925.98
 10
2606291.174
 20
3914946.277
 10
2606285.036
 20
3914966.568
 10
2606278.899
 20
3914986.86
 10
2606267.175
 20
3915003.585
 10
2606249.359
 20
3915015.729
 10
2606230.534
 20
3915023.301
 10
2606209.679
 20
3915029.346
 10
2606190.344
 20
3915038.44
 10
2606172.023
 20
3915048.551
 10
2606152.175
 20
3915059.675
 10
2606131.819
 20
3915070.797
 10
2606109.939
 20
3915081.409
 10
2606091.113
 20
3915089.488
 10
2606071.781
 20
3915096.552
 10
2606053.971
 20
3915106.156
 10
2606034.125
 20
3915115.757
 10
2606011.739
 20
3915125.352
 10
2605990.878
 20
3915134.443
 10
2605970.015
 20
3915144.549
 10
2605950.179
 20
3915149.582
 10
2605935.916
 20
3915164.27
 10
2605925.713
 20
3915184.045
 10
2605922.626
 20
3915203.835
 10
2605918.515
 20
3915227.177
 10
2605912.378
 20
3915247.976
 10
2605906.236
 20
3915270.298
 10
2605900.605
 20
3915291.099
 10
2605893.45
 20
3915311.389
 10
2605886.798
 20
3915335.232
 10
2605883.2
 20
3915356.544
 10
2605880.62
 20
3915377.859
 10
2605879.055
 20
3915399.176
 10
2605887.662
 20
3915417.977
 10
2605898.307
 20
3915435.26
 10
2605919.135
 20
3915444.445
 10
2605943.535
 20
3915446.022
 10
2605963.861
 20
3915451.143
 10
2605985.21
 20
3915452.714
 10
2606004.52
 20
3915458.342
 10
2606026.366
 20
3915466.005
 10
2606037.519
 20
3915483.797
 10
2606045.108
 20
3915503.612
 10
2606061.348
 20
3915518.877
 10
2606074.538
 20
3915534.643
 10
2606091.293
 20
3915546.864
 10
2606111.635
 20
3915542.848
 10
2606129.958
 20
3915531.722
 10
2606142.191
 20
3915514.489
 10
2606154.93
 20
3915498.274
 10
2606169.195
 20
3915482.061
 10
2606186.501
 20
3915470.932
 10
2606207.357
 20
3915463.872
 10
2606227.2
 20
3915455.795
 10
2606241.972
 20
3915440.598
 10
2606256.237
 20
3915423.879
 10
2606272.029
 20
3915406.654
 10
2606286.799
 20
3915391.966
 10
2606301.579
 20
3915372.202
 10
2606312.795
 20
3915354.967
 10
2606324.518
 20
3915338.749
 10
2606336.24
 20
3915322.533
 10
2606349.489
 20
3915306.317
 10
2606365.279
 20
3915289.094
  0
LWPOLYLINE
  5
15D
102
{ACAD_XDICTIONARY
360
15E
102
}
330
1F
100
AcDbEntity
  8
TDF.DBO
100
AcDbPolyline
 90
       20
 70
     1
 43
0.0
 10
2603318.45
 20
3916144.08
 10
2603308.106
 20
3916141.954
 10
2603297.718
 20
3916142.806
 10
2603288.946
 20
3916147.936
 10
2603280.893
 20
3916154.534
 10
2603274.805
 20
3916163.506
 10
2603275.786
 20
3916173.756
 10
2603283.173
 20
3916181.109
 10
2603290.429
 20
3916186.542
 10
2603298.628
 20
3916191.332
 10
2603308.184
 20
3916194.292
 10
2603318.617
 20
3916194.928
 10
2603328.751
 20
3916194.624
 10
2603338.751
 20
3916194.326
 10
2603348.817
 20
3916191.726
 10
2603351.213
 20
3916181.374
 10
2603349.157
 20
3916171.428
 10
2603342.023
 20
3916163.527
 10
2603334.64
 20
3916156.309
 10
2603326.87
 20
3916149.779
  0
LWPOLYLINE
  5
16C
102
{ACAD_XDICTIONARY
360
16D
102
}
330
1F
100
AcDbEntity
  8
TDF.DBO
100
AcDbPolyline
 90
       16
 70
     1
 43
0.0
 10
2603230.216
 20
3916196.622
 10
2603230.79
 20
3916184.162
 10
2603225.631
 20
3916174.444
 10
2603216.669
 20
3916168.76
 10
2603204.202
 20
3916167.915
 10
2603194.067
 20
3916168.219
 10
2603184.574
 20
3916171.884
 10
2603175.94
 20
3916177.147
 10
2603165.818
 20
3916177.854
 10
2603165.863
 20
3916188.403
 10
2603171.927
 20
3916196.741
 10
2603181.753
 20
3916199.695
 10
2603191.19
 20
3916203.199
 10
2603201.388
 20
3916205.057
 10
2603211.823
 20
3916205.693
 10
2603220.719
 20
3916200.152
  0
LWPOLYLINE
  5
17B
102
{ACAD_XDICTIONARY
360
17C
102
}
330
1F
100
AcDbEntity
  8
TDF.DBO
100
AcDbPolyline
 90
      190
 70
     1
 43
0.0
 10
2603655.219
 20
3915664.435
 10
2603664.926
 20
3915667.932
 10
2603674.606
 20
3915670.484
 10
2603686.351
 20
3915674.324
 10
2603695.041
 20
3915680.016
 10
2603702.303
 20
3915687.644
 10
2603709.162
 20
3915695.418
 10
2603715.112
 20
3915704.437
 10
2603718.248
 20
3915714.352
 10
2603720.599
 20
3915725.102
 10
2603722.805
 20
3915735.584
 10
2603724.459
 20
3915745.68
 10
2603725.18
 20
3915756.206
 10
2603725.761
 20
3915766.603
 10
2603730.108
 20
3915776.347
 10
2603737.709
 20
3915786.263
 10
2603742.992
 20
3915795.573
 10
2603748.159
 20
3915805.561
 10
2603752.503
 20
3915815.17
 10
2603756.721
 20
3915825.051
 10
2603761.909
 20
3915835.716
 10
2603766.532
 20
3915845.587
 10
2603771.425
 20
3915855.449
 10
2603777.613
 20
3915863.379
 10
2603786.696
 20
3915868.652
 10
2603796.383
 20
3915871.474
 10
2603807.103
 20
3915872.642
 10
2603817.377
 20
3915872.47
 10
2603827.424
 20
3915873.792
 10
2603837.547
 20
3915873.084
 10
2603843.647
 20
3915864.516
 10
2603848.185
 20
3915853.426
 10
2603851.399
 20
3915843.321
 10
2603852.841
 20
3915832.729
 10
2603853.152
 20
3915830.949
 10
2603856.067
 20
3915823.03
 10
2603859.401
 20
3915812.38
 10
2603863.164
 20
3915802.531
 10
2603868.155
 20
3915793.049
 10
2603869.072
 20
3915783.014
 10
2603869.704
 20
3915772.445
 10
2603873.459
 20
3915762.324
 10
2603877.234
 20
3915752.88
 10
2603877.73
 20
3915742.315
 10
2603875.4
 20
3915732.242
 10
2603870.936
 20
3915723.178
 10
2603866.863
 20
3915713.563
 10
2603861.846
 20
3915704.111
 10
2603853.394
 20
3915697.33
 10
2603844.305
 20
3915691.92
 10
2603835.492
 20
3915686.639
 10
2603826.022
 20
3915682.053
 10
2603815.886
 20
3915677.757
 10
2603807.187
 20
3915671.797
 10
2603798.624
 20
3915665.83
 10
2603790.834
 20
3915658.626
 10
2603784.364
 20
3915650.298
 10
2603780.036
 20
3915641.229
 10
2603774.713
 20
3915630.569
 10
2603769.967
 20
3915621.108
 10
2603766.826
 20
3915611.059
 10
2603765.967
 20
3915600.399
 10
2603765.648
 20
3915589.725
 10
2603765.301
 20
3915578.104
 10
2603765.391
 20
3915567.552
 10
2603766.706
 20
3915557.234
 10
2603766.669
 20
3915546.956
 10
2603763.799
 20
3915536.898
 10
2603756.411
 20
3915529.544
 10
2603747.356
 20
3915525.217
 10
2603737.632
 20
3915521.18
 10
2603730.911
 20
3915513.538
 10
2603720.745
 20
3915512.758
 10
2603710.561
 20
3915511.439
 10
2603700.728
 20
3915508.218
 10
2603691.013
 20
3915504.45
 10
2603682.08
 20
3915499.712
 10
2603674.057
 20
3915493.732
 10
2603665.103
 20
3915488.319
 10
2603656.942
 20
3915482.206
 10
2603649.8
 20
3915474.034
 10
2603644.116
 20
3915464.871
 10
2603637.249
 20
3915456.826
 10
2603628.546
 20
3915450.73
 10
2603620.24
 20
3915444.35
 10
2603612.852
 20
3915436.997
 10
2603605.072
 20
3915430.062
 10
2603597.306
 20
3915423.668
 10
2603587.077
 20
3915416.263
 10
2603576.862
 20
3915413.864
 10
2603566.441
 20
3915413.636
 10
2603556.442
 20
3915413.934
 10
2603545.09
 20
3915414.272
 10
2603534.28
 20
3915414.596
 10
2603523.605
 20
3915414.914
 10
2603513.606
 20
3915415.214
 10
2603503.336
 20
3915415.52
 10
2603492.256
 20
3915415.851
 10
2603481.85
 20
3915416.162
 10
2603471.045
 20
3915416.622
 10
2603460.137
 20
3915418.163
 10
2603450.344
 20
3915420.891
 10
2603439.894
 20
3915424.178
 10
2603429.831
 20
3915426.914
 10
2603418.804
 20
3915429.001
 10
2603407.871
 20
3915429.734
 10
2603397.33
 20
3915430.049
 10
2603384.224
 20
3915430.441
 10
2603374.088
 20
3915430.743
 10
2603363.954
 20
3915431.046
 10
2603352.604
 20
3915431.385
 10
2603341.253
 20
3915431.725
 10
2603330.578
 20
3915432.043
 10
2603320.578
 20
3915432.342
 10
2603310.173
 20
3915432.653
 10
2603300.039
 20
3915432.957
 10
2603289.094
 20
3915433.284
 10
2603277.608
 20
3915433.626
 10
2603266.391
 20
3915433.962
 10
2603253.961
 20
3915434.333
 10
2603243.556
 20
3915434.645
 10
2603233.286
 20
3915434.952
 10
2603223.017
 20
3915435.257
 10
2603212.477
 20
3915435.572
 10
2603201.532
 20
3915435.9
 10
2603190.483
 20
3915437.313
 10
2603180.291
 20
3915440.186
 10
2603168.904
 20
3915443.908
 10
2603156.968
 20
3915447.24
 10
2603146.362
 20
3915449.856
 10
2603136.332
 20
3915453.673
 10
2603127.308
 20
3915459.488
 10
2603119.522
 20
3915465.941
 10
2603111.125
 20
3915474.577
 10
2603108.585
 20
3915484.662
 10
2603108.762
 20
3915495.07
 10
2603113.778
 20
3915504.523
 10
2603121.031
 20
3915511.881
 10
2603129.083
 20
3915518.807
 10
2603138.182
 20
3915524.622
 10
2603147.533
 20
3915529.753
 10
2603157.661
 20
3915533.778
 10
2603167.613
 20
3915536.455
 10
2603177.85
 20
3915539.53
 10
2603187.16
 20
3915543.311
 10
2603196.919
 20
3915548.563
 10
2603205.729
 20
3915553.71
 10
2603216.005
 20
3915558.137
 10
2603225.969
 20
3915561.22
 10
2603235.91
 20
3915563.493
 10
2603245.979
 20
3915565.492
 10
2603257.824
 20
3915568.113
 10
2603269.545
 20
3915571.144
 10
2603280.416
 20
3915572.847
 10
2603291.005
 20
3915574.155
 10
2603302.129
 20
3915575.31
 10
2603313.23
 20
3915575.654
 10
2603323.774
 20
3915575.474
 10
2603334.584
 20
3915575.152
 10
2603344.83
 20
3915574.034
 10
2603355.734
 20
3915572.355
 10
2603365.718
 20
3915571.516
 10
2603375.713
 20
3915571.082
 10
2603386.253
 20
3915570.767
 10
2603397.333
 20
3915570.435
 10
2603407.904
 20
3915571.202
 10
2603418.077
 20
3915572.115
 10
2603428.247
 20
3915573.028
 10
2603438.279
 20
3915573.811
 10
2603449.252
 20
3915574.429
 10
2603460.226
 20
3915575.049
 10
2603471.203
 20
3915575.802
 10
2603481.366
 20
3915576.444
 10
2603491.403
 20
3915577.362
 10
2603502.023
 20
3915579.75
 10
2603511.902
 20
3915584.459
 10
2603522.23
 20
3915590.642
 10
2603531.858
 20
3915596.035
 10
2603540.565
 20
3915602.267
 10
2603549.026
 20
3915609.316
 10
2603557.582
 20
3915615.013
 10
2603566.301
 20
3915621.649
 10
2603574.237
 20
3915629.258
 10
2603582.574
 20
3915636.716
 10
2603591.81
 20
3915642.528
 10
2603601.692
 20
3915647.371
 10
2603611.833
 20
3915651.801
 10
2603621.945
 20
3915655.285
 10
2603632.292
 20
3915657.547
 10
2603643.609
 20
3915660.591
  0
LWPOLYLINE
  5
18A
102
{ACAD_XDICTIONARY
360
18B
102
}
330
1F
100
AcDbEntity
  8
TDF.DBO
100
AcDbPolyline
 90
      126
 70
     1
 43
0.0
 10
2602833.655
 20
3915349.785
 10
2602839.329
 20
3915340.554
 10
2602846.408
 20
3915333.04
 10
2602854.464
 20
3915326.578
 10
2602864.67
 20
3915324.108
 10
2602874.689
 20
3915324.484
 10
2602885.369
 20
3915324.3
 10
2602896.048
 20
3915324.118
 10
2602906.703
 20
3915323.123
 10
2602915.897
 20
3915318.519
 10
2602918.305
 20
3915308.575
 10
2602917.986
 20
3915297.9
 10
2602918.215
 20
3915287.48
 10
2602918.859
 20
3915277.317
 10
2602919.223
 20
3915266.892
 10
2602920.132
 20
3915256.585
 10
2602921.587
 20
3915246.398
 10
2602922.742
 20
3915235.274
 10
2602923.119
 20
3915225.254
 10
2602922.819
 20
3915215.255
 10
2602922.921
 20
3915205.107
 10
2602924.249
 20
3915195.195
 10
2602926.371
 20
3915184.717
 10
2602926.587
 20
3915173.892
 10
2602924.131
 20
3915164.091
 10
2602919.798
 20
3915154.889
 10
2602914.401
 20
3915146.26
 10
2602909.373
 20
3915136.401
 10
2602905.671
 20
3915125.692
 10
2602902.372
 20
3915114.835
 10
2602899.089
 20
3915104.519
 10
2602895.797
 20
3915093.933
 10
2602892.116
 20
3915083.899
 10
2602886.69
 20
3915074.324
 10
2602880.097
 20
3915066.406
 10
2602872.975
 20
3915058.91
 10
2602867.299
 20
3915050.018
 10
2602859.649
 20
3915042.944
 10
2602849.656
 20
3915038.914
 10
2602839.298
 20
3915036.248
 10
2602831.004
 20
3915030.275
 10
2602824.796
 20
3915021.669
 10
2602819.641
 20
3915012.085
 10
2602814.637
 20
3915003.037
 10
2602813.876
 20
3914991.158
 10
2602816.013
 20
3914981.222
 10
2602819.374
 20
3914971.518
 10
2602823.003
 20
3914961.673
 10
2602825.952
 20
3914951.712
 10
2602824.134
 20
3914940.675
 10
2602815.587
 20
3914935.251
 10
2602805.174
 20
3914935.291
 10
2602795.372
 20
3914933.149
 10
2602785.386
 20
3914929.39
 10
2602773.903
 20
3914925.271
 10
2602763.645
 20
3914925.983
 10
2602753.755
 20
3914929.93
 10
2602746.672
 20
3914937.31
 10
2602743.994
 20
3914947.262
 10
2602751.25
 20
3914954.756
 10
2602755.448
 20
3914963.963
 10
2602757.388
 20
3914974.589
 10
2602757.421
 20
3914984.73
 10
2602755.439
 20
3914995.34
 10
2602752.343
 20
3915004.899
 10
2602746.858
 20
3915016.019
 10
2602739.666
 20
3915024.212
 10
2602731.192
 20
3915030.282
 10
2602723.278
 20
3915037.01
 10
2602715.908
 20
3915043.857
 10
2602707.855
 20
3915050.455
 10
2602696.064
 20
3915058.652
 10
2602687.609
 20
3915065.395
 10
2602680.243
 20
3915072.379
 10
2602673.361
 20
3915081.916
 10
2602668.795
 20
3915092.06
 10
2602664.896
 20
3915101.916
 10
2602661.416
 20
3915112.163
 10
2602658.48
 20
3915122.53
 10
2602655.281
 20
3915133.174
 10
2602651.657
 20
3915143.155
 10
2602646.797
 20
3915152.498
 10
2602640.709
 20
3915161.47
 10
2602634.542
 20
3915172.341
 10
2602627.877
 20
3915180.114
 10
2602618.579
 20
3915185.8
 10
2602610.952
 20
3915193.061
 10
2602604.155
 20
3915200.974
 10
2602598.198
 20
3915209.808
 10
2602597.955
 20
3915219.823
 10
2602600.282
 20
3915229.763
 10
2602604.75
 20
3915238.96
 10
2602609.897
 20
3915248.275
 10
2602614.38
 20
3915258.014
 10
2602614.544
 20
3915268.016
 10
2602614.367
 20
3915280.194
 10
2602615.211
 20
3915290.313
 10
2602619.42
 20
3915299.925
 10
2602621.49
 20
3915310.412
 10
2602624.763
 20
3915320.322
 10
2602630.971
 20
3915328.928
 10
2602637.95
 20
3915336.159
 10
2602645.722
 20
3915342.824
 10
2602653.364
 20
3915349.627
 10
2602660.613
 20
3915356.85
 10
2602668.39
 20
3915363.651
 10
2602678.097
 20
3915367.148
 10
2602688.059
 20
3915370.097
 10
2602698.266
 20
3915372.224
 10
2602708.957
 20
3915372.447
 10
2602718.902
 20
3915374.855
 10
2602728.355
 20
3915378.899
 10
2602738.208
 20
3915382.798
 10
2602748.048
 20
3915386.155
 10
2602756.332
 20
3915391.858
 10
2602762.271
 20
3915400.472
 10
2602767.135
 20
3915409.389
 10
2602770.072
 20
3915417.146
 10
2602779.97
 20
3915413.468
 10
2602787.45
 20
3915405.807
 10
2602794.673
 20
3915398.557
 10
2602801.742
 20
3915390.772
 10
2602805.379
 20
3915381.197
 10
2602810.223
 20
3915371.314
 10
2602817.572
 20
3915363.791
 10
2602826.455
 20
3915357.844
  0
LWPOLYLINE
  5
199
102
{ACAD_XDICTIONARY
360
19A
102
}
330
1F
100
AcDbEntity
  8
TDF.DBO
100
AcDbPolyline
 90
      232
 70
     1
 43
0.0
 10
2602909.799
 20
3914295.282
 10
2602928.818
 20
3914289.035
 10
2602948.813
 20
3914288.301
 10
2602965.511
 20
3914276.847
 10
2602975.113
 20
3914258.708
 10
2602981.434
 20
3914239.449
 10
2602991.18
 20
3914221.575
 10
2603000.372
 20
3914203.314
 10
2603009.154
 20
3914184.928
 10
2603015.209
 20
3914165.811
 10
2603023.997
 20
3914147.562
 10
2603024.75
 20
3914127.522
 10
2603030.798
 20
3914108.135
 10
2603038.21
 20
3914089.116
 10
2603049.473
 20
3914072.279
 10
2603061.973
 20
3914056.082
 10
2603074.481
 20
3914040.153
 10
2603086.579
 20
3914024.104
 10
2603101.6
 20
3914010.805
 10
2603115.921
 20
3913996.717
 10
2603133.614
 20
3913986.857
 10
2603150.748
 20
3913976.338
 10
2603169.304
 20
3913968.209
 10
2603186.431
 20
3913957.552
 10
2603206.362
 20
3913954.659
 10
2603226.077
 20
3913958.127
 10
2603246.108
 20
3913958.609
 10
2603265.584
 20
3913963.168
 10
2603285.459
 20
3913967.442
 10
2603305.177
 20
3913971.047
 10
2603324.936
 20
3913976.001
 10
2603344.999
 20
3913977.565
 10
2603364.877
 20
3913981.976
 10
2603384.874
 20
3913985.84
 10
2603405.282
 20
3913985.366
 10
2603427.575
 20
3913984.566
 10
2603447.696
 20
3913983.558
 10
2603467.737
 20
3913979.848
 10
2603487.716
 20
3913978.575
 10
2603507.152
 20
3913972.719
 10
2603527.372
 20
3913970.493
 10
2603547.322
 20
3913968.273
 10
2603567.069
 20
3913963.761
 10
2603586.816
 20
3913959.248
 10
2603606.714
 20
3913955.272
 10
2603626.493
 20
3913951.842
 10
2603646.677
 20
3913948.398
 10
2603666.786
 20
3913946.987
 10
2603685.657
 20
3913940.335
 10
2603705.699
 20
3913936.626
 10
2603725.625
 20
3913933.595
 10
2603745.666
 20
3913929.886
 10
2603765.883
 20
3913927.525
 10
2603786.004
 20
3913926.518
 10
2603806.272
 20
3913925.912
 10
2603826.412
 20
3913925.444
 10
2603846.511
 20
3913928.226
 10
2603866.669
 20
3913928.434
 10
2603885.92
 20
3913934.487
 10
2603906.23
 20
3913935.231
 10
2603926.666
 20
3913935.703
 10
2603947.446
 20
3913938.599
 10
2603967.787
 20
3913940.426
 10
2603987.633
 20
3913943.753
 10
2604007.905
 20
3913943.284
 10
2604027.905
 20
3913942.687
 10
2604047.766
 20
3913946.555
 10
2604065.874
 20
3913951.996
 10
2604070.924
 20
3913955.164
 10
2604083.735
 20
3913964.415
 10
2604096.664
 20
3913980.665
 10
2604109.977
 20
3913996.226
 10
2604123.414
 20
3914011.378
 10
2604133.934
 20
3914028.512
 10
2604144.983
 20
3914045.222
 10
2604155.252
 20
3914063.037
 10
2604164.318
 20
3914081.295
 10
2604174.438
 20
3914098.575
 10
2604181.231
 20
3914117.713
 10
2604190.96
 20
3914135.546
 10
2604204.004
 20
3914151.116
 10
2604217.564
 20
3914165.857
 10
2604234.129
 20
3914177.129
 10
2604253.881
 20
3914181.814
 10
2604264.298
 20
3914163.785
 10
2604269.936
 20
3914144.276
 10
2604270.387
 20
3914123.164
 10
2604272.488
 20
3914102.949
 10
2604274.191
 20
3914083.016
 10
2604273.84
 20
3914062.199
 10
2604277.017
 20
3914041.818
 10
2604279.651
 20
3914021.316
 10
2604282.575
 20
3914001.482
 10
2604284.262
 20
3913981.009
 10
2604288.559
 20
3913963.744
 10
2604292.673
 20
3913941.13
 10
2604295.319
 20
3913921.036
 10
2604295.258
 20
3913900.884
 10
2604294.656
 20
3913880.75
 10
2604293.509
 20
3913860.499
 10
2604292.769
 20
3913840.234
 10
2604287.851
 20
3913820.498
 10
2604284.273
 20
3913800.319
 10
2604282.991
 20
3913780.07
 10
2604279.023
 20
3913760.443
 10
2604275.588
 20
3913740.528
 10
2604273.066
 20
3913719.506
 10
2604268.021
 20
3913700.045
 10
2604263.783
 20
3913680.425
 10
2604258.203
 20
3913661.116
 10
2604251.548
 20
3913642.11
 10
2604245.16
 20
3913622.96
 10
2604237.171
 20
3913604.534
 10
2604230.386
 20
3913585.667
 10
2604223.06
 20
3913566.817
 10
2604216.579
 20
3913553.622
 10
2604197.948
 20
3913545.657
 10
2604177.552
 20
3913546.537
 10
2604159.0
 20
3913554.8
 10
2604139.691
 20
3913560.382
 10
2604127.597
 20
3913576.568
 10
2604114.54
 20
3913592.239
 10
2604100.64
 20
3913606.857
 10
2604086.327
 20
3913621.215
 10
2604070.344
 20
3913634.0
 10
2604054.202
 20
3913645.979
 10
2604036.668
 20
3913656.646
 10
2604020.543
 20
3913669.166
 10
2604002.832
 20
3913678.485
 10
2603984.006
 20
3913686.621
 10
2603964.296
 20
3913692.35
 10
2603943.94
 20
3913694.581
 10
2603924.802
 20
3913701.375
 10
2603905.019
 20
3913704.67
 10
2603887.183
 20
3913714.266
 10
2603866.547
 20
3913720.698
 10
2603847.095
 20
3913726.012
 10
2603827.634
 20
3913731.057
 10
2603806.664
 20
3913735.336
 10
2603786.966
 20
3913741.469
 10
2603767.028
 20
3913744.094
 10
2603746.903
 20
3913744.966
 10
2603724.986
 20
3913744.809
 10
2603704.919
 20
3913743.109
 10
2603684.917
 20
3913743.573
 10
2603664.644
 20
3913744.044
 10
2603644.506
 20
3913744.509
 10
2603624.209
 20
3913744.169
 10
2603604.202
 20
3913744.496
 10
2603583.959
 20
3913741.45
 10
2603563.662
 20
3913741.11
 10
2603543.528
 20
3913741.711
 10
2603523.393
 20
3913742.312
 10
2603502.989
 20
3913742.922
 10
2603481.778
 20
3913743.692
 10
2603462.907
 20
3913750.341
 10
2603444.78
 20
3913759.269
 10
2603424.726
 20
3913767.037
 10
2603406.88
 20
3913776.36
 10
2603390.461
 20
3913788.078
 10
2603373.893
 20
3913799.392
 10
2603356.183
 20
3913808.712
 10
2603337.622
 20
3913816.707
 10
2603318.489
 20
3913823.635
 10
2603298.462
 20
3913823.286
 10
2603278.838
 20
3913818.326
 10
2603260.031
 20
3913809.016
 10
2603243.719
 20
3913797.196
 10
2603227.926
 20
3913784.685
 10
2603208.672
 20
3913778.497
 10
2603188.403
 20
3913779.103
 10
2603169.83
 20
3913786.691
 10
2603155.513
 20
3913800.914
 10
2603140.913
 20
3913814.74
 10
2603127.587
 20
3913830.421
 10
2603114.792
 20
3913845.816
 10
2603104.63
 20
3913863.295
 10
2603092.544
 20
3913879.752
 10
2603080.196
 20
3913896.486
 10
2603068.81
 20
3913913.731
 10
2603059.633
 20
3913932.536
 10
2603051.113
 20
3913950.642
 10
2603038.232
 20
3913967.662
 10
2603027.812
 20
3913985.557
 10
2603021.49
 20
3914004.814
 10
2603012.035
 20
3914023.356
 10
2603002.97
 20
3914041.344
 10
2602987.675
 20
3914054.514
 10
2602978.753
 20
3914072.769
 10
2602966.27
 20
3914089.506
 10
2602954.449
 20
3914105.82
 10
2602938.348
 20
3914119.149
 10
2602921.494
 20
3914129.931
 10
2602904.075
 20
3914139.919
 10
2602885.658
 20
3914148.178
 10
2602865.415
 20
3914154.194
 10
2602847.427
 20
3914163.251
 10
2602828.106
 20
3914168.428
 10
2602809.247
 20
3914175.482
 10
2602789.925
 20
3914180.658
 10
2602769.657
 20
3914181.264
 10
2602750.806
 20
3914188.59
 10
2602730.908
 20
3914192.567
 10
2602710.54
 20
3914194.392
 10
2602691.534
 20
3914201.046
 10
2602671.925
 20
3914205.689
 10
2602654.217
 20
3914215.01
 10
2602636.365
 20
3914224.064
 10
2602622.182
 20
3914238.283
 10
2602608.84
 20
3914253.423
 10
2602597.58
 20
3914270.396
 10
2602588.797
 20
3914288.782
 10
2602582.606
 20
3914307.901
 10
2602582.799
 20
3914327.912
 10
2602583.396
 20
3914347.91
 10
2602589.121
 20
3914367.486
 10
2602607.777
 20
3914376.26
 10
2602626.942
 20
3914370.414
 10
2602644.162
 20
3914358.266
 10
2602662.866
 20
3914350.541
 10
2602677.739
 20
3914336.841
 10
2602696.885
 20
3914330.318
 10
2602714.152
 20
3914319.794
 10
2602733.572
 20
3914313.398
 10
2602751.555
 20
3914304.204
 10
2602769.691
 20
3914295.547
 10
2602789.246
 20
3914289.147
 10
2602809.535
 20
3914289.217
 10
2602828.675
 20
3914296.084
 10
2602848.993
 20
3914297.099
 10
2602869.261
 20
3914296.494
 10
2602889.396
 20
3914295.893
  0
LWPOLYLINE
  5
1A8
102
{ACAD_XDICTIONARY
360
1A9
102
}
330
1F
100
AcDbEntity
  8
TDF.DBO
100
AcDbPolyline
 90
       60
 70
     1
 43
0.0
 10
2600549.734
 20
3914550.169
 10
2600548.494
 20
3914550.477
 10
2600541.388
 20
3914548.04
 10
2600530.932
 20
3914545.707
 10
2600520.791
 20
3914545.205
 10
2600510.394
 20
3914544.976
 10
2600500.201
 20
3914542.636
 10
2600490.766
 20
3914539.221
 10
2600480.686
 20
3914536.22
 10
2600470.665
 20
3914535.322
 10
2600460.062
 20
3914537.071
 10
2600450.172
 20
3914540.771
 10
2600439.674
 20
3914541.595
 10
2600429.297
 20
3914542.021
 10
2600419.178
 20
3914542.309
 10
2600408.928
 20
3914542.602
 10
2600403.13
 20
3914551.447
 10
2600408.415
 20
3914561.555
 10
2600408.714
 20
3914572.068
 10
2600405.879
 20
3914583.326
 10
2600409.579
 20
3914593.216
 10
2600418.42
 20
3914598.883
 10
2600428.011
 20
3914603.213
 10
2600437.105
 20
3914608.478
 10
2600445.307
 20
3914614.82
 10
2600453.121
 20
3914621.306
 10
2600459.149
 20
3914629.814
 10
2600464.54
 20
3914638.998
 10
2600471.342
 20
3914646.959
 10
2600478.907
 20
3914653.977
 10
2600487.098
 20
3914659.925
 10
2600495.436
 20
3914666.397
 10
2600503.135
 20
3914673.542
 10
2600512.931
 20
3914675.761
 10
2600523.725
 20
3914676.112
 10
2600535.27
 20
3914679.729
 10
2600545.347
 20
3914682.599
 10
2600555.732
 20
3914682.436
 10
2600565.779
 20
3914679.651
 10
2600574.99
 20
3914675.18
 10
2600585.848
 20
3914673.161
 10
2600596.492
 20
3914672.86
 10
2600606.408
 20
3914670.078
 10
2600615.188
 20
3914664.305
 10
2600625.663
 20
3914662.691
 10
2600636.138
 20
3914661.078
 10
2600644.234
 20
3914654.404
 10
2600644.077
 20
3914644.281
 10
2600637.932
 20
3914636.303
 10
2600633.721
 20
3914626.952
 10
2600629.627
 20
3914617.073
 10
2600622.708
 20
3914609.643
 10
2600613.799
 20
3914601.612
 10
2600606.993
 20
3914593.518
 10
2600600.84
 20
3914585.278
 10
2600593.283
 20
3914578.522
 10
2600584.705
 20
3914572.847
 10
2600576.1
 20
3914566.253
 10
2600567.998
 20
3914558.856
 10
2600559.661
 20
3914552.386
  0
LWPOLYLINE
  5
1B7
102
{ACAD_XDICTIONARY
360
1B8
102
}
330
1F
100
AcDbEntity
  8
TDF.DBO
100
AcDbPolyline
 90
       20
 70
     1
 43
0.0
 10
2600473.698
 20
3916827.018
 10
2600493.325
 20
3916831.218
 10
2600513.517
 20
3916832.905
 10
2600536.031
 20
3916831.776
 10
2600555.589
 20
3916827.546
 10
2600587.594
 20
3916813.317
 10
2600551.095
 20
3916807.633
 10
2600531.434
 20
3916803.238
 10
2600510.763
 20
3916798.821
 10
2600491.057
 20
3916793.028
 10
2600471.741
 20
3916787.165
 10
2600451.566
 20
3916779.846
 10
2600431.092
 20
3916783.433
 10
2600410.543
 20
3916782.009
 10
2600389.75
 20
3916782.636
 10
2600378.629
 20
3916799.458
 10
2600398.291
 20
3916803.851
 10
2600417.169
 20
3916811.8
 10
2600434.185
 20
3916822.886
 10
2600453.73
 20
3916828.909
  0
LWPOLYLINE
  5
1C6
102
{ACAD_XDICTIONARY
360
1C7
102
}
330
1F
100
AcDbEntity
  8
TDF.DBO
100
AcDbPolyline
 90
       43
 70
     1
 43
0.0
 10
2600492.641
 20
3916681.607
 10
2600473.072
 20
3916676.594
 10
2600452.284
 20
3916673.804
 10
2600432.345
 20
3916671.268
 10
2600410.759
 20
3916674.246
 10
2600390.527
 20
3916675.779
 10
2600370.252
 20
3916675.915
 10
2600350.455
 20
3916678.781
 10
2600329.955
 20
3916675.337
 10
2600310.158
 20
3916678.203
 10
2600289.717
 20
3916681.983
 10
2600277.699
 20
3916691.123
 10
2600272.546
 20
3916703.282
 10
2600279.895
 20
3916722.293
 10
2600291.848
 20
3916738.89
 10
2600310.588
 20
3916746.059
 10
2600330.743
 20
3916750.968
 10
2600351.891
 20
3916750.078
 10
2600372.892
 20
3916747.202
 10
2600396.609
 20
3916746.062
 10
2600417.835
 20
3916746.766
 10
2600440.348
 20
3916745.635
 10
2600462.358
 20
3916742.785
 10
2600482.999
 20
3916743.59
 10
2600502.072
 20
3916751.504
 10
2600521.905
 20
3916756.873
 10
2600541.994
 20
3916757.976
 10
2600562.441
 20
3916758.816
 10
2600582.815
 20
3916762.684
 10
2600602.939
 20
3916763.982
 10
2600622.984
 20
3916763.685
 10
2600643.251
 20
3916762.347
 10
2600662.833
 20
3916757.107
 10
2600682.322
 20
3916752.487
 10
2600663.893
 20
3916743.656
 10
2600645.118
 20
3916736.293
 10
2600630.997
 20
3916721.081
 10
2600611.545
 20
3916714.439
 10
2600590.976
 20
3916710.606
 10
2600571.037
 20
3916708.07
 10
2600549.761
 20
3916701.347
 10
2600529.904
 20
3916696.986
 10
2600510.427
 20
3916691.355
  0
LWPOLYLINE
  5
1D5
102
{ACAD_XDICTIONARY
360
1D6
102
}
330
1F
100
AcDbEntity
  8
TDF.DBO
100
AcDbPolyline
 90
       70
 70
     1
 43
0.0
 10
2601295.353
 20
3916400.503
 10
2601275.073
 20
3916404.057
 10
2601255.003
 20
3916405.362
 10
2601233.958
 20
3916406.838
 10
2601213.278
 20
3916409.255
 10
2601192.627
 20
3916407.245
 10
2601171.962
 20
3916407.447
 10
2601151.248
 20
3916409.67
 10
2601130.549
 20
3916409.678
 10
2601110.351
 20
3916411.408
 10
2601087.264
 20
3916413.844
 10
2601067.047
 20
3916413.164
 10
2601046.552
 20
3916414.344
 10
2601027.633
 20
3916421.075
 10
2601008.929
 20
3916430.179
 10
2600996.569
 20
3916446.815
 10
2600992.437
 20
3916466.833
 10
2600992.252
 20
3916487.567
 10
2600992.777
 20
3916507.774
 10
2601007.702
 20
3916521.841
 10
2601024.499
 20
3916533.972
 10
2601042.158
 20
3916544.142
 10
2601058.565
 20
3916556.341
 10
2601076.604
 20
3916565.24
 10
2601094.585
 20
3916574.953
 10
2601114.163
 20
3916581.171
 10
2601134.572
 20
3916585.232
 10
2601154.175
 20
3916590.44
 10
2601172.916
 20
3916597.608
 10
2601192.208
 20
3916604.479
 10
2601211.787
 20
3916610.697
 10
2601231.425
 20
3916616.099
 10
2601251.764
 20
3916619.771
 10
2601271.748
 20
3916623.707
 10
2601292.306
 20
3916626.336
 10
2601297.961
 20
3916626.835
 10
2601321.435
 20
3916626.259
 10
2601341.983
 20
3916627.683
 10
2601354.842
 20
3916643.72
 10
2601358.326
 20
3916663.609
 10
2601370.76
 20
3916679.519
 10
2601382.111
 20
3916662.859
 10
2601402.704
 20
3916665.684
 10
2601421.945
 20
3916658.494
 10
2601440.931
 20
3916652.153
 10
2601460.846
 20
3916647.66
 10
2601473.767
 20
3916631.93
 10
2601478.999
 20
3916611.318
 10
2601483.256
 20
3916590.875
 10
2601492.831
 20
3916572.116
 10
2601507.494
 20
3916558.291
 10
2601487.336
 20
3916556.798
 10
2601466.875
 20
3916558.172
 10
2601448.81
 20
3916569.777
 10
2601446.445
 20
3916590.692
 10
2601436.467
 20
3916608.317
 10
2601416.505
 20
3916606.79
 10
2601409.051
 20
3916587.194
 10
2601414.684
 20
3916567.716
 10
2601415.134
 20
3916547.338
 10
2601416.662
 20
3916527.376
 10
2601419.256
 20
3916506.622
 10
2601416.552
 20
3916486.595
 10
2601410.981
 20
3916466.268
 10
2601401.842
 20
3916447.368
 10
2601390.085
 20
3916430.736
 10
2601372.173
 20
3916421.414
 10
2601353.734
 20
3916411.38
 10
2601335.202
 20
3916401.964
 10
2601315.311
 20
3916397.409
  0
LWPOLYLINE
  5
1E4
102
{ACAD_XDICTIONARY
360
1E5
102
}
330
1F
100
AcDbEntity
  8
TDF.DBO
100
AcDbPolyline
 90
       45
 70
     1
 43
0.0
 10
2600863.593
 20
3916314.148
 10
2600844.233
 20
3916306.888
 10
2600824.177
 20
3916305.981
 10
2600803.838
 20
3916302.309
 10
2600783.309
 20
3916303.291
 10
2600762.79
 20
3916305.479
 10
2600743.036
 20
3916301.704
 10
2600722.176
 20
3916301.942
 10
2600702.319
 20
3916297.582
 10
2600681.829
 20
3916295.344
 10
2600671.886
 20
3916313.163
 10
2600652.663
 20
3916306.682
 10
2600634.497
 20
3916298.209
 10
2600618.641
 20
3916285.711
 10
2600598.103
 20
3916285.49
 10
2600578.582
 20
3916278.459
 10
2600558.101
 20
3916277.425
 10
2600548.433
 20
3916269.27
 10
2600529.753
 20
3916277.366
 10
2600518.894
 20
3916294.542
 10
2600522.676
 20
3916314.983
 10
2600529.28
 20
3916334.327
 10
2600537.215
 20
3916353.236
 10
2600551.049
 20
3916369.102
 10
2600568.605
 20
3916378.687
 10
2600586.884
 20
3916388.951
 10
2600608.222
 20
3916391.443
 10
2600628.443
 20
3916388.705
 10
2600650.054
 20
3916384.719
 10
2600670.299
 20
3916380.97
 10
2600690.434
 20
3916383.474
 10
2600711.133
 20
3916383.465
 10
2600730.623
 20
3916378.844
 10
2600749.949
 20
3916385.911
 10
2600768.183
 20
3916394.774
 10
2600789.146
 20
3916395.122
 10
2600809.763
 20
3916396.937
 10
2600829.921
 20
3916398.43
 10
2600850.09
 20
3916401.128
 10
2600870.146
 20
3916402.035
 10
2600889.192
 20
3916394.881
 10
2600899.855
 20
3916377.737
 10
2600904.249
 20
3916358.075
 10
2600894.111
 20
3916340.357
 10
2600879.092
 20
3916326.909
  0
LWPOLYLINE
  5
1F3
102
{ACAD_XDICTIONARY
360
1F4
102
}
330
1F
100
AcDbEntity
  8
TDF.DBO
100
AcDbPolyline
 90
       44
 70
     1
 43
0.0
 10
2600858.964
 20
3916081.219
 10
2600845.98
 20
3916065.608
 10
2600831.699
 20
3916050.624
 10
2600819.678
 20
3916033.636
 10
2600807.916
 20
3916012.382
 10
2600787.778
 20
3916013.298
 10
2600767.507
 20
3916010.016
 10
2600746.588
 20
3916011.068
 10
2600726.775
 20
3916008.107
 10
2600704.53
 20
3916006.175
 10
2600679.937
 20
3916006.918
 10
2600669.263
 20
3916027.427
 10
2600668.067
 20
3916048.136
 10
2600668.855
 20
3916068.699
 10
2600677.077
 20
3916086.956
 10
2600680.903
 20
3916108.795
 10
2600684.559
 20
3916129.66
 10
2600688.146
 20
3916150.133
 10
2600699.834
 20
3916166.375
 10
2600717.849
 20
3916176.283
 10
2600738.24
 20
3916174.519
 10
2600758.454
 20
3916178.617
 10
2600766.16
 20
3916197.364
 10
2600751.795
 20
3916211.739
 10
2600736.344
 20
3916224.495
 10
2600748.583
 20
3916240.438
 10
2600765.414
 20
3916252.764
 10
2600784.934
 20
3916259.796
 10
2600805.103
 20
3916262.493
 10
2600825.095
 20
3916259.593
 10
2600845.57
 20
3916256.007
 10
2600865.655
 20
3916252.489
 10
2600888.244
 20
3916244.913
 10
2600904.748
 20
3916233.581
 10
2600923.555
 20
3916225.061
 10
2600941.138
 20
3916214.144
 10
2600955.824
 20
3916199.31
 10
2600955.264
 20
3916178.909
 10
2600951.78
 20
3916159.02
 10
2600938.152
 20
3916144.324
 10
2600920.849
 20
3916133.889
 10
2600902.959
 20
3916123.556
 10
2600884.588
 20
3916113.913
 10
2600870.171
 20
3916098.148
  0
LWPOLYLINE
  5
202
102
{ACAD_XDICTIONARY
360
203
102
}
330
1F
100
AcDbEntity
  8
TDF.DBO
100
AcDbPolyline
 90
       16
 70
     1
 43
0.0
 10
2599021.766
 20
3916941.675
 10
2599000.9
 20
3916922.579
 10
2598980.409
 20
3916923.624
 10
2598959.923
 20
3916927.077
 10
2598939.049
 20
3916931.797
 10
2598921.895
 20
3916943.116
 10
2598901.663
 20
3916943.315
 10
2598882.746
 20
3916951.319
 10
2598875.917
 20
3916970.326
 10
2598894.895
 20
3916978.164
 10
2598913.487
 20
3916970.616
 10
2598933.59
 20
3916970.84
 10
2598954.376
 20
3916971.551
 10
2598974.386
 20
3916974.8
 10
2598994.421
 20
3916973.43
 10
2599009.423
 20
3916960.068
  0
LWPOLYLINE
  5
211
102
{ACAD_XDICTIONARY
360
212
102
}
330
1F
100
AcDbEntity
  8
TDF.DBO
100
AcDbPolyline
 90
       20
 70
     1
 43
0.0
 10
2598862.672
 20
3916913.167
 10
2598882.67
 20
3916909.196
 10
2598902.764
 20
3916904.605
 10
2598922.991
 20
3916901.998
 10
2598943.152
 20
3916899.003
 10
2598963.054
 20
3916895.648
 10
2598983.15
 20
3916892.263
 10
2598984.635
 20
3916886.794
 10
2598971.564
 20
3916871.141
 10
2598953.172
 20
3916863.205
 10
2598934.034
 20
3916856.798
 10
2598913.248
 20
3916856.087
 10
2598892.534
 20
3916859.377
 10
2598873.549
 20
3916865.788
 10
2598853.491
 20
3916871.777
 10
2598835.749
 20
3916881.99
 10
2598816.602
 20
3916888.627
 10
2598804.889
 20
3916904.847
 10
2598822.668
 20
3916915.093
 10
2598842.939
 20
3916918.701
  0
LWPOLYLINE
  5
220
102
{ACAD_XDICTIONARY
360
221
102
}
330
1F
100
AcDbEntity
  8
TDF.DBO
100
AcDbPolyline
 90
       36
 70
     1
 43
0.0
 10
2598323.846
 20
3916800.717
 10
2598305.092
 20
3916808.492
 10
2598288.394
 20
3916820.134
 10
2598279.515
 20
3916838.887
 10
2598296.222
 20
3916849.916
 10
2598315.686
 20
3916857.068
 10
2598335.147
 20
3916863.019
 10
2598354.323
 20
3916872.026
 10
2598373.237
 20
3916880.678
 10
2598392.7
 20
3916886.627
 10
2598413.683
 20
3916888.509
 10
2598434.27
 20
3916886.845
 10
2598454.204
 20
3916883.686
 10
2598474.988
 20
3916883.193
 10
2598497.653
 20
3916879.574
 10
2598518.212
 20
3916880.124
 10
2598539.421
 20
3916880.964
 10
2598559.688
 20
3916882.163
 10
2598580.084
 20
3916882.938
 10
2598599.821
 20
3916878.61
 10
2598617.922
 20
3916869.34
 10
2598609.063
 20
3916863.208
 10
2598592.94
 20
3916850.877
 10
2598572.663
 20
3916844.863
 10
2598555.076
 20
3916832.176
 10
2598539.959
 20
3916818.671
 10
2598521.068
 20
3916805.402
 10
2598502.413
 20
3916795.905
 10
2598483.114
 20
3916789.727
 10
2598463.88
 20
3916783.939
 10
2598444.095
 20
3916779.649
 10
2598424.059
 20
3916779.816
 10
2598404.091
 20
3916782.779
 10
2598384.621
 20
3916789.872
 10
2598364.005
 20
3916793.749
 10
2598343.909
 20
3916797.135
  0
LWPOLYLINE
  5
22F
102
{ACAD_XDICTIONARY
360
230
102
}
330
1F
100
AcDbEntity
  8
TDF.DBO
100
AcDbPolyline
 90
       21
 70
     1
 43
0.0
 10
2598408.939
 20
3918152.18
 10
2598389.542
 20
3918146.621
 10
2598373.039
 20
3918158.23
 10
2598376.492
 20
3918178.715
 10
2598377.275
 20
3918198.85
 10
2598383.166
 20
3918218.323
 10
2598389.287
 20
3918239.161
 10
2598408.299
 20
3918248.397
 10
2598428.924
 20
3918249.336
 10
2598448.2
 20
3918242.276
 10
2598467.371
 20
3918231.019
 10
2598486.254
 20
3918222.82
 10
2598503.376
 20
3918211.308
 10
2598510.4
 20
3918192.265
 10
2598512.868
 20
3918172.387
 10
2598494.702
 20
3918181.267
 10
2598483.837
 20
3918163.234
 10
2598467.681
 20
3918150.707
 10
2598447.085
 20
3918147.558
 10
2598426.632
 20
3918151.204
 10
2598412.472
 20
3918154.529
  0
LWPOLYLINE
  5
23E
102
{ACAD_XDICTIONARY
360
23F
102
}
330
1F
100
AcDbEntity
  8
TDF.DBO
100
AcDbPolyline
 90
      178
 70
     1
 43
0.0
 10
2596747.999
 20
3918214.183
 10
2596763.229
 20
3918199.779
 10
2596782.961
 20
3918193.043
 10
2596803.252
 20
3918189.623
 10
2596826.079
 20
3918185.777
 10
2596846.473
 20
3918185.35
 10
2596865.712
 20
3918193.544
 10
2596885.654
 20
3918195.2
 10
2596905.469
 20
3918198.482
 10
2596925.26
 20
3918206.383
 10
2596945.141
 20
3918210.054
 10
2596928.075
 20
3918198.082
 10
2596908.19
 20
3918192.003
 10
2596887.882
 20
3918185.795
 10
2596867.742
 20
3918182.968
 10
2596847.209
 20
3918179.004
 10
2596827.204
 20
3918178.163
 10
2596807.172
 20
3918180.736
 10
2596786.523
 20
3918184.416
 10
2596764.022
 20
3918189.01
 10
2596743.278
 20
3918193.309
 10
2596723.969
 20
3918200.176
 10
2596704.366
 20
3918206.489
 10
2596684.176
 20
3918211.696
 10
2596664.799
 20
3918216.969
 10
2596643.89
 20
3918220.291
 10
2596622.91
 20
3918220.818
 10
2596616.766
 20
3918217.613
 10
2596613.228
 20
3918217.534
 10
2596592.358
 20
3918212.44
 10
2596573.275
 20
3918204.61
 10
2596554.912
 20
3918196.655
 10
2596535.716
 20
3918190.322
 10
2596518.149
 20
3918179.46
 10
2596502.185
 20
3918164.996
 10
2596489.363
 20
3918149.442
 10
2596475.869
 20
3918131.044
 10
2596463.673
 20
3918114.829
 10
2596451.923
 20
3918097.983
 10
2596441.934
 20
3918079.541
 10
2596434.609
 20
3918060.46
 10
2596431.322
 20
3918040.134
 10
2596435.495
 20
3918020.198
 10
2596452.977
 20
3918010.003
 10
2596473.421
 20
3918006.326
 10
2596493.93
 20
3918004.117
 10
2596514.48
 20
3918004.304
 10
2596533.381
 20
3917997.009
 10
2596545.085
 20
3917980.038
 10
2596554.598
 20
3917962.147
 10
2596557.421
 20
3917941.887
 10
2596557.999
 20
3917921.457
 10
2596557.858
 20
3917901.148
 10
2596554.298
 20
3917880.314
 10
2596544.223
 20
3917862.443
 10
2596529.875
 20
3917847.704
 10
2596513.027
 20
3917836.719
 10
2596498.294
 20
3917822.968
 10
2596483.316
 20
3917807.782
 10
2596468.106
 20
3917794.484
 10
2596449.944
 20
3917784.463
 10
2596430.086
 20
3917777.503
 10
2596409.839
 20
3917770.425
 10
2596389.925
 20
3917764.216
 10
2596369.56
 20
3917765.105
 10
2596349.265
 20
3917768.572
 10
2596325.956
 20
3917774.956
 10
2596303.064
 20
3917780.53
 10
2596300.971
 20
3917781.94
 10
2596220.679
 20
3917823.115
 10
2596200.954
 20
3917826.669
 10
2596180.151
 20
3917830.407
 10
2596160.395
 20
3917833.781
 10
2596140.1
 20
3917837.248
 10
2596118.96
 20
3917839.01
 10
2596098.665
 20
3917834.898
 10
2596083.901
 20
3917820.969
 10
2596072.537
 20
3917803.132
 10
2596062.425
 20
3917783.972
 10
2596053.396
 20
3917765.737
 10
2596043.201
 20
3917748.255
 10
2596032.047
 20
3917730.567
 10
2596018.685
 20
3917715.104
 10
2596002.669
 20
3917702.498
 10
2595986.29
 20
3917688.845
 10
2595970.782
 20
3917675.967
 10
2595950.074
 20
3917666.196
 10
2595929.398
 20
3917664.182
 10
2595908.669
 20
3917664.026
 10
2595888.313
 20
3917667.133
 10
2595868.592
 20
3917671.795
 10
2595850.54
 20
3917681.902
 10
2595831.31
 20
3917689.438
 10
2595822.997
 20
3917707.863
 10
2595815.017
 20
3917727.156
 10
2595801.811
 20
3917742.905
 10
2595783.593
 20
3917756.367
 10
2595763.272
 20
3917760.762
 10
2595743.288
 20
3917759.555
 10
2595723.287
 20
3917761.492
 10
2595711.342
 20
3917778.135
 10
2595704.199
 20
3917796.915
 10
2595699.789
 20
3917817.63
 10
2595696.61
 20
3917839.06
 10
2595693.37
 20
3917860.131
 10
2595690.068
 20
3917880.842
 10
2595686.5
 20
3917902.154
 10
2595683.973
 20
3917921.994
 10
2595683.55
 20
3917943.322
 10
2595684.081
 20
3917963.749
 10
2595687.46
 20
3917984.613
 10
2595696.494
 20
3918003.957
 10
2595706.899
 20
3918021.588
 10
2595719.932
 20
3918037.291
 10
2595735.83
 20
3918050.287
 10
2595753.927
 20
3918058.841
 10
2595771.909
 20
3918068.893
 10
2595788.342
 20
3918080.689
 10
2595804.953
 20
3918092.454
 10
2595822.643
 20
3918104.035
 10
2595840.122
 20
3918115.467
 10
2595855.301
 20
3918128.586
 10
2595868.273
 20
3918143.93
 10
2595880.684
 20
3918161.403
 10
2595889.837
 20
3918180.357
 10
2595895.279
 20
3918200.315
 10
2595899.656
 20
3918223.781
 10
2595903.46
 20
3918246.051
 10
2595905.669
 20
3918266.561
 10
2595904.979
 20
3918288.49
 10
2595905.51
 20
3918308.916
 10
2595909.603
 20
3918328.55
 10
2595924.633
 20
3918341.879
 10
2595945.423
 20
3918342.394
 10
2595962.695
 20
3918332.05
 10
2595982.39
 20
3918328.317
 10
2596000.044
 20
3918338.61
 10
2596017.466
 20
3918350.791
 10
2596031.398
 20
3918366.341
 10
2596046.165
 20
3918381.379
 10
2596061.345
 20
3918394.497
 10
2596077.777
 20
3918406.293
 10
2596092.751
 20
3918420.371
 10
2596111.474
 20
3918428.263
 10
2596132.64
 20
3918425.572
 10
2596152.265
 20
3918419.263
 10
2596166.676
 20
3918405.157
 10
2596183.097
 20
3918392.001
 10
2596197.416
 20
3918377.356
 10
2596210.079
 20
3918360.591
 10
2596222.878
 20
3918340.29
 10
2596238.673
 20
3918327.796
 10
2596253.505
 20
3918313.988
 10
2596271.889
 20
3918304.748
 10
2596291.943
 20
3918300.953
 10
2596299.997
 20
3918300.944
 10
2596329.483
 20
3918301.238
 10
2596345.932
 20
3918303.143
 10
2596366.367
 20
3918304.828
 10
2596386.956
 20
3918307.411
 10
2596408.167
 20
3918308.224
 10
2596428.619
 20
3918306.765
 10
2596448.765
 20
3918303.509
 10
2596469.104
 20
3918303.546
 10
2596489.614
 20
3918301.337
 10
2596510.088
 20
3918297.84
 10
2596529.936
 20
3918295.004
 10
2596550.222
 20
3918296.901
 10
2596569.83
 20
3918301.314
 10
2596590.506
 20
3918303.328
 10
2596610.4
 20
3918300.174
 10
2596630.723
 20
3918296.95
 10
2596650.557
 20
3918292.002
 10
2596668.428
 20
3918281.366
 10
2596685.673
 20
3918267.023
 10
2596702.471
 20
3918255.967
 10
2596718.777
 20
3918243.185
 10
2596734.008
 20
3918229.984
  0
LWPOLYLINE
  5
24D
102
{ACAD_XDICTIONARY
360
24E
102
}
330
1F
100
AcDbEntity
  8
TDF.DBO
100
AcDbPolyline
 90
      317
 70
     1
 43
0.0
 10
2598494.378
 20
3918038.863
 10
2598515.006
 20
3918041.004
 10
2598535.264
 20
3918037.39
 10
2598554.739
 20
3918032.704
 10
2598574.636
 20
3918026.942
 10
2598595.153
 20
3918022.481
 10
2598615.183
 20
3918018.704
 10
2598636.059
 20
3918015.187
 10
2598665.715
 20
3918010.188
 10
2598686.463
 20
3918008.298
 10
2598707.178
 20
3918005.007
 10
2598726.98
 20
3918001.068
 10
2598746.816
 20
3917997.325
 10
2598766.877
 20
3917992.54
 10
2598786.641
 20
3917985.997
 10
2598804.743
 20
3917976.728
 10
2598824.152
 20
3917971.65
 10
2598843.003
 20
3917963.257
 10
2598862.836
 20
3917958.309
 10
2598882.441
 20
3917953.2
 10
2598898.583
 20
3917940.647
 10
2598910.427
 20
3917924.005
 10
2598917.971
 20
3917904.474
 10
2598934.081
 20
3917891.727
 10
2598954.372
 20
3917888.308
 10
2598974.437
 20
3917885.93
 10
2598992.35
 20
3917898.159
 10
2599008.344
 20
3917910.914
 10
2599026.705
 20
3917919.858
 10
2599046.766
 20
3917915.073
 10
2599066.667
 20
3917911.72
 10
2599086.568
 20
3917908.367
 10
2599106.502
 20
3917905.208
 10
2599126.834
 20
3917906.797
 10
2599144.51
 20
3917896.194
 10
2599164.606
 20
3917892.808
 10
2599185.32
 20
3917889.516
 10
2599204.465
 20
3917881.676
 10
2599211.098
 20
3917862.701
 10
2599225.775
 20
3917848.589
 10
2599243.256
 20
3917838.018
 10
2599263.319
 20
3917834.438
 10
2599281.944
 20
3917827.085
 10
2599297.5
 20
3917813.427
 10
2599312.6
 20
3917799.446
 10
2599328.319
 20
3917785.56
 10
2599341.595
 20
3917770.282
 10
2599360.316
 20
3917762.311
 10
2599370.401
 20
3917744.76
 10
2599380.257
 20
3917727.048
 10
2599398.75
 20
3917718.915
 10
2599413.958
 20
3917720.918
 10
2599433.061
 20
3917712.948
 10
2599453.01
 20
3917708.651
 10
2599472.694
 20
3917703.996
 10
2599492.252
 20
3917699.766
 10
2599503.867
 20
3917683.462
 10
2599510.703
 20
3917663.976
 10
2599512.62
 20
3917643.943
 10
2599504.754
 20
3917625.425
 10
2599500.294
 20
3917605.705
 10
2599479.887
 20
3917601.643
 10
2599461.998
 20
3917591.311
 10
2599476.592
 20
3917577.097
 10
2599496.676
 20
3917573.58
 10
2599517.014
 20
3917569.212
 10
2599538.468
 20
3917562.038
 10
2599558.6
 20
3917556.501
 10
2599578.515
 20
3917552.008
 10
2599599.116
 20
3917547.996
 10
2599617.567
 20
3917539.74
 10
2599633.96
 20
3917526.618
 10
2599647.991
 20
3917511.499
 10
2599662.161
 20
3917497.159
 10
2599678.657
 20
3917484.621
 10
2599691.475
 20
3917468.307
 10
2599708.599
 20
3917457.067
 10
2599720.569
 20
3917440.5
 10
2599739.454
 20
3917433.575
 10
2599758.763
 20
3917426.775
 10
2599755.245
 20
3917406.69
 10
2599746.208
 20
3917388.377
 10
2599733.579
 20
3917372.501
 10
2599716.597
 20
3917361.608
 10
2599698.226
 20
3917351.963
 10
2599680.796
 20
3917341.953
 10
2599660.535
 20
3917339.874
 10
2599642.91
 20
3917329.899
 10
2599622.253
 20
3917323.268
 10
2599602.227
 20
3917325.971
 10
2599587.302
 20
3917339.44
 10
2599584.215
 20
3917359.676
 10
2599566.073
 20
3917350.192
 10
2599547.805
 20
3917341.133
 10
2599530.628
 20
3917330.274
 10
2599533.52
 20
3917310.072
 10
2599548.801
 20
3917296.34
 10
2599567.788
 20
3917290.0
 10
2599586.892
 20
3917282.031
 10
2599606.2
 20
3917275.231
 10
2599622.604
 20
3917263.313
 10
2599639.132
 20
3917250.972
 10
2599649.752
 20
3917232.43
 10
2599661.459
 20
3917215.507
 10
2599661.095
 20
3917195.071
 10
2599655.168
 20
3917175.006
 10
2599647.316
 20
3917154.274
 10
2599643.763
 20
3917133.994
 10
2599624.896
 20
3917127.251
 10
2599606.421
 20
3917136.517
 10
2599589.755
 20
3917148.079
 10
2599570.983
 20
3917156.793
 10
2599551.479
 20
3917163.626
 10
2599531.302
 20
3917167.765
 10
2599511.022
 20
3917171.317
 10
2599490.937
 20
3917174.836
 10
2599470.682
 20
3917177.379
 10
2599451.383
 20
3917185.381
 10
2599430.587
 20
3917189.427
 10
2599410.434
 20
3917192.555
 10
2599390.329
 20
3917193.665
 10
2599368.961
 20
3917195.6
 10
2599348.419
 20
3917198.797
 10
2599328.52
 20
3917201.076
 10
2599307.703
 20
3917202.714
 10
2599302.738
 20
3917203.332
 10
2599306.193
 20
3917205.408
 10
2599285.317
 20
3917208.925
 10
2599264.179
 20
3917212.087
 10
2599243.786
 20
3917212.513
 10
2599223.357
 20
3917211.541
 10
2599202.219
 20
3917214.702
 10
2599181.795
 20
3917216.138
 10
2599160.548
 20
3917212.695
 10
2599139.569
 20
3917213.222
 10
2599118.0
 20
3917211.439
 10
2599093.82
 20
3917204.88
 10
2599073.835
 20
3917198.215
 10
2599055.279
 20
3917189.303
 10
2599035.584
 20
3917180.784
 10
2599016.252
 20
3917174.412
 10
2598998.247
 20
3917165.206
 10
2598978.588
 20
3917158.086
 10
2598958.63
 20
3917148.006
 10
2598952.089
 20
3917128.24
 10
2598935.771
 20
3917115.943
 10
2598916.957
 20
3917109.081
 10
2598903.518
 20
3917124.587
 10
2598893.174
 20
3917141.78
 10
2598884.88
 20
3917160.435
 10
2598873.624
 20
3917141.263
 10
2598879.964
 20
3917121.736
 10
2598886.076
 20
3917102.044
 10
2598901.404
 20
3917088.225
 10
2598916.57
 20
3917074.635
 10
2598920.923
 20
3917054.037
 10
2598910.483
 20
3917036.133
 10
2598893.946
 20
3917047.547
 10
2598876.784
 20
3917036.193
 10
2598856.574
 20
3917030.57
 10
2598837.016
 20
3917025.238
 10
2598821.589
 20
3917038.473
 10
2598817.185
 20
3917031.39
 10
2598825.772
 20
3917013.288
 10
2598811.824
 20
3916998.384
 10
2598794.435
 20
3916988.072
 10
2598774.684
 20
3916983.975
 10
2598756.516
 20
3916974.999
 10
2598739.388
 20
3916963.841
 10
2598721.901
 20
3916952.942
 10
2598702.469
 20
3916945.984
 10
2598683.298
 20
3916939.384
 10
2598664.286
 20
3916930.146
 10
2598645.31
 20
3916923.513
 10
2598625.335
 20
3916921.662
 10
2598605.3
 20
3916923.032
 10
2598584.255
 20
3916923.168
 10
2598563.831
 20
3916924.603
 10
2598543.346
 20
3916929.259
 10
2598525.311
 20
3916938.92
 10
2598505.641
 20
3916943.639
 10
2598486.722
 20
3916950.439
 10
2598466.92
 20
3916954.378
 10
2598447.425
 20
3916948.233
 10
2598426.317
 20
3916950.385
 10
2598408.379
 20
3916959.428
 10
2598387.698
 20
3916962.914
 10
2598367.701
 20
3916966.885
 10
2598349.242
 20
3916976.417
 10
2598330.262
 20
3916985.233
 10
2598310.068
 20
3916988.034
 10
2598290.822
 20
3916994.087
 10
2598271.776
 20
3917002.513
 10
2598251.266
 20
3917010.585
 10
2598237.762
 20
3917025.702
 10
2598244.562
 20
3917044.621
 10
2598262.242
 20
3917054.282
 10
2598280.958
 20
3917061.763
 10
2598293.153
 20
3917078.166
 10
2598300.539
 20
3917096.986
 10
2598301.94
 20
3917117.217
 10
2598301.099
 20
3917137.223
 10
2598304.291
 20
3917157.352
 10
2598299.253
 20
3917177.462
 10
2598291.285
 20
3917196.864
 10
2598278.205
 20
3917212.11
 10
2598258.195
 20
3917208.86
 10
2598238.827
 20
3917201.088
 10
2598221.958
 20
3917190.287
 10
2598202.654
 20
3917181.703
 10
2598182.834
 20
3917176.014
 10
2598162.763
 20
3917175.985
 10
2598143.488
 20
3917183.045
 10
2598125.582
 20
3917192.283
 10
2598105.879
 20
3917196.807
 10
2598085.261
 20
3917199.479
 10
2598065.35
 20
3917196.815
 10
2598045.479
 20
3917199.162
 10
2598025.123
 20
3917202.19
 10
2598008.913
 20
3917214.353
 10
2597993.879
 20
3917228.724
 10
2597982.624
 20
3917246.473
 10
2597974.754
 20
3917265.254
 10
2597965.776
 20
3917283.422
 10
2597958.947
 20
3917302.429
 10
2597940.265
 20
3917314.205
 10
2597921.805
 20
3917322.533
 10
2597902.046
 20
3917332.685
 10
2597885.024
 20
3917344.784
 10
2597870.415
 20
3917360.489
 10
2597858.344
 20
3917376.97
 10
2597842.33
 20
3917389.098
 10
2597823.118
 20
3917395.345
 10
2597818.9
 20
3917401.273
 10
2597821.835
 20
3917423.452
 10
2597821.319
 20
3917444.206
 10
2597815.597
 20
3917463.829
 10
2597808.54
 20
3917482.676
 10
2597803.145
 20
3917503.049
 10
2597793.815
 20
3917523.882
 10
2597782.916
 20
3917541.369
 10
2597779.83
 20
3917561.151
 10
2597777.46
 20
3917581.615
 10
2597773.787
 20
3917601.496
 10
2597766.568
 20
3917620.571
 10
2597763.09
 20
3917640.419
 10
2597759.323
 20
3917660.918
 10
2597754.513
 20
3917681.191
 10
2597751.524
 20
3917701.56
 10
2597747.918
 20
3917721.83
 10
2597745.418
 20
3917742.717
 10
2597744.381
 20
3917762.756
 10
2597741.459
 20
3917783.515
 10
2597738.861
 20
3917803.816
 10
2597737.304
 20
3917824.344
 10
2597733.601
 20
3917845.233
 10
2597726.545
 20
3917865.282
 10
2597723.72
 20
3917885.422
 10
2597721.578
 20
3917906.049
 10
2597721.29
 20
3917926.964
 10
2597721.849
 20
3917948.14
 10
2597722.471
 20
3917968.501
 10
2597730.117
 20
3917987.677
 10
2597745.43
 20
3918001.148
 10
2597764.438
 20
3918007.978
 10
2597785.089
 20
3918005.502
 10
2597804.647
 20
3918010.832
 10
2597825.14
 20
3918010.992
 10
2597845.02
 20
3918014.663
 10
2597863.933
 20
3918022.11
 10
2597877.103
 20
3918038.35
 10
2597890.469
 20
3918054.558
 10
2597899.61
 20
3918073.081
 10
2597902.964
 20
3918092.983
 10
2597921.13
 20
3918101.959
 10
2597941.338
 20
3918106.38
 10
2597961.472
 20
3918106.798
 10
2597981.679
 20
3918110.014
 10
2598000.235
 20
3918118.926
 10
2598007.978
 20
3918137.485
 10
2597987.816
 20
3918140.482
 10
2597968.287
 20
3918134.142
 10
2597950.936
 20
3918144.29
 10
2597936.683
 20
3918158.529
 10
2597918.744
 20
3918167.572
 10
2597936.263
 20
3918178.666
 10
2597956.178
 20
3918182.533
 10
2597973.566
 20
3918192.844
 10
2597994.065
 20
3918196.613
 10
2598013.88
 20
3918199.895
 10
2598032.863
 20
3918192.283
 10
2598051.06
 20
3918182.394
 10
2598069.685
 20
3918175.042
 10
2598088.407
 20
3918167.07
 10
2598091.461
 20
3918147.093
 10
2598096.63
 20
3918127.763
 10
2598115.516
 20
3918120.767
 10
2598136.002
 20
3918117.315
 10
2598156.197
 20
3918114.513
 10
2598174.98
 20
3918122.385
 10
2598195.218
 20
3918125.796
 10
2598215.743
 20
3918126.149
 10
2598234.239
 20
3918137.078
 10
2598254.705
 20
3918140.65
 10
2598274.84
 20
3918141.07
 10
2598294.478
 20
3918136.155
 10
2598309.839
 20
3918122.532
 10
2598323.637
 20
3918107.967
 10
2598338.605
 20
3918093.204
 10
2598347.322
 20
3918074.681
 10
2598360.565
 20
3918059.206
 10
2598380.104
 20
3918053.706
 10
2598398.368
 20
3918044.208
 10
2598416.664
 20
3918034.904
 10
2598435.026
 20
3918025.991
 10
2598454.394
 20
3918033.762
 10
2598475.016
 20
3918033.498
  0
LWPOLYLINE
  5
25C
102
{ACAD_XDICTIONARY
360
25D
102
}
330
1F
100
AcDbEntity
  8
TDF.DBO
100
AcDbPolyline
 90
     1111
 70
     1
 43
0.0
 10
2595745.863
 20
3916925.491
 10
2595728.765
 20
3916946.544
 10
2595726.134
 20
3916982.07
 10
2595711.667
 20
3917008.386
 10
2595710.352
 20
3917025.491
 10
2595710.352
 20
3917053.123
 10
2595709.036
 20
3917078.123
 10
2595693.254
 20
3917100.491
 10
2595687.993
 20
3917122.86
 10
2595684.047
 20
3917150.491
 10
2595687.993
 20
3917175.491
 10
2595678.786
 20
3917197.859
 10
2595691.938
 20
3917224.175
 10
2595715.612
 20
3917232.07
 10
2595741.917
 20
3917230.754
 10
2595762.961
 20
3917221.544
 10
2595781.374
 20
3917214.965
 10
2595807.678
 20
3917214.965
 10
2595831.352
 20
3917226.807
 10
2595880.016
 20
3917270.228
 10
2595933.94
 20
3917301.807
 10
2595977.343
 20
3917316.28
 10
2596024.691
 20
3917325.491
 10
2596104.92
 20
3917351.807
 10
2596162.79
 20
3917351.807
 10
2596218.029
 20
3917355.754
 10
2596271.953
 20
3917353.123
 10
2596377.172
 20
3917311.017
 10
2596442.933
 20
3917283.386
 10
2596486.335
 20
3917266.28
 10
2596621.803
 20
3917261.018
 10
2596674.412
 20
3917261.018
 10
2596721.761
 20
3917245.229
 10
2596774.37
 20
3917213.65
 10
2596816.457
 20
3917129.439
 10
2596842.762
 20
3917113.65
 10
2596905.892
 20
3917087.334
 10
2597032.154
 20
3917097.86
 10
2597137.372
 20
3917092.597
 10
2597232.069
 20
3917092.597
 10
2597305.721
 20
3917055.755
 10
2597374.113
 20
3917013.65
 10
2597447.766
 20
3916950.492
 10
2597505.636
 20
3916887.334
 10
2597547.723
 20
3916850.492
 10
2597595.071
 20
3916818.913
 10
2597642.419
 20
3916745.229
 10
2597684.507
 20
3916724.176
 10
2597731.855
 20
3916718.913
 10
2597821.29
 20
3916687.334
 10
2597858.117
 20
3916639.965
 10
2597847.48
 20
3916545.549
 10
2597850.643
 20
3916526.561
 10
2597815.847
 20
3916520.232
 10
2597793.704
 20
3916498.08
 10
2597844.317
 20
3916498.08
 10
2597879.112
 20
3916501.245
 10
2597932.888
 20
3916501.245
 10
2597992.99
 20
3916491.751
 10
2598037.276
 20
3916479.092
 10
2598094.214
 20
3916479.092
 10
2598129.01
 20
3916485.421
 10
2598166.969
 20
3916507.574
 10
2598230.235
 20
3916564.537
 10
2598280.847
 20
3916577.195
 10
2598318.806
 20
3916608.842
 10
2598353.602
 20
3916640.488
 10
2598340.949
 20
3916672.134
 10
2598306.153
 20
3916687.957
 10
2598271.357
 20
3916703.78
 10
2598255.541
 20
3916722.768
 10
2598265.03
 20
3916751.249
 10
2598321.969
 20
3916754.414
 10
2598378.908
 20
3916735.426
 10
2598426.357
 20
3916719.603
 10
2598451.663
 20
3916706.945
 10
2598451.663
 20
3916700.615
 10
2598508.602
 20
3916722.768
 10
2598543.398
 20
3916729.097
 10
2598559.214
 20
3916744.92
 10
2598571.867
 20
3916779.731
 10
2598622.479
 20
3916817.706
 10
2598676.255
 20
3916827.2
 10
2598717.377
 20
3916855.682
 10
2598749.01
 20
3916849.352
 10
2598777.479
 20
3916846.188
 10
2598869.214
 20
3916849.352
 10
2598913.499
 20
3916843.023
 10
2598945.132
 20
3916843.023
 10
2598979.928
 20
3916843.023
 10
2599002.071
 20
3916846.188
 10
2599068.499
 20
3916805.048
 10
2599090.642
 20
3916801.883
 10
2599100.132
 20
3916839.859
 10
2599138.091
 20
3916877.834
 10
2599210.846
 20
3916915.809
 10
2599242.479
 20
3916928.468
 10
2599286.764
 20
3916922.139
 10
2599315.234
 20
3916922.139
 10
2599346.866
 20
3916950.62
 10
2599362.683
 20
3916979.102
 10
2599362.683
 20
3917013.913
 10
2599340.54
 20
3917026.571
 10
2599331.05
 20
3917051.888
 10
2599343.703
 20
3917086.699
 10
2599372.172
 20
3917118.345
 10
2599470.234
 20
3917112.016
 10
2599524.009
 20
3917118.345
 10
2599580.948
 20
3917086.699
 10
2599622.07
 20
3917070.876
 10
2599647.376
 20
3917070.876
 10
2599672.682
 20
3917042.394
 10
2599666.356
 20
3916994.925
 10
2599672.682
 20
3916953.785
 10
2599669.519
 20
3916918.974
 10
2599713.805
 20
3916893.657
 10
2599732.784
 20
3916877.834
 10
2599748.601
 20
3916849.352
 10
2599773.907
 20
3916827.2
 10
2599796.05
 20
3916805.048
 10
2599811.866
 20
3916776.566
 10
2599789.723
 20
3916754.414
 10
2599796.05
 20
3916729.097
 10
2599789.723
 20
3916697.451
 10
2599815.029
 20
3916662.64
 10
2599868.805
 20
3916668.969
 10
2599916.254
 20
3916653.146
 10
2599965.489
 20
3916607.141
 10
2599980.643
 20
3916593.834
 10
2599998.396
 20
3916583.891
 10
2600016.767
 20
3916574.039
 10
2600036.766
 20
3916575.761
 10
2600056.939
 20
3916575.041
 10
2600076.796
 20
3916579.401
 10
2600096.804
 20
3916582.328
 10
2600115.924
 20
3916588.224
 10
2600136.506
 20
3916589.842
 10
2600156.591
 20
3916586.324
 10
2600176.457
 20
3916583.849
 10
2600197.937
 20
3916583.705
 10
2600217.949
 20
3916583.214
 10
2600238.458
 20
3916579.821
 10
2600258.347
 20
3916576.338
 10
2600279.212
 20
3916572.682
 10
2600299.491
 20
3916569.129
 10
2600319.381
 20
3916565.646
 10
2600339.627
 20
3916561.898
 10
2600358.867
 20
3916554.709
 10
2600379.308
 20
3916550.927
 10
2600387.416
 20
3916531.821
 10
2600368.987
 20
3916522.989
 10
2600349.822
 20
3916515.696
 10
2600332.129
 20
3916505.329
 10
2600314.572
 20
3916495.742
 10
2600294.462
 20
3916492.232
 10
2600275.847
 20
3916484.64
 10
2600256.107
 20
3916478.651
 10
2600236.275
 20
3916473.283
 10
2600219.166
 20
3916462.814
 10
2600199.168
 20
3916461.091
 10
2600179.37
 20
3916455.918
 10
2600181.872
 20
3916435.783
 10
2600202.508
 20
3916431.968
 10
2600222.592
 20
3916428.449
 10
2600243.262
 20
3916424.828
 10
2600263.897
 20
3916421.012
 10
2600284.914
 20
3916423.963
 10
2600304.634
 20
3916427.543
 10
2600323.122
 20
3916416.063
 10
2600317.884
 20
3916396.481
 10
2600311.67
 20
3916377.069
 10
2600294.297
 20
3916366.246
 10
2600287.762
 20
3916347.293
 10
2600270.298
 20
3916337.086
 10
2600251.801
 20
3916327.866
 10
2600250.249
 20
3916321.305
 10
2600270.071
 20
3916317.431
 10
2600288.555
 20
3916309.369
 10
2600305.543
 20
3916297.349
 10
2600325.583
 20
3916292.432
 10
2600346.218
 20
3916288.615
 10
2600366.888
 20
3916284.994
 10
2600378.927
 20
3916268.817
 10
2600386.187
 20
3916249.457
 10
2600387.348
 20
3916228.552
 10
2600368.554
 20
3916218.782
 10
2600349.423
 20
3916211.681
 10
2600338.895
 20
3916194.032
 10
2600359.374
 20
3916195.065
 10
2600379.884
 20
3916191.675
 10
2600400.666
 20
3916189.842
 10
2600420.945
 20
3916186.289
 10
2600441.596
 20
3916188.299
 10
2600461.721
 20
3916189.597
 10
2600481.568
 20
3916192.754
 10
2600502.531
 20
3916193.1
 10
2600522.692
 20
3916191.176
 10
2600542.891
 20
3916189.447
 10
2600563.892
 20
3916186.572
 10
2600584.401
 20
3916183.18
 10
2600605.265
 20
3916179.525
 10
2600626.217
 20
3916178.669
 10
2600643.971
 20
3916168.726
 10
2600635.325
 20
3916150.342
 10
2600628.686
 20
3916130.804
 10
2600620.878
 20
3916111.471
 10
2600609.189
 20
3916095.23
 10
2600606.612
 20
3916074.78
 10
2600626.969
 20
3916072.822
 10
2600617.508
 20
3916054.38
 10
2600597.604
 20
3916052.04
 10
2600598.639
 20
3916031.558
 10
2600606.967
 20
3916011.409
 10
2600614.524
 20
3915992.599
 10
2600612.405
 20
3915972.47
 10
2600607.97
 20
3915951.742
 10
2600616.411
 20
3915933.381
 10
2600619.371
 20
3915913.57
 10
2600614.75
 20
3915894.08
 10
2600603.248
 20
3915876.599
 10
2600594.567
 20
3915858.022
 10
2600585.014
 20
3915840.2
 10
2600574.773
 20
3915821.896
 10
2600563.143
 20
3915804.84
 10
2600554.105
 20
3915786.527
 10
2600545.264
 20
3915768.179
 10
2600535.55
 20
3915750.586
 10
2600524.574
 20
3915733.818
 10
2600506.364
 20
3915723.944
 10
2600493.574
 20
3915708.298
 10
2600490.445
 20
3915688.144
 10
2600473.498
 20
3915677.447
 10
2600453.5
 20
3915675.724
 10
2600433.526
 20
3915672.993
 10
2600413.771
 20
3915669.218
 10
2600414.931
 20
3915659.77
 10
2600432.786
 20
3915650.411
 10
2600434.049
 20
3915630.093
 10
2600421.777
 20
3915613.954
 10
2600408.529
 20
3915597.984
 10
2600389.719
 20
3915590.428
 10
2600370.9
 20
3915581.664
 10
2600360.279
 20
3915564.633
 10
2600356.727
 20
3915544.354
 10
2600353.232
 20
3915523.261
 10
2600358.635
 20
3915503.622
 10
2600370.893
 20
3915486.401
 10
2600391.179
 20
3915487.47
 10
2600410.504
 20
3915494.535
 10
2600430.522
 20
3915498.666
 10
2600450.622
 20
3915500.973
 10
2600471.663
 20
3915502.916
 10
2600490.76
 20
3915509.82
 10
2600510.816
 20
3915510.728
 10
2600530.823
 20
3915505.615
 10
2600542.598
 20
3915489.083
 10
2600558.474
 20
3915476.453
 10
2600578.447
 20
3915479.184
 10
2600596.521
 20
3915488.279
 10
2600616.329
 20
3915494.656
 10
2600636.331
 20
3915492.961
 10
2600656.484
 20
3915489.832
 10
2600677.262
 20
3915491.418
 10
2600700.808
 20
3915489.304
 10
2600720.563
 20
3915493.078
 10
2600736.097
 20
3915506.034
 10
2600736.622
 20
3915526.241
 10
2600731.711
 20
3915546.394
 10
2600743.078
 20
3915563.094
 10
2600759.484
 20
3915575.293
 10
2600777.729
 20
3915585.362
 10
2600795.042
 20
3915597.001
 10
2600811.288
 20
3915609.43
 10
2600829.108
 20
3915619.371
 10
2600846.422
 20
3915631.011
 10
2600864.481
 20
3915642.317
 10
2600884.137
 20
3915650.129
 10
2600901.427
 20
3915662.776
 10
2600917.878
 20
3915676.375
 10
2600937.731
 20
3915684.152
 10
2600962.215
 20
3915693.128
 10
2600980.069
 20
3915703.265
 10
2600998.187
 20
3915713.758
 10
2601017.562
 20
3915726.843
 10
2601033.706
 20
3915738.687
 10
2601050.41
 20
3915751.438
 10
2601066.207
 20
3915764.749
 10
2601081.742
 20
3915777.703
 10
2601099.011
 20
3915787.944
 10
2601113.005
 20
3915803.58
 10
2601129.148
 20
3915815.423
 10
2601143.802
 20
3915818.074
 10
2601148.488
 20
3915820.283
 10
2601158.977
 20
3915823.799
 10
2601169.313
 20
3915826.531
 10
2601179.77
 20
3915828.864
 10
2601190.057
 20
3915829.885
 10
2601200.701
 20
3915829.584
 10
2601210.819
 20
3915829.296
 10
2601222.522
 20
3915829.225
 10
2601232.847
 20
3915831.561
 10
2601243.309
 20
3915834.157
 10
2601253.703
 20
3915834.256
 10
2601264.08
 20
3915833.829
 10
2601274.59
 20
3915833.4
 10
2601284.689
 20
3915832.454
 10
2601294.493
 20
3915830.334
 10
2601304.672
 20
3915827.545
 10
2601315.395
 20
3915825.4
 10
2601325.743
 20
3915823.921
 10
2601335.55
 20
3915821.932
 10
2601345.342
 20
3915819.419
 10
2601357.909
 20
3915817.352
 10
2601367.874
 20
3915816.279
 10
2601378.773
 20
3915815.707
 10
2601388.865
 20
3915814.498
 10
2601400.577
 20
3915810.089
 10
2601409.945
 20
3915806.535
 10
2601419.735
 20
3915804.019
 10
2601429.949
 20
3915802.413
 10
2601440.451
 20
3915801.72
 10
2601450.415
 20
3915800.649
 10
2601453.68
 20
3915790.561
 10
2601455.877
 20
3915779.976
 10
2601458.469
 20
3915769.382
 10
2601461.064
 20
3915758.917
 10
2601463.648
 20
3915748.06
 10
2601465.979
 20
3915737.472
 10
2601468.446
 20
3915727.144
 10
2601470.388
 20
3915716.83
 10
2601470.886
 20
3915706.557
 10
2601470.714
 20
3915695.91
 10
2601470.791
 20
3915684.73
 10
2601471.414
 20
3915674.321
 10
2601472.577
 20
3915664.294
 10
2601474.485
 20
3915652.797
 10
2601476.289
 20
3915642.225
 10
2601478.209
 20
3915631.122
 10
2601480.538
 20
3915620.534
 10
2601484.695
 20
3915599.857
 10
2601488.063
 20
3915589.152
 10
2601492.521
 20
3915579.423
 10
2601499.453
 20
3915564.234
 10
2601505.18
 20
3915552.892
 10
2601511.771
 20
3915544.156
 10
2601519.574
 20
3915536.439
 10
2601527.395
 20
3915529.378
 10
2601535.371
 20
3915523.1
 10
2601544.701
 20
3915518.232
 10
2601553.773
 20
3915513.503
 10
2601561.617
 20
3915507.23
 10
2601570.775
 20
3915500.918
 10
2601580.091
 20
3915495.525
 10
2601589.695
 20
3915491.044
 10
2601600.197
 20
3915485.748
 10
2601609.525
 20
3915480.748
 10
2601619.013
 20
3915476.794
 10
2601628.783
 20
3915473.493
 10
2601638.293
 20
3915470.328
 10
2601648.746
 20
3915467.926
 10
2601658.534
 20
3915465.28
 10
2601667.466
 20
3915460.292
 10
2601677.495
 20
3915456.85
 10
2601686.441
 20
3915452.257
 10
2601695.767
 20
3915447.256
 10
2601705.509
 20
3915443.033
 10
2601715.119
 20
3915438.683
 10
2601724.326
 20
3915434.081
 10
2601732.714
 20
3915428.452
 10
2601740.832
 20
3915422.564
 10
2601748.93
 20
3915416.021
 10
2601756.355
 20
3915408.84
 10
2601763.23
 20
3915400.884
 10
2601769.45
 20
3915392.95
 10
2601776.186
 20
3915384.734
 10
2601782.802
 20
3915376.918
 10
2601790.876
 20
3915369.456
 10
2601795.87
 20
3915360.107
 10
2601799.003
 20
3915350.023
 10
2601803.336
 20
3915340.562
 10
2601808.339
 20
3915331.476
 10
2601814.017
 20
3915323.03
 10
2601819.951
 20
3915314.312
 10
2601824.653
 20
3915303.921
 10
2601829.391
 20
3915294.843
 10
2601833.204
 20
3915285.527
 10
2601833.828
 20
3915275.12
 10
2601834.332
 20
3915265.111
 10
2601834.304
 20
3915254.853
 10
2601829.314
 20
3915245.92
 10
2601820.732
 20
3915240.114
 10
2601812.027
 20
3915234.576
 10
2601802.0
 20
3915228.535
 10
2601782.532
 20
3915228.709
 10
2601772.019
 20
3915229.006
 10
2601761.769
 20
3915229.299
 10
2601750.42
 20
3915227.912
 10
2601742.611
 20
3915221.558
 10
2601739.969
 20
3915211.901
 10
2601735.097
 20
3915202.439
 10
2601729.59
 20
3915193.785
 10
2601724.346
 20
3915185.121
 10
2601720.265
 20
3915175.768
 10
2601716.051
 20
3915166.287
 10
2601712.087
 20
3915156.405
 10
2601707.732
 20
3915146.665
 10
2601702.354
 20
3915137.874
 10
2601695.492
 20
3915127.811
 10
2601686.545
 20
3915123.069
 10
2601677.467
 20
3915127.535
 10
2601677.762
 20
3915137.916
 10
2601676.746
 20
3915148.466
 10
2601671.467
 20
3915157.035
 10
2601664.73
 20
3915165.248
 10
2601656.897
 20
3915171.915
 10
2601647.154
 20
3915176.139
 10
2601637.928
 20
3915180.084
 10
2601628.428
 20
3915183.641
 10
2601618.051
 20
3915184.069
 10
2601618.868
 20
3915194.303
 10
2601612.942
 20
3915203.284
 10
2601592.717
 20
3915208.606
 10
2601583.543
 20
3915214.64
 10
2601573.942
 20
3915219.254
 10
2601562.757
 20
3915223.649
 10
2601552.851
 20
3915226.823
 10
2601542.556
 20
3915230.142
 10
2601533.225
 20
3915235.011
 10
2601523.621
 20
3915239.491
 10
2601514.133
 20
3915243.444
 10
2601503.943
 20
3915245.838
 10
2601494.154
 20
3915248.483
 10
2601484.279
 20
3915252.71
 10
2601474.802
 20
3915257.056
 10
2601465.216
 20
3915262.197
 10
2601457.117
 20
3915268.739
 10
2601449.827
 20
3915276.048
 10
2601435.091
 20
3915288.396
 10
2601428.92
 20
3915299.263
 10
2601422.585
 20
3915307.729
 10
2601415.316
 20
3915315.696
 10
2601406.676
 20
3915321.729
 10
2601396.786
 20
3915325.43
 10
2601386.437
 20
3915326.906
 10
2601376.646
 20
3915329.421
 10
2601366.685
 20
3915330.625
 10
2601356.435
 20
3915330.917
 10
2601346.057
 20
3915331.344
 10
2601335.937
 20
3915331.631
 10
2601325.294
 20
3915331.934
 10
2601315.175
 20
3915332.222
 10
2601303.785
 20
3915333.991
 10
2601293.722
 20
3915336.251
 10
2601283.081
 20
3915336.686
 10
2601270.361
 20
3915337.967
 10
2601260.002
 20
3915339.051
 10
2601248.964
 20
3915339.365
 10
2601237.925
 20
3915339.681
 10
2601227.442
 20
3915341.029
 10
2601216.989
 20
3915343.431
 10
2601206.13
 20
3915345.45
 10
2601195.626
 20
3915346.013
 10
2601185.376
 20
3915346.303
 10
2601175.261
 20
3915346.724
 10
2601164.88
 20
3915347.019
 10
2601154.749
 20
3915346.913
 10
2601141.47
 20
3915347.027
 10
2601131.043
 20
3915345.744
 10
2601120.628
 20
3915344.857
 10
2601109.988
 20
3915345.292
 10
2601099.873
 20
3915345.71
 10
2601089.92
 20
3915347.177
 10
2601079.144
 20
3915347.484
 10
2601068.66
 20
3915348.834
 10
2601059.719
 20
3915344.223
 10
2601050.071
 20
3915337.921
 10
2601041.236
 20
3915332.517
 10
2601031.284
 20
3915329.381
 10
2601021.173
 20
3915329.931
 10
2601010.792
 20
3915330.226
 10
2600999.757
 20
3915330.672
 10
2600989.784
 20
3915331.483
 10
2600981.713
 20
3915325.137
 10
2600981.418
 20
3915314.756
 10
2600980.968
 20
3915303.589
 10
2600980.681
 20
3915293.47
 10
2600981.579
 20
3915283.449
 10
2600990.801
 20
3915279.373
 10
2601000.44
 20
3915276.073
 10
2601010.029
 20
3915271.067
 10
2601009.08
 20
3915260.835
 10
2600999.218
 20
3915256.249
 10
2600989.753
 20
3915251.784
 10
2600980.799
 20
3915246.778
 10
2600972.224
 20
3915241.237
 10
2600964.266
 20
3915234.228
 10
2600960.182
 20
3915224.744
 10
2600963.724
 20
3915215.174
 10
2600972.229
 20
3915209.014
 10
2600980.467
 20
3915202.729
 10
2600990.349
 20
3915198.766
 10
2600998.006
 20
3915190.526
 10
2601000.872
 20
3915180.318
 10
2601005.334
 20
3915170.722
 10
2601014.273
 20
3915165.996
 10
2601024.354
 20
3915168.997
 10
2601032.542
 20
3915174.814
 10
2601040.358
 20
3915181.43
 10
2601046.514
 20
3915189.803
 10
2601055.983
 20
3915194.401
 10
2601065.177
 20
3915198.61
 10
2601074.762
 20
3915202.677
 10
2601084.704
 20
3915205.421
 10
2601094.725
 20
3915206.318
 10
2601104.848
 20
3915206.162
 10
2601115.499
 20
3915206.122
 10
2601125.749
 20
3915205.831
 10
2601136.104
 20
3915204.616
 10
2601148.141
 20
3915202.431
 10
2601158.448
 20
3915199.509
 10
2601168.371
 20
3915196.99
 10
2601179.714
 20
3915193.511
 10
2601189.596
 20
3915189.548
 10
2601199.063
 20
3915184.806
 10
2601208.28
 20
3915180.599
 10
2601218.576
 20
3915177.281
 10
2601228.473
 20
3915173.843
 10
2601237.811
 20
3915169.238
 10
2601247.81
 20
3915164.745
 10
2601257.145
 20
3915160.009
 10
2601266.472
 20
3915155.008
 10
2601275.975
 20
3915151.581
 10
2601286.0
 20
3915148.008
 10
2601302.813
 20
3915143.189
 10
2601340.937
 20
3915142.105
 10
2601351.702
 20
3915141.406
 10
2601362.316
 20
3915140.052
 10
2601372.663
 20
3915138.573
 10
2601383.169
 20
3915138.011
 10
2601393.813
 20
3915137.708
 10
2601404.325
 20
3915137.409
 10
2601414.445
 20
3915137.122
 10
2601425.87
 20
3915136.534
 10
2601436.607
 20
3915134.912
 10
2601446.915
 20
3915131.989
 10
2601457.108
 20
3915129.726
 10
2601467.876
 20
3915129.157
 10
2601478.389
 20
3915128.859
 10
2601489.033
 20
3915128.555
 10
2601500.199
 20
3915128.107
 10
2601510.581
 20
3915127.812
 10
2601520.962
 20
3915127.517
 10
2601533.051
 20
3915127.171
 10
2601543.695
 20
3915126.869
 10
2601554.34
 20
3915126.567
 10
2601565.247
 20
3915126.256
 10
2601575.497
 20
3915125.965
 10
2601585.615
 20
3915125.677
 10
2601595.995
 20
3915125.381
 10
2601606.641
 20
3915125.079
 10
2601617.544
 20
3915124.636
 10
2601628.155
 20
3915123.151
 10
2601638.356
 20
3915121.151
 10
2601648.959
 20
3915119.404
 10
2601659.712
 20
3915118.309
 10
2601669.963
 20
3915118.016
 10
2601680.606
 20
3915117.714
 10
2601691.25
 20
3915117.412
 10
2601701.654
 20
3915117.905
 10
2601708.066
 20
3915126.008
 10
2601713.066
 20
3915135.335
 10
2601718.442
 20
3915143.993
 10
2601723.824
 20
3915152.915
 10
2601728.813
 20
3915161.848
 10
2601733.813
 20
3915171.175
 10
2601738.926
 20
3915179.84
 10
2601744.567
 20
3915188.623
 10
2601749.845
 20
3915198.468
 10
2601753.805
 20
3915208.22
 10
2601757.112
 20
3915218.121
 10
2601766.197
 20
3915223.123
 10
2601776.454
 20
3915223.093
 10
2601786.426
 20
3915222.284
 10
2601796.662
 20
3915221.467
 10
2601806.874
 20
3915219.861
 10
2601815.112
 20
3915213.577
 10
2601818.786
 20
3915204.003
 10
2601821.659
 20
3915194.058
 10
2601824.773
 20
3915183.316
 10
2601827.887
 20
3915172.575
 10
2601830.746
 20
3915162.105
 10
2601833.762
 20
3915152.548
 10
2601837.288
 20
3915142.453
 10
2601840.684
 20
3915132.362
 10
2601844.468
 20
3915122.127
 10
2601849.205
 20
3915112.919
 10
2601854.326
 20
3915103.435
 10
2601898.738
 20
3915003.677
 10
2601999.587
 20
3914872.079
 10
2602082.896
 20
3914793.12
 10
2602104.82
 20
3914744.867
 10
2602117.974
 20
3914683.454
 10
2602100.435
 20
3914639.588
 10
2602034.664
 20
3914635.202
 10
2601946.97
 20
3914608.882
 10
2601824.198
 20
3914604.495
 10
2601714.58
 20
3914608.882
 10
2601583.039
 20
3914639.588
 10
2601547.961
 20
3914661.521
 10
2601504.114
 20
3914687.841
 10
2601455.882
 20
3914701.001
 10
2601438.343
 20
3914731.707
 10
2601425.189
 20
3914779.96
 10
2601425.189
 20
3914823.826
 10
2601390.111
 20
3914828.213
 10
2601350.649
 20
3914845.759
 10
2601319.956
 20
3914828.213
 10
2601271.724
 20
3914793.12
 10
2601232.262
 20
3914740.48
 10
2601184.03
 20
3914683.454
 10
2601192.799
 20
3914657.135
 10
2601223.492
 20
3914617.655
 10
2601271.724
 20
3914565.016
 10
2601306.802
 20
3914521.15
 10
2601376.957
 20
3914437.804
 10
2601420.804
 20
3914385.165
 10
2601473.421
 20
3914328.139
 10
2601499.729
 20
3914301.819
 10
2601521.653
 20
3914262.34
 10
2601565.5
 20
3914209.7
 10
2601565.5
 20
3914170.221
 10
2601547.961
 20
3914130.741
 10
2601547.961
 20
3914095.649
 10
2601526.037
 20
3914060.556
 10
2601504.114
 20
3914060.556
 10
2601425.189
 20
3914029.849
 10
2601385.727
 20
3914038.623
 10
2601319.956
 20
3914060.556
 10
2601236.646
 20
3914078.102
 10
2601175.26
 20
3914078.102
 10
2601127.028
 20
3914091.262
 10
2601109.49
 20
3914152.674
 10
2601083.181
 20
3914200.927
 10
2601078.797
 20
3914253.567
 10
2601065.642
 20
3914271.113
 10
2601043.719
 20
3914314.979
 10
2601008.641
 20
3914367.618
 10
2600942.87
 20
3914433.418
 10
2600920.947
 20
3914437.804
 10
2600877.1
 20
3914455.351
 10
2600872.715
 20
3914490.444
 10
2600881.484
 20
3914525.536
 10
2600925.332
 20
3914573.789
 10
2600934.101
 20
3914595.722
 10
2600925.332
 20
3914622.042
 10
2600907.793
 20
3914630.815
 10
2600877.1
 20
3914639.588
 10
2600837.637
 20
3914648.362
 10
2600785.021
 20
3914665.908
 10
2600798.175
 20
3914683.454
 10
2600802.56
 20
3914696.614
 10
2600798.175
 20
3914709.774
 10
2600798.175
 20
3914740.48
 10
2600820.098
 20
3914762.413
 10
2600793.79
 20
3914775.573
 10
2600767.482
 20
3914775.573
 10
2600749.943
 20
3914779.96
 10
2600732.404
 20
3914797.506
 10
2600692.942
 20
3914806.28
 10
2600649.094
 20
3914806.28
 10
2600631.556
 20
3914784.346
 10
2600552.631
 20
3914749.254
 10
2600495.629
 20
3914744.867
 10
2600438.628
 20
3914744.867
 10
2600407.935
 20
3914779.96
 10
2600377.242
 20
3914784.346
 10
2600377.242
 20
3914762.413
 10
2600377.242
 20
3914740.48
 10
2600350.934
 20
3914727.321
 10
2600315.856
 20
3914705.387
 10
2600272.009
 20
3914648.362
 10
2600254.47
 20
3914635.202
 10
2600236.931
 20
3914630.815
 10
2600223.777
 20
3914600.109
 10
2600193.084
 20
3914560.629
 10
2600219.392
 20
3914543.083
 10
2600254.47
 20
3914512.377
 10
2600298.317
 20
3914507.99
 10
2600320.241
 20
3914490.444
 10
2600315.856
 20
3914472.897
 10
2600311.471
 20
3914455.351
 10
2600320.241
 20
3914455.351
 10
2600359.703
 20
3914455.351
 10
2600377.242
 20
3914429.031
 10
2600381.627
 20
3914398.325
 10
2600359.703
 20
3914363.232
 10
2600381.627
 20
3914336.912
 10
2600447.398
 20
3914328.139
 10
2600508.784
 20
3914336.912
 10
2600508.784
 20
3914376.392
 10
2600548.246
 20
3914376.392
 10
2600592.093
 20
3914407.098
 10
2600622.786
 20
3914380.778
 10
2600662.249
 20
3914354.459
 10
2600662.249
 20
3914314.979
 10
2600631.556
 20
3914297.433
 10
2600627.171
 20
3914249.18
 10
2600605.247
 20
3914205.314
 10
2600596.478
 20
3914205.314
 10
2600557.015
 20
3914205.314
 10
2600517.553
 20
3914187.767
 10
2600495.629
 20
3914165.834
 10
2600473.706
 20
3914117.582
 10
2600526.322
 20
3914069.329
 10
2600587.708
 20
3913994.756
 10
2600653.479
 20
3913942.117
 10
2600714.865
 20
3913898.251
 10
2600815.714
 20
3913832.452
 10
2600920.947
 20
3913806.132
 10
2601043.719
 20
3913792.972
 10
2601122.644
 20
3913836.838
 10
2601140.183
 20
3913880.705
 10
2601179.645
 20
3913915.797
 10
2601219.107
 20
3913915.797
 10
2601267.339
 20
3913889.478
 10
2601341.879
 20
3913907.024
 10
2601403.265
 20
3913937.73
 10
2601438.343
 20
3913964.05
 10
2601486.575
 20
3913994.756
 10
2601547.961
 20
3913985.983
 10
2601547.961
 20
3913950.89
 10
2601552.346
 20
3913889.478
 10
2601561.115
 20
3913792.972
 10
2601587.423
 20
3913740.333
 10
2601626.886
 20
3913674.534
 10
2601640.04
 20
3913630.668
 10
2601640.04
 20
3913578.028
 10
2601657.579
 20
3913521.002
 10
2601670.733
 20
3913437.657
 10
2601688.272
 20
3913358.698
 10
2601688.272
 20
3913327.992
 10
2601661.964
 20
3913332.378
 10
2601631.271
 20
3913336.765
 10
2601587.423
 20
3913371.858
 10
2601495.344
 20
3913402.564
 10
2601442.728
 20
3913428.884
 10
2601394.496
 20
3913468.363
 10
2601350.649
 20
3913494.683
 10
2601276.109
 20
3913529.776
 10
2601210.338
 20
3913529.776
 10
2601065.642
 20
3913529.776
 10
2601013.026
 20
3913534.162
 10
2600956.025
 20
3913542.935
 10
2600885.869
 20
3913578.028
 10
2600842.022
 20
3913630.668
 10
2600776.251
 20
3913705.24
 10
2600728.019
 20
3913714.013
 10
2600684.172
 20
3913727.173
 10
2600635.94
 20
3913762.266
 10
2600570.17
 20
3913806.132
 10
2600482.475
 20
3913836.838
 10
2600381.627
 20
3913876.318
 10
2600320.241
 20
3913907.024
 10
2600267.624
 20
3913942.117
 10
2600206.238
 20
3913972.823
 10
2600158.006
 20
3913990.37
 10
2600092.236
 20
3914038.623
 10
2600017.696
 20
3914095.649
 10
2599960.694
 20
3914135.128
 10
2599894.924
 20
3914161.448
 10
2599855.461
 20
3914178.994
 10
2599794.075
 20
3914205.314
 10
2599741.459
 20
3914227.247
 10
2599666.918
 20
3914244.793
 10
2599539.762
 20
3914288.659
 10
2599473.991
 20
3914306.206
 10
2599403.836
 20
3914319.366
 10
2599296.081
 20
3914393.952
 10
2599242.543
 20
3914428.883
 10
2599191.333
 20
3914468.471
 10
2599093.568
 20
3914503.403
 10
2599007.441
 20
3914540.662
 10
2598877.088
 20
3914580.251
 10
2598818.895
 20
3914596.552
 10
2598756.046
 20
3914596.552
 10
2598688.542
 20
3914591.895
 10
2598653.626
 20
3914573.265
 10
2598604.743
 20
3914556.964
 10
2598581.466
 20
3914533.676
 10
2598502.323
 20
3914445.184
 10
2598467.407
 20
3914384.637
 10
2598467.407
 20
3914335.733
 10
2598509.306
 20
3914272.857
 10
2598534.911
 20
3914223.953
 10
2598532.583
 20
3914191.351
 10
2598516.289
 20
3914051.626
 10
2598516.289
 20
3913963.134
 10
2598497.667
 20
3913916.559
 10
2598467.407
 20
3913881.628
 10
2598409.213
 20
3913865.327
 10
2598339.381
 20
3913865.327
 10
2598274.204
 20
3913883.957
 10
2598211.356
 20
3913930.532
 10
2598169.456
 20
3913991.079
 10
2598150.834
 20
3914060.941
 10
2598167.129
 20
3914093.544
 10
2598227.65
 20
3914114.502
 10
2598267.221
 20
3914109.845
 10
2598285.843
 20
3914072.585
 10
2598313.776
 20
3914065.599
 10
2598367.314
 20
3914051.626
 10
2598446.457
 20
3914051.626
 10
2598481.373
 20
3914063.27
 10
2598481.373
 20
3914102.859
 10
2598490.684
 20
3914156.42
 10
2598483.701
 20
3914200.666
 10
2598469.734
 20
3914268.2
 10
2598451.112
 20
3914310.117
 10
2598423.18
 20
3914349.706
 10
2598376.625
 20
3914349.706
 10
2598334.726
 20
3914349.706
 10
2598304.465
 20
3914347.377
 10
2598267.221
 20
3914326.418
 10
2598234.633
 20
3914314.774
 10
2598229.977
 20
3914293.816
 10
2598269.549
 20
3914268.2
 10
2598297.482
 20
3914251.898
 10
2598339.381
 20
3914258.885
 10
2598341.709
 20
3914244.912
 10
2598327.742
 20
3914237.926
 10
2598264.893
 20
3914205.323
 10
2598225.322
 20
3914202.995
 10
2598199.717
 20
3914200.666
 10
2598148.507
 20
3914200.666
 10
2598108.935
 20
3914193.68
 10
2598060.053
 20
3914165.735
 10
2598004.187
 20
3914154.091
 10
2597962.288
 20
3914126.146
 10
2597897.111
 20
3914102.859
 10
2597845.901
 20
3914098.201
 10
2597783.052
 20
3914070.256
 10
2597748.136
 20
3914051.626
 10
2597710.892
 20
3914049.298
 10
2597680.632
 20
3914049.298
 10
2597648.963
 20
3914041.345
 10
2597575.174
 20
3914023.401
 10
2597522.606
 20
3914009.627
 10
2597501.328
 20
3913999.61
 10
2597436.243
 20
3913972.062
 10
2597391.184
 20
3913954.532
 10
2597349.88
 20
3913954.532
 10
2597313.583
 20
3913955.784
 10
2597291.054
 20
3913955.784
 10
2597259.763
 20
3913916.967
 10
2597253.505
 20
3913821.802
 10
2597249.75
 20
3913737.906
 10
2597233.479
 20
3913684.063
 10
2597210.949
 20
3913654.01
 10
2597198.433
 20
3913631.471
 10
2597185.917
 20
3913590.15
 10
2597200.936
 20
3913558.845
 10
2597204.691
 20
3913506.254
 10
2597204.691
 20
3913449.906
 10
2597223.466
 20
3913394.811
 10
2597242.24
 20
3913371.02
 10
2597294.809
 20
3913367.263
 10
2597328.603
 20
3913386.046
 10
2597349.88
 20
3913413.593
 10
2597353.635
 20
3913448.654
 10
2597353.635
 20
3913487.472
 10
2597328.603
 20
3913517.524
 10
2597307.325
 20
3913541.315
 10
2597307.325
 20
3913563.854
 10
2597326.099
 20
3913578.88
 10
2597347.377
 20
3913620.202
 10
2597352.384
 20
3913659.019
 10
2597363.648
 20
3913681.558
 10
2597381.171
 20
3913692.828
 10
2597408.707
 20
3913697.836
 10
2597416.217
 20
3913697.836
 10
2597421.223
 20
3913710.358
 10
2597416.217
 20
3913720.376
 10
2597396.191
 20
3913740.41
 10
2597349.88
 20
3913780.48
 10
2597324.848
 20
3913805.523
 10
2597316.086
 20
3913825.558
 10
2597331.106
 20
3913821.802
 10
2597354.887
 20
3913787.993
 10
2597389.933
 20
3913755.436
 10
2597424.978
 20
3913726.636
 10
2597468.785
 20
3913695.332
 10
2597483.805
 20
3913656.515
 10
2597496.321
 20
3913582.637
 10
2597488.812
 20
3913518.776
 10
2597483.805
 20
3913483.715
 10
2597461.276
 20
3913453.663
 10
2597414.965
 20
3913419.854
 10
2597384.926
 20
3913402.324
 10
2597329.854
 20
3913367.263
 10
2597294.809
 20
3913350.985
 10
2597271.028
 20
3913308.411
 10
2597274.783
 20
3913264.585
 10
2597271.028
 20
3913233.281
 10
2597269.777
 20
3913044.829
 10
2597209.699
 20
3912929.629
 10
2597129.594
 20
3912834.464
 10
2597039.477
 20
3912829.455
 10
2596999.425
 20
3912824.446
 10
2596914.314
 20
3912819.438
 10
2596849.229
 20
3912839.472
 10
2596710.947
 20
3912901.881
 10
2596710.948
 20
3912901.881
 10
2596657.016
 20
3913079.079
 10
2596649.163
 20
3913236.209
 10
2596539.219
 20
3913314.774
 10
2596452.834
 20
3913440.478
 10
2596382.156
 20
3913456.191
 10
2596303.624
 20
3913471.904
 10
2596232.946
 20
3913526.899
 10
2596138.709
 20
3913542.612
 10
2595958.086
 20
3913550.469
 10
2595887.408
 20
3913652.603
 10
2595769.611
 20
3913731.168
 10
2595714.639
 20
3913794.02
 10
2595604.695
 20
3913762.594
 10
2595494.751
 20
3913715.455
 10
2595314.129
 20
3913676.173
 10
2595212.038
 20
3913809.733
 10
2595102.094
 20
3913911.868
 10
2594976.444
 20
3914006.146
 10
2594866.5
 20
3914045.428
 10
2594756.556
 20
3914092.567
 10
2594539.011
 20
3914186.845
 10
2594397.655
 20
3914273.267
 10
2594303.417
 20
3914351.832
 10
2594224.886
 20
3914367.545
 10
2594146.354
 20
3914351.832
 10
2594107.089
 20
3914453.967
 10
2594083.529
 20
3914524.675
 10
2594020.704
 20
3914579.671
 10
2593950.026
 20
3914579.671
 10
2593934.32
 20
3914681.805
 10
2593950.026
 20
3914776.083
 10
2593934.32
 20
3914972.496
 10
2593910.76
 20
3915184.621
 10
2593934.32
 20
3915506.738
 10
2593918.613
 20
3915758.146
 10
2593879.348
 20
3915962.415
 10
2593879.348
 20
3916127.402
 10
2593875.27
 20
3916262.829
 10
2593802.575
 20
3916567.364
 10
2593787.145
 20
3916735.305
 10
2593761.551
 20
3916909.144
 10
2593706.579
 20
3917050.561
 10
2593706.579
 20
3917105.556
 10
2593737.991
 20
3917184.121
 10
2593847.935
 20
3917223.404
 10
2593910.76
 20
3917160.552
 10
2593997.145
 20
3917121.269
 10
2594114.942
 20
3917121.269
 10
2594162.061
 20
3917121.269
 10
2594240.592
 20
3917121.269
 10
2594311.27
 20
3917121.269
 10
2594397.655
 20
3917058.417
 10
2594476.186
 20
3916964.139
 10
2594531.158
 20
3916869.861
 10
2594570.424
 20
3916791.296
 10
2594609.69
 20
3916744.157
 10
2594703.927
 20
3916697.018
 10
2594735.34
 20
3916673.448
 10
2594743.193
 20
3916649.879
 10
2594727.487
 20
3916602.74
 10
2594641.102
 20
3916571.314
 10
2594562.571
 20
3916571.314
 10
2594507.599
 20
3916555.601
 10
2594484.039
 20
3916555.601
 10
2594476.186
 20
3916665.592
 10
2594443.651
 20
3916684.026
 10
2594422.808
 20
3916633.983
 10
2594422.808
 20
3916583.941
 10
2594397.798
 20
3916575.6
 10
2594410.303
 20
3916696.536
 10
2594406.135
 20
3916746.579
 10
2594389.461
 20
3916796.621
 10
2594335.272
 20
3916842.494
 10
2594322.766
 20
3916834.153
 10
2594285.251
 20
3916771.6
 10
2594285.251
 20
3916713.217
 10
2594314.43
 20
3916679.855
 10
2594318.598
 20
3916667.345
 10
2594310.261
 20
3916659.004
 10
2594297.756
 20
3916629.813
 10
2594301.924
 20
3916592.281
 10
2594326.935
 20
3916571.43
 10
2594331.103
 20
3916558.919
 10
2594310.261
 20
3916554.749
 10
2594301.924
 20
3916517.217
 10
2594318.598
 20
3916463.005
 10
2594326.935
 20
3916437.983
 10
2594318.598
 20
3916379.601
 10
2594301.924
 20
3916379.601
 10
2594297.756
 20
3916429.643
 10
2594272.745
 20
3916463.005
 10
2594256.072
 20
3916538.068
 10
2594218.556
 20
3916633.983
 10
2594197.714
 20
3916734.068
 10
2594122.682
 20
3916834.153
 10
2594089.335
 20
3916850.834
 10
2593980.956
 20
3916850.834
 10
2593935.103
 20
3916829.983
 10
2593872.577
 20
3916738.238
 10
2593860.072
 20
3916700.706
 10
2593868.408
 20
3916659.004
 10
2593855.903
 20
3916600.622
 10
2593851.735
 20
3916583.941
 10
2593885.082
 20
3916533.898
 10
2593910.093
 20
3916396.281
 10
2593943.44
 20
3916296.196
 10
2593985.124
 20
3916254.494
 10
2594047.651
 20
3916196.111
 10
2594164.366
 20
3916187.771
 10
2594314.43
 20
3916212.792
 10
2594385.293
 20
3916300.367
 10
2594447.819
 20
3916350.409
 10
2594451.987
 20
3916479.686
 10
2594514.514
 20
3916479.686
 10
2594568.703
 20
3916513.047
 10
2594622.893
 20
3916517.217
 10
2594656.24
 20
3916521.388
 10
2594727.103
 20
3916558.919
 10
2594789.63
 20
3916667.345
 10
2594818.809
 20
3916713.217
 10
2594872.998
 20
3916767.43
 10
2594948.03
 20
3916846.664
 10
2595073.082
 20
3916925.898
 10
2595139.777
 20
3916980.11
 10
2595223.145
 20
3917017.642
 10
2595273.166
 20
3917055.174
 10
2595360.703
 20
3917076.025
 10
2595435.735
 20
3917076.025
 10
2595514.935
 20
3917076.025
 10
2595581.63
 20
3917046.834
 10
2595623.314
 20
3916955.089
 10
2595644.156
 20
3916825.813
 10
2595690.009
 20
3916696.536
 10
2595698.345
 20
3916583.941
 10
2595723.356
 20
3916463.005
 10
2595752.535
 20
3916396.281
 10
2595752.535
 20
3916317.047
 10
2595744.198
 20
3916200.282
 10
2595715.019
 20
3916317.047
 10
2595681.672
 20
3916375.43
 10
2595653.797
 20
3916421.406
 10
2595636.699
 20
3916421.406
 10
2595631.438
 20
3916446.406
 10
2595618.286
 20
3916464.827
 10
2595602.503
 20
3916487.195
 10
2595591.981
 20
3916531.932
 10
2595584.09
 20
3916560.88
 10
2595574.883
 20
3916576.669
 10
2595580.144
 20
3916509.564
 10
2595613.025
 20
3916452.985
 10
2595628.808
 20
3916424.038
 10
2595616.97
 20
3916405.616
 10
2595595.927
 20
3916392.459
 10
2595618.286
 20
3916389.827
 10
2595641.96
 20
3916349.038
 10
2595669.58
 20
3916288.511
 10
2595685.362
 20
3916255.617
 10
2595695.884
 20
3916183.248
 10
2595726.134
 20
3916130.617
 10
2595778.168
 20
3916109.726
 10
2595811.31
 20
3916071.899
 10
2595863.39
 20
3916048.257
 10
2595901.266
 20
3916010.43
 10
2595950.979
 20
3915989.153
 10
2596000.692
 20
3915982.06
 10
2596103.604
 20
3915951.669
 10
2596158.844
 20
3915942.459
 10
2596195.67
 20
3915943.775
 10
2596252.225
 20
3915966.143
 10
2596251.622
 20
3916071.899
 10
2596203.562
 20
3916109.564
 10
2596174.627
 20
3916139.827
 10
2596157.529
 20
3916181.932
 10
2596164.105
 20
3916262.196
 10
2596152.268
 20
3916293.774
 10
2596162.79
 20
3916360.88
 10
2596182.518
 20
3916370.09
 10
2596111.496
 20
3916439.827
 10
2596082.561
 20
3916446.406
 10
2596040.473
 20
3916468.774
 10
2595993.125
 20
3916485.88
 10
2595956.299
 20
3916526.669
 10
2595947.092
 20
3916555.616
 10
2595923.418
 20
3916604.301
 10
2595894.483
 20
3916658.248
 10
2595889.222
 20
3916685.879
 10
2595868.179
 20
3916701.669
 10
2595860.287
 20
3916713.649
 10
2595852.396
 20
3916745.228
 10
2595848.45
 20
3916755.754
 10
2595848.45
 20
3916763.649
 10
2595843.189
 20
3916772.86
 10
2595830.037
 20
3916799.176
 10
2595826.092
 20
3916814.965
 10
2595823.461
 20
3916829.439
 10
2595812.939
 20
3916855.754
 10
2595812.939
 20
3916879.439
 10
2595806.363
 20
3916893.912
 10
2595776.113
 20
3916914.965
  0
LWPOLYLINE
  5
26B
102
{ACAD_XDICTIONARY
360
26C
102
}
330
1F
100
AcDbEntity
  8
TDF.DBO
100
AcDbPolyline
 90
       21
 70
     1
 43
0.0
 10
2618451.108
 20
3913651.419
 10
2618429.1
 20
3913665.709
 10
2618402.84
 20
3913673.897
 10
2618377.237
 20
3913673.102
 10
2618351.819
 20
3913674.838
 10
2618328.188
 20
3913684.132
 10
2618314.41
 20
3913706.8
 10
2618317.437
 20
3913732.14
 10
2618330.446
 20
3913754.246
 10
2618356.576
 20
3913762.677
 10
2618382.433
 20
3913767.296
 10
2618406.993
 20
3913752.831
 10
2618430.271
 20
3913738.463
 10
2618451.009
 20
3913724.262
 10
2618468.853
 20
3913705.143
 10
2618489.415
 20
3913688.399
 10
2618512.958
 20
3913677.844
 10
2618525.465
 20
3913655.263
 10
2618521.213
 20
3913649.162
 10
2618499.815
 20
3913635.296
 10
2618474.66
 20
3913640.855
  0
LWPOLYLINE
  5
27A
102
{ACAD_XDICTIONARY
360
27B
102
}
330
1F
100
AcDbEntity
  8
TDF.DBO
100
AcDbPolyline
 90
        8
 70
     1
 43
0.0
 10
2627414.239
 20
3907947.403
 10
2627420.076
 20
3907939.339
 10
2627394.736
 20
3907942.355
 10
2627387.499
 20
3907967.128
 10
2627378.902
 20
3907990.716
 10
2627389.456
 20
3908014.278
 10
2627410.028
 20
3907997.535
 10
2627415.995
 20
3907972.842
  0
LWPOLYLINE
  5
289
102
{ACAD_XDICTIONARY
360
28A
102
}
330
1F
100
AcDbEntity
  8
TDF.DBO
100
AcDbPolyline
 90
        7
 70
     1
 43
0.0
 10
2626683.014
 20
3907027.732
 10
2626667.965
 20
3907050.488
 10
2626667.168
 20
3907076.101
 10
2626676.778
 20
3907087.029
 10
2626693.35
 20
3907066.633
 10
2626708.477
 20
3907045.157
 10
2626707.915
 20
3907018.36
  0
LWPOLYLINE
  5
298
102
{ACAD_XDICTIONARY
360
299
102
}
330
1F
100
AcDbEntity
  8
TDF.DBO
100
AcDbPolyline
 90
       35
 70
     1
 43
0.0
 10
2626281.752
 20
3908198.135
 10
2626242.287
 20
3908163.859
 10
2626188.576
 20
3908158.107
 10
2626135.793
 20
3908177.799
 10
2626109.57
 20
3908227.127
 10
2626114.157
 20
3908283.012
 10
2626095.566
 20
3908332.069
 10
2626087.339
 20
3908385.858
 10
2626076.567
 20
3908439.736
 10
2626071.07
 20
3908498.523
 10
2626075.473
 20
3908549.32
 10
2626041.43
 20
3908593.827
 10
2625999.197
 20
3908623.337
 10
2625965.247
 20
3908670.389
 10
2625972.286
 20
3908723.64
 10
2625994.406
 20
3908771.265
 10
2626016.711
 20
3908823.978
 10
2626048.823
 20
3908866.155
 10
2626102.069
 20
3908859.186
 10
2626149.02
 20
3908819.318
 10
2626183.248
 20
3908779.9
 10
2626209.565
 20
3908733.117
 10
2626212.796
 20
3908682.053
 10
2626203.12
 20
3908626.346
 10
2626187.238
 20
3908608.176
 10
2626168.185
 20
3908576.625
 10
2626163.505
 20
3908518.197
 10
2626217.308
 20
3908526.493
 10
2626268.661
 20
3908537.421
 10
2626305.433
 20
3908497.913
 10
2626334.48
 20
3908456.129
 10
2626353.071
 20
3908407.071
 10
2626328.127
 20
3908351.903
 10
2626295.83
 20
3908304.637
 10
2626298.783
 20
3908245.939
  0
LWPOLYLINE
  5
2A7
102
{ACAD_XDICTIONARY
360
2A8
102
}
330
1F
100
AcDbEntity
  8
TDF.DBO
100
AcDbPolyline
 90
       20
 70
     1
 43
0.0
 10
2627699.572
 20
3907745.694
 10
2627648.87
 20
3907752.574
 10
2627587.805
 20
3907754.725
 10
2627529.005
 20
3907749.152
 10
2627494.777
 20
3907788.571
 10
2627516.896
 20
3907836.196
 10
2627563.439
 20
3907854.938
 10
2627562.751
 20
3907905.913
 10
2627574.88
 20
3907958.985
 10
2627614.438
 20
3907995.806
 10
2627663.804
 20
3908022.09
 10
2627704.013
 20
3908071.862
 10
2627759.99
 20
3908074.749
 10
2627802.037
 20
3908040.151
 10
2627833.349
 20
3907990.644
 10
2627844.307
 20
3907941.855
 10
2627834.815
 20
3907891.237
 10
2627820.329
 20
3907843.344
 10
2627773.416
 20
3907814.425
 10
2627736.494
 20
3907780.06
  0
LWPOLYLINE
  5
2B6
102
{ACAD_XDICTIONARY
360
2B7
102
}
330
1F
100
AcDbEntity
  8
TDF.DBO
100
AcDbPolyline
 90
     2536
 70
     1
 43
0.0
 10
2539355.699
 20
4144900.145
 10
2539440.937
 20
4144793.558
 10
2539526.174
 20
4144740.265
 10
2539579.448
 20
4144633.678
 10
2539622.066
 20
4144569.725
 10
2539675.34
 20
4144548.408
 10
2539696.649
 20
4144484.456
 10
2539792.541
 20
4144356.551
 10
2539824.505
 20
4144271.281
 10
2539867.124
 20
4144249.964
 10
2539920.397
 20
4144196.67
 10
2539931.052
 20
4144111.401
 10
2539994.98
 20
4144068.766
 10
2540026.944
 20
4144026.131
 10
2540090.872
 20
4143876.909
 10
2540144.146
 20
4143812.957
 10
2540176.11
 20
4143717.028
 10
2540176.11
 20
4143642.417
 10
2540229.383
 20
4143610.441
 10
2540293.311
 20
4143589.124
 10
2540325.275
 20
4143525.171
 10
2540421.167
 20
4143386.608
 10
2540527.714
 20
4143258.704
 10
2540580.987
 20
4143162.775
 10
2540602.297
 20
4143109.482
 10
2540623.606
 20
4143066.847
 10
2540698.189
 20
4143024.212
 10
2540708.844
 20
4142981.577
 10
2540762.117
 20
4142917.625
 10
2540847.354
 20
4142811.038
 10
2540879.318
 20
4142768.403
 10
2540943.246
 20
4142747.085
 10
2540975.211
 20
4142672.474
 10
2540953.901
 20
4142619.181
 10
2541028.484
 20
4142544.57
 10
2541092.412
 20
4142469.959
 10
2541145.685
 20
4142384.689
 10
2541241.577
 20
4142278.102
 10
2541273.542
 20
4142224.808
 10
2541326.815
 20
4142150.197
 10
2541401.398
 20
4142118.221
 10
2541433.362
 20
4142075.586
 10
2541465.326
 20
4141979.658
 10
2541603.837
 20
4141905.047
 10
2541614.491
 20
4141798.46
 10
2541678.419
 20
4141755.825
 10
2541753.002
 20
4141585.286
 10
2541848.894
 20
4141457.381
 10
2541880.858
 20
4141382.77
 10
2542008.714
 20
4141265.524
 10
2542072.642
 20
4141137.62
 10
2542115.261
 20
4141073.667
 10
2542200.499
 20
4140924.445
 10
2542317.7
 20
4140807.2
 10
2542349.664
 20
4140700.612
 10
2542381.628
 20
4140604.684
 10
2542477.52
 20
4140551.39
 10
2542594.722
 20
4140423.486
 10
2542616.031
 20
4140295.581
 10
2542658.65
 20
4140242.288
 10
2542711.923
 20
4140199.653
 10
2542757.632
 20
4140099.978
 10
2542841.291
 20
4140004.589
 10
2542971.938
 20
4139810.508
 10
2543097.301
 20
4139511.979
 10
2543225.215
 20
4139217.262
 10
2543364.726
 20
4139002.767
 10
2543463.682
 20
4138866.121
 10
2543742.982
 20
4138584.912
 10
2543910.655
 20
4138502.825
 10
2544187.676
 20
4138097.794
 10
2544390.115
 20
4137767.374
 10
2544677.792
 20
4137394.319
 10
2544794.993
 20
4137181.145
 10
2545061.36
 20
4136808.09
 10
2545231.835
 20
4136605.574
 10
2545317.072
 20
4136424.376
 10
2545466.238
 20
4136147.249
 10
2545689.986
 20
4135838.147
 10
2545775.224
 20
4135731.56
 10
2545828.497
 20
4135646.29
 10
2546073.555
 20
4135273.235
 10
2546148.137
 20
4135219.941
 10
2546393.195
 20
4134868.204
 10
2546691.526
 20
4134452.514
 10
2546936.584
 20
4134111.435
 10
2547011.166
 20
4134068.8
 10
2547117.713
 20
4133962.213
 10
2547160.332
 20
4133898.261
 10
2547128.368
 20
4133866.285
 10
2547140.241
 20
4133780.847
 10
2547190.937
 20
4133683.855
 10
2547358.315
 20
4133406.843
 10
2547523.098
 20
4133103.085
 10
2547684.23
 20
4132887.244
 10
2547863.031
 20
4132597.454
 10
2548098.828
 20
4132178.801
 10
2548255.729
 20
4131741.303
 10
2548371.867
 20
4131270.818
 10
2548458.967
 20
4130916.362
 10
2548568.909
 20
4130533.801
 10
2548685.03
 20
4130054.399
 10
2548780.923
 20
4129641.31
 10
2548826.899
 20
4129393.958
 10
2548922.792
 20
4129042.22
 10
2549029.338
 20
4128583.895
 10
2549114.576
 20
4128178.864
 10
2549231.777
 20
4127613.952
 10
2549327.669
 20
4127112.993
 10
2549327.669
 20
4126921.136
 10
2549402.252
 20
4126782.573
 10
2549466.18
 20
4126601.375
 10
2549476.835
 20
4126516.105
 10
2549536.393
 20
4126411.687
 10
2549575.172
 20
4126256.265
 10
2549580.019
 20
4125906.567
 10
2549613.951
 20
4125692.862
 10
2549657.577
 20
4125605.438
 10
2549749.677
 20
4125450.016
 10
2549801.735
 20
4125269.438
 10
2549838.241
 20
4125066.754
 10
2549881.105
 20
4124862.775
 10
2549898.643
 20
4124718.758
 10
2549946.494
 20
4124461.255
 10
2550061.333
 20
4123976.76
 10
2550135.817
 20
4123677.127
 10
2550141.663
 20
4123403.204
 10
2550148.796
 20
4123136.92
 10
2550177.521
 20
4122854.001
 10
2550259.447
 20
4122453.699
 10
2550278.984
 20
4122019.209
 10
2550345.647
 20
4121618.959
 10
2550400.856
 20
4121214.924
 10
2550466.305
 20
4120845.253
 10
2550615.314
 20
4120268.918
 10
2550713.919
 20
4119944.999
 10
2550868.352
 20
4119548.276
 10
2550921.285
 20
4119286.934
 10
2550945.189
 20
4119146.717
 10
2550991.883
 20
4118950.369
 10
2551103.026
 20
4118529.585
 10
2551239.535
 20
4118070.498
 10
2551381.257
 20
4117677.64
 10
2551432.998
 20
4117459.617
 10
2551482.286
 20
4117290.014
 10
2551703.873
 20
4116601.458
 10
2551810.42
 20
4116175.11
 10
2551906.312
 20
4116057.864
 10
2551980.895
 20
4115897.983
 10
2552002.204
 20
4115759.42
 10
2552108.751
 20
4115514.27
 10
2552140.715
 20
4115375.706
 10
2552225.952
 20
4115130.556
 10
2552236.607
 20
4115055.945
 10
2552268.571
 20
4114917.382
 10
2552353.808
 20
4114714.866
 10
2552364.463
 20
4114650.914
 10
2552428.391
 20
4114501.692
 10
2552428.391
 20
4114427.081
 10
2552481.665
 20
4114352.47
 10
2552524.283
 20
4114213.907
 10
2552630.83
 20
4114011.391
 10
2552641.485
 20
4113958.097
 10
2552694.758
 20
4113798.217
 10
2552726.722
 20
4113691.63
 10
2552833.269
 20
4113350.551
 10
2552939.816
 20
4112988.155
 10
2553057.017
 20
4112636.417
 10
2553184.873
 20
4112401.925
 10
2553216.837
 20
4112124.799
 10
2553280.766
 20
4111996.894
 10
2553334.039
 20
4111826.355
 10
2553408.622
 20
4111570.546
 10
2553424.65
 20
4111237.233
 10
2553361.81
 20
4110962.266
 10
2553200.065
 20
4110850.697
 10
2553180.943
 20
4110827.83
 10
2553020.216
 20
4110581.217
 10
2552932.1
 20
4110392.965
 10
2552827.543
 20
4110255.726
 10
2552748.032
 20
4110142.278
 10
2552615.887
 20
4109981.256
 10
2552562.476
 20
4109986.531
 10
2552422.754
 20
4110088.917
 10
2552367.23
 20
4110324.788
 10
2552387.961
 20
4110527.28
 10
2552477.745
 20
4110927.007
 10
2552501.079
 20
4111161.34
 10
2552540.969
 20
4111407.083
 10
2552593.665
 20
4111698.647
 10
2552619.619
 20
4111973.737
 10
2552640.502
 20
4112257.764
 10
2552675.276
 20
4112488.236
 10
2552689.931
 20
4112842.351
 10
2552677.507
 20
4113000.366
 10
2552680.347
 20
4113158.329
 10
2552612.092
 20
4113387.873
 10
2552463.958
 20
4113752.725
 10
2552327.27
 20
4114116.265
 10
2552238.724
 20
4114377.726
 10
2552200.904
 20
4114558.757
 10
2552134.032
 20
4114846.899
 10
2552060.708
 20
4115086.651
 10
2552043.085
 20
4115184.806
 10
2551870.935
 20
4115629.999
 10
2551781.152
 20
4115910.574
 10
2551679.989
 20
4116226.858
 10
2551567.136
 20
4116413.236
 10
2551482.336
 20
4116637.74
 10
2551331.782
 20
4117068.847
 10
2551221.759
 20
4117408.092
 10
2551106.715
 20
4117783.025
 10
2550879.041
 20
4118464.089
 10
2550615.396
 20
4118954.178
 10
2550436.636
 20
4119265.625
 10
2550429.199
 20
4119370.116
 10
2550387.507
 20
4119520.585
 10
2550364.88
 20
4119663.346
 10
2550306.557
 20
4119762.911
 10
2550220.29
 20
4119882.953
 10
2550120.184
 20
4120084.576
 10
2549993.714
 20
4120471.014
 10
2549873.307
 20
4120699.458
 10
2549779.48
 20
4120857.745
 10
2549584.237
 20
4121197.275
 10
2549477.781
 20
4121404.016
 10
2549330.853
 20
4121733.193
 10
2549173.844
 20
4122113.362
 10
2549108.245
 20
4122402.774
 10
2549088.386
 20
4122665.279
 10
2549069.856
 20
4122958.355
 10
2549033.302
 20
4123135.559
 10
2548980.324
 20
4123372.696
 10
2548980.744
 20
4123596.914
 10
2549009.314
 20
4123910.215
 10
2548991.924
 20
4124133.219
 10
2549062.326
 20
4124371.216
 10
2549154.316
 20
4124590.031
 10
2549224.802
 20
4124872.617
 10
2549180.59
 20
4125035.834
 10
2549156.753
 20
4125211.722
 10
2549101.06
 20
4125357.141
 10
2548964.03
 20
4125538.504
 10
2548787.565
 20
4125717.452
 10
2548633.914
 20
4125853.007
 10
2548417.929
 20
4125983.676
 10
2548056.929
 20
4126107.186
 10
2547812.744
 20
4126122.018
 10
2547594.027
 20
4126152.052
 10
2547281.169
 20
4126173.483
 10
2547072.41
 20
4126087.552
 10
2546925.995
 20
4126011.604
 10
2546742.693
 20
4125935.78
 10
2546598.917
 20
4125910.782
 10
2546471.8
 20
4125951.975
 10
2546362.421
 20
4125956.163
 10
2546139.792
 20
4125935.251
 10
2545821.623
 20
4125836.947
 10
2545551.677
 20
4125679.878
 10
2545373.566
 20
4125658.817
 10
2545229.229
 20
4125560.035
 10
2545016.136
 20
4125453.448
 10
2544835.006
 20
4125453.448
 10
2544792.388
 20
4125549.376
 10
2544707.15
 20
4125655.963
 10
2544568.639
 20
4125666.622
 10
2544419.474
 20
4125634.646
 10
2544248.999
 20
4125581.352
 10
2544121.143
 20
4125560.035
 10
2544014.596
 20
4125560.035
 10
2543929.359
 20
4125485.424
 10
2543780.193
 20
4125400.154
 10
2543684.301
 20
4125400.154
 10
2543524.481
 20
4125282.908
 10
2543385.97
 20
4125229.615
 10
2543226.15
 20
4125037.758
 10
2543034.366
 20
4124845.901
 10
2542842.581
 20
4124664.703
 10
2542661.452
 20
4124547.457
 10
2542480.322
 20
4124483.505
 10
2542256.574
 20
4124387.577
 10
2542064.79
 20
4124217.037
 10
2541926.279
 20
4123993.204
 10
2541777.113
 20
4123769.371
 10
2541702.531
 20
4123726.736
 10
2541532.056
 20
4123364.34
 10
2541382.89
 20
4123225.777
 10
2541244.38
 20
4123087.214
 10
2541180.451
 20
4122842.063
 10
2541212.415
 20
4122639.548
 10
2541223.07
 20
4122469.008
 10
2541255.034
 20
4122277.151
 10
2541159.142
 20
4122074.636
 10
2541276.344
 20
4121904.096
 10
2541361.581
 20
4121797.509
 10
2541340.272
 20
4121733.557
 10
2541244.38
 20
4121680.263
 10
2541084.559
 20
4121648.287
 10
2540999.322
 20
4121594.994
 10
2540946.049
 20
4121509.724
 10
2540956.703
 20
4121456.43
 10
2540999.322
 20
4121339.185
 10
2540956.703
 20
4121264.574
 10
2540882.12
 20
4121264.574
 10
2540764.919
 20
4121285.891
 10
2540573.135
 20
4121360.502
 10
2540326.255
 20
4121451.228
 10
2540065.507
 20
4121450.827
 10
2539706.807
 20
4121444.384
 10
2539477.788
 20
4121406.932
 10
2539233.414
 20
4121321.121
 10
2539009.411
 20
4121245.432
 10
2538828.51
 20
4121093.161
 10
2538797.741
 20
4120963.319
 10
2538867.234
 20
4120715.936
 10
2538995.389
 20
4120549.89
 10
2539219.991
 20
4120294.631
 10
2539433.084
 20
4120209.361
 10
2539433.084
 20
4120145.409
 10
2539379.811
 20
4120113.433
 10
2539148.987
 20
4120238.788
 10
2539019.986
 20
4120195.771
 10
2539019.986
 20
4120088.23
 10
2538912.486
 20
4120002.197
 10
2538740.484
 20
4119916.164
 10
2538505.874
 20
4119968.05
 10
2538239.639
 20
4119754.914
 10
2537900.517
 20
4119335.639
 10
2537774.004
 20
4119020.117
 10
2537582.842
 20
4118822.018
 10
2537259.356
 20
4118601.43
 10
2537082.056
 20
4118334.489
 10
2536981.216
 20
4118143.731
 10
2537062.309
 20
4117977.843
 10
2537235.691
 20
4117784.775
 10
2537364.692
 20
4117677.234
 10
2537622.693
 20
4117462.151
 10
2537515.193
 20
4117505.167
 10
2537278.691
 20
4117462.151
 10
2537063.689
 20
4117440.643
 10
2536891.688
 20
4117483.659
 10
2536698.187
 20
4117440.643
 10
2536569.186
 20
4117290.084
 10
2536569.186
 20
4117182.543
 10
2536655.186
 20
4117075.001
 10
2536827.188
 20
4116967.46
 10
2536977.689
 20
4116752.377
 10
2537192.69
 20
4116666.344
 10
2537257.191
 20
4116558.802
 10
2537214.19
 20
4116494.277
 10
2537128.19
 20
4116408.244
 10
2536827.188
 20
4116408.244
 10
2536440.185
 20
4116386.736
 10
2536246.683
 20
4116343.719
 10
2536268.183
 20
4116343.719
 10
2536397.184
 20
4116322.211
 10
2536612.186
 20
4116257.686
 10
2536762.687
 20
4116150.144
 10
2536805.687
 20
4116107.128
 10
2536459.683
 20
4116086.738
 10
2536440.185
 20
4116021.095
 10
2536150.508
 20
4116036.814
 10
2535756.089
 20
4115974.437
 10
2535353.934
 20
4115856.03
 10
2535178.436
 20
4115871.906
 10
2534817.171
 20
4115854.006
 10
2534518.343
 20
4115895.774
 10
2534247.168
 20
4115849.028
 10
2534118.167
 20
4115849.028
 10
2534010.667
 20
4115784.503
 10
2533795.665
 20
4115676.962
 10
2533688.164
 20
4115590.929
 10
2533623.664
 20
4115483.387
 10
2533580.663
 20
4115354.337
 10
2533516.163
 20
4115289.812
 10
2533365.662
 20
4115203.779
 10
2533301.161
 20
4115074.729
 10
2533430.162
 20
4114902.663
 10
2533559.163
 20
4114816.63
 10
2533709.664
 20
4114773.613
 10
2533903.166
 20
4114730.596
 10
2533903.166
 20
4114644.563
 10
2533903.166
 20
4114537.022
 10
2533860.166
 20
4114515.513
 10
2533817.165
 20
4114537.022
 10
2533709.664
 20
4114537.022
 10
2533731.165
 20
4114472.497
 10
2533731.165
 20
4114386.464
 10
2533623.664
 20
4114278.922
 10
2533537.663
 20
4114235.906
 10
2533358.471
 20
4113972.465
 10
2533376.299
 20
4113992.178
 10
2533151.698
 20
4113697.881
 10
2532938.25
 20
4113501.919
 10
2532740.861
 20
4113284.441
 10
2532537.024
 20
4113082.166
 10
2532412.428
 20
4112887.732
 10
2532223.904
 20
4112693.747
 10
2531736.962
 20
4112111.384
 10
2531214.088
 20
4111566.335
 10
2530979.144
 20
4111289.268
 10
2530914.644
 20
4111353.793
 10
2530828.643
 20
4111332.285
 10
2530721.142
 20
4111181.727
 10
2530678.142
 20
4111095.693
 10
2530764.143
 20
4111009.66
 10
2530678.142
 20
4110945.135
 10
2530613.641
 20
4110773.069
 10
2530613.641
 20
4110665.527
 10
2530699.642
 20
4110644.019
 10
2530936.144
 20
4110579.494
 10
2531172.646
 20
4110557.986
 10
2531258.646
 20
4110493.461
 10
2531194.146
 20
4110385.92
 10
2531108.145
 20
4110192.345
 10
2531129.645
 20
4110084.803
 10
2531065.145
 20
4109998.77
 10
2530893.144
 20
4109805.195
 10
2530764.143
 20
4109590.112
 10
2530527.641
 20
4109267.488
 10
2530398.64
 20
4108643.747
 10
2530242.342
 20
4108384.81
 10
2530239.23
 20
4108361.335
 10
2530081.555
 20
4107765.981
 10
2529929.389
 20
4107238.503
 10
2529846.104
 20
4106933.202
 10
2529744.942
 20
4106266.346
 10
2529692.013
 20
4105696.666
 10
2529719.761
 20
4105446.866
 10
2529671.448
 20
4105161.453
 10
2529667.852
 20
4104167.954
 10
2529667.852
 20
4103931.363
 10
2529581.851
 20
4103673.263
 10
2529667.852
 20
4103565.722
 10
2529689.352
 20
4103071.031
 10
2529753.853
 20
4102769.914
 10
2529689.352
 20
4102511.815
 10
2529753.853
 20
4102404.273
 10
2529753.853
 20
4102038.632
 10
2529818.353
 20
4101845.057
 10
2529882.853
 20
4101672.991
 10
2529861.353
 20
4101586.958
 10
2529861.353
 20
4101414.891
 10
2529861.353
 20
4101328.858
 10
2529796.853
 20
4101285.842
 10
2529775.353
 20
4101221.317
 10
2529861.353
 20
4101221.317
 10
2529932.329
 20
4101191.387
 10
2530084.705
 20
4101104.007
 10
2530238.928
 20
4101002.663
 10
2530284.998
 20
4100501.305
 10
2530357.094
 20
4099968.778
 10
2530367.203
 20
4099573.556
 10
2530515.808
 20
4099522.267
 10
2530716.778
 20
4099360.493
 10
2531000.781
 20
4099204.805
 10
2531310.918
 20
4098909.456
 10
2531597.247
 20
4098576.75
 10
2531896.274
 20
4098229.411
 10
2532224.127
 20
4097901.017
 10
2532654.563
 20
4097529.16
 10
2533039.007
 20
4097153.006
 10
2533490.566
 20
4096652.51
 10
2533679.376
 20
4096476.867
 10
2533912.892
 20
4096198.359
 10
2534057.677
 20
4096083.217
 10
2534367.423
 20
4095758.59
 10
2534608.627
 20
4095510.631
 10
2534707.461
 20
4095309.013
 10
2535063.244
 20
4095116.725
 10
2535230.968
 20
4095024.437
 10
2535238.342
 20
4094886.823
 10
2535426.261
 20
4094711.66
 10
2535736.133
 20
4094454.553
 10
2536100.779
 20
4094240.579
 10
2536495.992
 20
4094048.159
 10
2536827.405
 20
4093865.477
 10
2537063.907
 20
4093693.411
 10
2537278.908
 20
4093671.903
 10
2537429.409
 20
4093671.903
 10
2537558.41
 20
4093822.461
 10
2537837.912
 20
4093951.511
 10
2538052.769
 20
4094006.0
 10
2538245.907
 20
4093900.887
 10
2538463.221
 20
4093800.79
 10
2539015.913
 20
4093479.172
 10
2539204.095
 20
4093444.144
 10
2539547.197
 20
4093272.283
 10
2539895.136
 20
4092966.638
 10
2540365.195
 20
4092668.228
 10
2540858.34
 20
4092471.659
 10
2541135.467
 20
4092387.922
 10
2541367.044
 20
4092433.009
 10
2541491.923
 20
4092554.892
 10
2541652.482
 20
4092712.327
 10
2541810.307
 20
4092767.853
 10
2542026.388
 20
4092688.143
 10
2542486.293
 20
4092401.233
 10
2543314.973
 20
4092067.225
 10
2544548.574
 20
4091582.403
 10
2545097.867
 20
4091486.838
 10
2545456.101
 20
4091462.946
 10
2545790.453
 20
4091343.49
 10
2546100.923
 20
4091415.164
 10
2546650.215
 20
4091582.403
 10
2547127.861
 20
4091749.642
 10
2547963.741
 20
4091916.881
 10
2548608.563
 20
4092060.229
 10
2549539.972
 20
4092251.36
 10
2549922.088
 20
4092346.925
 10
2550471.381
 20
4092538.056
 10
2550781.851
 20
4092490.273
 10
2551020.673
 20
4092609.73
 10
2551355.025
 20
4092633.621
 10
2551904.318
 20
4092776.969
 10
2552119.258
 20
4092968.1
 10
2552238.67
 20
4093015.883
 10
2552453.61
 20
4092896.426
 10
2552549.14
 20
4092968.1
 10
2552716.316
 20
4093087.557
 10
2552979.021
 20
4092991.991
 10
2553217.844
 20
4092872.535
 10
2553361.137
 20
4092657.513
 10
2554029.841
 20
4092323.034
 10
2554244.782
 20
4092275.251
 10
2554459.722
 20
4092179.686
 10
2554722.428
 20
4091988.555
 10
2555200.073
 20
4091773.533
 10
2555391.132
 20
4091606.294
 10
2555677.719
 20
4091343.49
 10
2555988.189
 20
4091128.468
 10
2556489.717
 20
4090889.554
 10
2556656.893
 20
4090674.532
 10
2556871.833
 20
4090555.076
 10
2557325.597
 20
4090220.597
 10
2557683.831
 20
4089766.662
 10
2557994.301
 20
4089241.053
 10
2558137.594
 20
4089002.139
 10
2558400.299
 20
4088619.878
 10
2558758.534
 20
4088213.725
 10
2559021.239
 20
4087855.356
 10
2559260.062
 20
4087473.094
 10
2559522.767
 20
4087114.724
 10
2559618.296
 20
4086828.028
 10
2559618.296
 20
4086684.68
 10
2559800.031
 20
4086464.967
 10
2559895.56
 20
4086226.054
 10
2559895.56
 20
4086082.706
 10
2559895.56
 20
4085843.793
 10
2559919.443
 20
4085724.336
 10
2560086.619
 20
4085652.662
 10
2560397.088
 20
4085079.27
 10
2560397.088
 20
4084864.248
 10
2560564.264
 20
4084458.096
 10
2560683.676
 20
4084171.4
 10
2560755.322
 20
4084051.943
 10
2560826.969
 20
4083765.247
 10
2560994.145
 20
4083263.529
 10
2561113.557
 20
4082929.051
 10
2561113.557
 20
4082690.137
 10
2561041.91
 20
4082499.007
 10
2561137.439
 20
4082379.55
 10
2561041.91
 20
4082331.767
 10
2561041.91
 20
4082260.094
 10
2561065.792
 20
4082164.528
 10
2561137.439
 20
4082140.637
 10
2561232.968
 20
4082140.637
 10
2561256.85
 20
4082021.18
 10
2561280.733
 20
4081830.05
 10
2561424.026
 20
4081567.245
 10
2561471.791
 20
4081447.788
 10
2561495.673
 20
4080969.962
 10
2561495.673
 20
4080683.266
 10
2561495.673
 20
4080133.765
 10
2561543.438
 20
4079799.287
 10
2561638.967
 20
4079488.699
 10
2561662.849
 20
4078963.09
 10
2561758.378
 20
4078365.807
 10
2561782.261
 20
4077625.176
 10
2561901.672
 20
4077314.588
 10
2561949.437
 20
4077171.24
 10
2562021.084
 20
4076884.545
 10
2562092.73
 20
4076478.392
 10
2562021.084
 20
4076287.261
 10
2561949.437
 20
4076048.348
 10
2561997.201
 20
4075833.326
 10
2562178.625
 20
4075305.119
 10
2562217.322
 20
4074913.88
 10
2562336.39
 20
4074649.769
 10
2562420.918
 20
4074280.034
 10
2562496.666
 20
4073976.575
 10
2562628.145
 20
4073548.08
 10
2562777.076
 20
4072929.703
 10
2562891.884
 20
4072428.648
 10
2563033.114
 20
4071773.353
 10
2563239.29
 20
4071050.369
 10
2563263.173
 20
4070835.347
 10
2563287.055
 20
4070572.543
 10
2563406.466
 20
4070309.738
 10
2563501.996
 20
4070118.607
 10
2563501.996
 20
4070094.716
 10
2563525.878
 20
4069999.151
 10
2563645.289
 20
4069712.455
 10
2563645.289
 20
4069425.759
 10
2563788.583
 20
4069258.52
 10
2563907.994
 20
4068971.824
 10
2563955.759
 20
4068732.91
 10
2564099.053
 20
4068278.975
 10
2564409.522
 20
4067394.996
 10
2564481.169
 20
4066869.387
 10
2564648.345
 20
4066702.147
 10
2564648.345
 20
4066582.691
 10
2564696.11
 20
4066439.343
 10
2564839.404
 20
4066104.864
 10
2565030.462
 20
4065889.842
 10
2565173.756
 20
4065388.124
 10
2565746.93
 20
4064002.427
 10
2566152.929
 20
4063046.774
 10
2566415.634
 20
4062568.947
 10
2566893.28
 20
4061804.425
 10
2566910.94
 20
4061611.588
 10
2567401.736
 20
4060840.465
 10
2567910.675
 20
4060247.637
 10
2568093.293
 20
4059959.107
 10
2568335.529
 20
4059582.474
 10
2568481.116
 20
4059216.356
 10
2568709.186
 20
4058746.77
 10
2568955.01
 20
4058249.098
 10
2569051.41
 20
4058106.09
 10
2569179.455
 20
4057881.442
 10
2569413.994
 20
4057470.437
 10
2569775.562
 20
4056971.103
 10
2570066.071
 20
4056562.459
 10
2570200.436
 20
4056316.131
 10
2570362.957
 20
4056162.71
 10
2570556.043
 20
4055908.19
 10
2570690.152
 20
4055646.929
 10
2570910.971
 20
4055381.204
 10
2571134.402
 20
4055151.14
 10
2571380.604
 20
4054854.754
 10
2571556.478
 20
4054663.369
 10
2571663.948
 20
4054543.912
 10
2571711.713
 20
4054424.455
 10
2571795.301
 20
4054340.836
 10
2571938.595
 20
4054269.162
 10
2571986.359
 20
4054185.542
 10
2572152.268
 20
4053960.388
 10
2572327.533
 20
4053819.664
 10
2572444.283
 20
4053676.588
 10
2572525.525
 20
4053589.686
 10
2572705.781
 20
4053397.987
 10
2572831.473
 20
4053275.264
 10
2572983.862
 20
4053144.809
 10
2573109.497
 20
4052991.511
 10
2573220.639
 20
4052880.145
 10
2573270.029
 20
4052812.209
 10
2573300.897
 20
4052768.976
 10
2573350.287
 20
4052744.272
 10
2573362.634
 20
4052713.392
 10
2573417.975
 20
4052684.586
 10
2573514.002
 20
4052619.429
 10
2573709.264
 20
4052468.239
 10
2573976.748
 20
4052224.294
 10
2574224.386
 20
4052001.547
 10
2574447.261
 20
4051811.8
 10
2574770.237
 20
4051496.713
 10
2574906.059
 20
4051428.777
 10
2574992.49
 20
4051336.136
 10
2575085.096
 20
4051262.024
 10
2575159.18
 20
4051181.736
 10
2575245.612
 20
4051101.447
 10
2575338.217
 20
4051033.511
 10
2575399.954
 20
4051002.631
 10
2575467.865
 20
4050934.694
 10
2575548.123
 20
4050854.406
 10
2575616.034
 20
4050780.293
 10
2575659.25
 20
4050724.709
 10
2575669.774
 20
4050680.31
 10
2575597.183
 20
4050582.675
 10
2575691.704
 20
4050511.083
 10
2575774.505
 20
4050495.667
 10
2575833.381
 20
4050472.624
 10
2575962.234
 20
4050407.633
 10
2576085.416
 20
4050324.383
 10
2576239.577
 20
4050230.626
 10
2576437.135
 20
4050014.464
 10
2576511.22
 20
4049977.408
 10
2576622.346
 20
4049866.239
 10
2576702.604
 20
4049798.303
 10
2576764.341
 20
4049687.134
 10
2576801.384
 20
4049656.254
 10
2576850.773
 20
4049538.91
 10
2576881.642
 20
4049396.861
 10
2576968.073
 20
4049180.7
 10
2577017.463
 20
4048865.722
 10
2577066.853
 20
4048742.201
 10
2577221.195
 20
4048563.096
 10
2577350.843
 20
4048421.047
 10
2577455.795
 20
4048278.999
 10
2577517.532
 20
4048260.47
 10
2577537.261
 20
4048232.899
 10
2577665.701
 20
4048124.598
 10
2577758.307
 20
4048075.189
 10
2577832.391
 20
4048007.253
 10
2577863.259
 20
4047988.725
 10
2577931.17
 20
4047970.197
 10
2577974.418
 20
4047928.724
 10
2578170.76
 20
4047852.192
 10
2578419.391
 20
4047737.849
 10
2578645.846
 20
4047605.918
 10
2578737.994
 20
4047524.288
 10
2578918.101
 20
4047358.935
 10
2579108.68
 20
4047183.117
 10
2579391.408
 20
4046931.948
 10
2579571.516
 20
4046697.524
 10
2579638.148
 20
4046569.767
 10
2579760.05
 20
4046313.28
 10
2579871.553
 20
4046119.551
 10
2579989.415
 20
4045964.26
 10
2580199.26
 20
4045717.89
 10
2580357.56
 20
4045553.4
 10
2580466.52
 20
4045466.455
 10
2580676.99
 20
4045253.2
 10
2580852.08
 20
4045094.46
 10
2581205.6
 20
4044812.0
 10
2581423.55
 20
4044660.35
 10
2581604.925
 20
4044534.895
 10
2581812.89
 20
4044395.5
 10
2581984.39
 20
4044340.39
 10
2582092.1
 20
4044281.01
 10
2582218.3
 20
4044204.09
 10
2582337.48
 20
4044138.68
 10
2582628.24
 20
4043984.06
 10
2582743.535
 20
4043913.681
 10
2582911.517
 20
4043816.366
 10
2583087.513
 20
4043640.203
 10
2583136.902
 20
4043603.147
 10
2583223.334
 20
4043572.267
 10
2583272.724
 20
4043547.563
 10
2583297.419
 20
4043504.331
 10
2583283.01
 20
4043476.3
 10
2583352.1
 20
4043412.32
 10
2583534.03
 20
4043208.76
 10
2583675.765
 20
4043054.09
 10
2583813.73
 20
4042915.34
 10
2583990.61
 20
4042726.02
 10
2584128.99
 20
4042554.03
 10
2584185.985
 20
4042396.59
 10
2584271.785
 20
4042184.62
 10
2584375.3
 20
4042022.46
 10
2584565.02
 20
4041805.14
 10
2584624.34
 20
4041754.49
 10
2584815.22
 20
4041591.72
 10
2584951.8
 20
4041462.64
 10
2585037.835
 20
4041407.195
 10
2585136.34
 20
4041314.7
 10
2585283.49
 20
4041157.3
 10
2585400.17
 20
4041001.58
 10
2585516.65
 20
4040794.07
 10
2585572.14
 20
4040651.82
 10
2585664.65
 20
4040422.63
 10
2585747.66
 20
4040194.36
 10
2585830.805
 20
4040015.89
 10
2585909.725
 20
4039848.405
 10
2585973.51
 20
4039736.815
 10
2585978.75
 20
4039723.8
 10
2586053.05
 20
4039592.035
 10
2586133.525
 20
4039467.02
 10
2586212.25
 20
4039375.54
 10
2586324.37
 20
4039347.82
 10
2586684.34
 20
4038973.759
 10
2587122.15
 20
4037118.19
 10
2587175.389
 20
4037176.511
 10
2587219.45
 20
4037220.589
 10
2587239.478
 20
4037272.681
 10
2587259.506
 20
4037284.702
 10
2587279.534
 20
4037328.78
 10
2587307.573
 20
4037360.837
 10
2587339.618
 20
4037436.972
 10
2587387.685
 20
4037501.085
 10
2587435.752
 20
4037605.27
 10
2587459.785
 20
4037721.476
 10
2587471.802
 20
4037869.738
 10
2587459.785
 20
4038001.972
 10
2587435.752
 20
4038114.171
 10
2587443.763
 20
4038158.249
 10
2587451.774
 20
4038218.356
 10
2587443.763
 20
4038286.476
 10
2587435.752
 20
4038374.632
 10
2587371.662
 20
4038546.937
 10
2587335.612
 20
4038599.03
 10
2587311.579
 20
4038615.058
 10
2587251.495
 20
4038659.136
 10
2587235.473
 20
4038691.193
 10
2587219.45
 20
4038719.243
 10
2587171.383
 20
4038811.406
 10
2587175.389
 20
4038835.448
 10
2587159.367
 20
4038847.47
 10
2587143.344
 20
4038847.47
 10
2587127.322
 20
4038831.441
 10
2587127.322
 20
4038803.392
 10
2587119.311
 20
4038803.392
 10
2587107.294
 20
4038811.406
 10
2587099.283
 20
4038827.434
 10
2587103.289
 20
4038847.47
 10
2587111.3
 20
4038875.519
 10
2587143.344
 20
4038943.64
 10
2587223.338
 20
4038977.271
 10
2587319.583
 20
4038991.025
 10
2587388.329
 20
4039046.043
 10
2587360.831
 20
4038922.253
 10
2587378.55
 20
4038811.81
 10
2587537.18
 20
4038555.32
 10
2587814.175
 20
4038191.36
 10
2587955.07
 20
4038084.805
 10
2588134.74
 20
4037906.91
 10
2588384.6
 20
4037660.24
 10
2588672.24
 20
4037399.06
 10
2588760.875
 20
4037373.975
 10
2588959.309
 20
4037139.645
 10
2589101.373
 20
4036987.599
 10
2589317.391
 20
4036866.861
 10
2589458.259
 20
4036722.494
 10
2589657.394
 20
4036562.284
 10
2589909.62
 20
4036376.051
 10
2589980.175
 20
4036316.647
 10
2590169.406
 20
4036183.362
 10
2590525.481
 20
4035966.829
 10
2590838.103
 20
4035721.28
 10
2591115.946
 20
4035482.317
 10
2591239.689
 20
4035386.036
 10
2591390.93
 20
4035220.982
 10
2591487.175
 20
4035193.473
 10
2591514.674
 20
4035138.456
 10
2591748.411
 20
4034932.139
 10
2591940.9
 20
4034739.577
 10
2592105.891
 20
4034670.804
 10
2592312.13
 20
4034436.979
 10
2592504.619
 20
4034285.68
 10
2592642.112
 20
4034175.644
 10
2592820.852
 20
4034065.608
 10
2593040.84
 20
4033941.818
 10
2593109.586
 20
4033859.292
 10
2593164.583
 20
4033873.046
 10
2593315.825
 20
4033776.765
 10
2593508.314
 20
4033707.993
 10
2593549.562
 20
4033652.975
 10
2593604.559
 20
4033611.711
 10
2593742.051
 20
4033542.939
 10
2593920.791
 20
4033460.412
 10
2594127.03
 20
4033377.886
 10
2594319.52
 20
4033377.886
 10
2594567.006
 20
4033309.114
 10
2594759.495
 20
4033226.587
 10
2594965.734
 20
4033157.815
 10
2595116.976
 20
4033102.797
 10
2595268.217
 20
4033047.779
 10
2595378.211
 20
4033006.516
 10
2595501.955
 20
4032937.743
 10
2595598.199
 20
4032841.462
 10
2595721.942
 20
4032758.935
 10
2595914.432
 20
4032511.355
 10
2596024.426
 20
4032373.811
 10
2596065.674
 20
4032263.775
 10
2596051.924
 20
4032195.003
 10
2595996.927
 20
4032126.231
 10
2595983.178
 20
4032071.213
 10
2595983.178
 20
4031974.932
 10
2595955.68
 20
4031851.142
 10
2595882.998
 20
4031785.489
 10
2595804.407
 20
4031759.537
 10
2595679.534
 20
4031804.412
 10
2595416.907
 20
4031916.943
 10
2595129.367
 20
4031963.236
 10
2594849.796
 20
4031963.847
 10
2594569.175
 20
4031935.23
 10
2594271.082
 20
4031864.566
 10
2594035.992
 20
4031696.509
 10
2593912.982
 20
4031494.923
 10
2593748.19
 20
4031105.016
 10
2593609.158
 20
4030669.55
 10
2593559.17
 20
4030221.993
 10
2593513.455
 20
4029713.483
 10
2593540.95
 20
4029270.273
 10
2593585.707
 20
4028897.058
 10
2593671.097
 20
4028527.937
 10
2593778.674
 20
4028081.467
 10
2593889.187
 20
4027582.928
 10
2593957.462
 20
4027292.458
 10
2594050.13
 20
4026969.123
 10
2594151.578
 20
4026661.096
 10
2594234.314
 20
4026474.905
 10
2594305.432
 20
4026312.774
 10
2594360.143
 20
4026169.378
 10
2594481.28
 20
4025912.514
 10
2594547.238
 20
4025760.51
 10
2594668.671
 20
4025498.358
 10
2594819.417
 20
4025224.973
 10
2594946.867
 20
4025007.329
 10
2595136.203
 20
4024671.958
 10
2595340.807
 20
4024334.149
 10
2595483.564
 20
4024108.988
 10
2595682.758
 20
4023814.339
 10
2595989.719
 20
4023384.493
 10
2596205.106
 20
4023133.153
 10
2596353.447
 20
4023009.669
 10
2596427.762
 20
4022928.871
 10
2596651.938
 20
4022691.567
 10
2596893.904
 20
4022454.386
 10
2597113.807
 20
4022278.035
 10
2597254.486
 20
4022159.581
 10
2597623.895
 20
4021873.731
 10
2597899.642
 20
4021706.659
 10
2598115.396
 20
4021574.747
 10
2598337.543
 20
4021437.798
 10
2598724.25
 20
4021502.0
 10
2599095.75
 20
4021386.75
 10
2599227.0
 20
4021299.25
 10
2599339.75
 20
4021165.5
 10
2599273.109
 20
4021165.5
 10
2599261.454
 20
4021150.408
 10
2599298.773
 20
4021125.344
 10
2599367.421
 20
4021078.899
 10
2599425.448
 20
4021017.479
 10
2599473.568
 20
4020921.983
 10
2599606.014
 20
4020750.336
 10
2599818.146
 20
4020517.941
 10
2599840.071
 20
4020484.249
 10
2599893.725
 20
4020403.865
 10
2600033.436
 20
4020176.032
 10
2600088.66
 20
4020105.785
 10
2600329.529
 20
4019811.514
 10
2600481.671
 20
4019529.896
 10
2600577.479
 20
4019237.12
 10
2600606.664
 20
4019190.503
 10
2600726.516
 20
4019033.412
 10
2600802.726
 20
4018867.074
 10
2601010.569
 20
4018451.229
 10
2601149.131
 20
4018277.961
 10
2601259.981
 20
4018132.415
 10
2601322.334
 20
4018014.593
 10
2601412.4
 20
4017827.463
 10
2601467.825
 20
4017744.294
 10
2601550.962
 20
4017543.302
 10
2601668.74
 20
4017383.895
 10
2601848.872
 20
4017196.765
 10
2601952.793
 20
4017106.665
 10
2601987.434
 20
4017065.081
 10
2602077.499
 20
4016933.397
 10
2602216.062
 20
4016780.921
 10
2602216.062
 20
4016732.405
 10
2602271.487
 20
4016683.89
 10
2602313.055
 20
4016614.583
 10
2602444.69
 20
4016545.275
 10
2602597.108
 20
4016462.106
 10
2602811.88
 20
4016351.215
 10
2603026.652
 20
4016205.669
 10
2603061.292
 20
4016164.085
 10
2603123.645
 20
4016108.639
 10
2603248.352
 20
4016053.193
 10
2603276.064
 20
4016025.47
 10
2603428.483
 20
4015949.232
 10
2603726.392
 20
4015845.27
 10
2603920.379
 20
4015762.102
 10
2604155.935
 20
4015713.586
 10
2604218.288
 20
4015678.933
 10
2604298.56
 20
4015644.564
 10
2604407.862
 20
4015638.976
 10
2604515.899
 20
4015590.159
 10
2604576.797
 20
4015583.374
 10
2604629.991
 20
4015574.256
 10
2604811.568
 20
4015515.757
 10
2605019.781
 20
4015453.972
 10
2605181.688
 20
4015375.664
 10
2605256.129
 20
4015353.233
 10
2605336.179
 20
4015348.457
 10
2605401.941
 20
4015333.9
 10
2605633.648
 20
4015248.558
 10
2605703.605
 20
4015203.348
 10
2605812.4
 20
4015121.866
 10
2606034.304
 20
4015021.089
 10
2606199.283
 20
4014917.249
 10
2606521.68
 20
4014777.715
 10
2606581.04
 20
4014739.93
 10
2606736.141
 20
4014646.542
 10
2606966.92
 20
4014529.416
 10
2607107.13
 20
4014449.165
 10
2607151.204
 20
4014389.408
 10
2607307.957
 20
4014265.437
 10
2607386.972
 20
4014181.803
 10
2607563.181
 20
4014026.752
 10
2607692.252
 20
4013913.729
 10
2607737.143
 20
4013881.942
 10
2607913.143
 20
4013737.656
 10
2608100.202
 20
4013557.456
 10
2608259.549
 20
4013398.049
 10
2608425.824
 20
4013273.296
 10
2608529.745
 20
4013203.988
 10
2608709.876
 20
4013120.819
 10
2608924.648
 20
4013044.581
 10
2609097.851
 20
4013002.997
 10
2609167.132
 20
4012899.036
 10
2609125.564
 20
4012857.451
 10
2608980.073
 20
4012871.313
 10
2608862.295
 20
4012892.105
 10
2608716.805
 20
4012829.728
 10
2608605.955
 20
4012718.836
 10
2608557.458
 20
4012573.291
 10
2608508.961
 20
4012344.576
 10
2608522.817
 20
4012122.793
 10
2608723.733
 20
4011436.649
 10
2608813.798
 20
4011194.073
 10
2608896.936
 20
4010986.151
 10
2608966.217
 20
4010771.298
 10
2609007.786
 20
4010695.06
 10
2609035.498
 20
4010681.198
 10
2609090.923
 20
4010570.306
 10
2609208.701
 20
4010424.761
 10
2609340.335
 20
4010258.423
 10
2609402.688
 20
4010230.7
 10
2609485.826
 20
4010154.462
 10
2609555.107
 20
4010057.432
 10
2609686.741
 20
4010015.847
 10
2609756.022
 20
4009932.678
 10
2609873.8
 20
4009773.271
 10
2610012.363
 20
4009613.864
 10
2610185.566
 20
4009426.734
 10
2610317.2
 20
4009322.773
 10
2610421.122
 20
4009232.673
 10
2610580.469
 20
4009128.712
 10
2610802.168
 20
4008962.374
 10
2610843.737
 20
4008955.444
 10
2610933.803
 20
4008886.136
 10
2611016.94
 20
4008809.898
 10
2611169.359
 20
4008761.383
 10
2611245.568
 20
4008699.006
 10
2611384.13
 20
4008636.629
 10
2611446.483
 20
4008664.352
 10
2611474.196
 20
4008629.699
 10
2611543.477
 20
4008608.907
 10
2611654.327
 20
4008532.668
 10
2611730.536
 20
4008498.015
 10
2611772.105
 20
4008504.945
 10
2611820.602
 20
4008532.668
 10
2611862.171
 20
4008518.807
 10
2611889.883
 20
4008456.43
 10
2611931.452
 20
4008387.123
 10
2612028.445
 20
4008373.261
 10
2612146.223
 20
4008366.331
 10
2612229.361
 20
4008366.331
 10
2612270.93
 20
4008303.954
 10
2612340.211
 20
4008248.508
 10
2612354.067
 20
4008193.062
 10
2612351.877
 20
4008161.228
 10
2612345.644
 20
4008078.696
 10
2612403.314
 20
4007700.462
 10
2612482.552
 20
4007624.455
 10
2612564.603
 20
4007514.016
 10
2612783.61
 20
4007243.55
 10
2612859.82
 20
4007160.381
 10
2612949.885
 20
4007098.005
 10
2613012.238
 20
4007056.42
 10
2613206.225
 20
4006890.082
 10
2613434.853
 20
4006702.952
 10
2613511.063
 20
4006633.645
 10
2613656.553
 20
4006536.614
 10
2613711.978
 20
4006453.446
 10
2613774.331
 20
4006384.138
 10
2613885.181
 20
4006307.9
 10
2613940.606
 20
4006224.731
 10
2614009.887
 20
4006148.493
 10
2614079.168
 20
4006093.047
 10
2614203.875
 20
4005989.086
 10
2614356.293
 20
4005815.817
 10
2614591.849
 20
4005600.964
 10
2614848.19
 20
4005420.765
 10
2615028.321
 20
4005323.735
 10
2615146.099
 20
4005240.566
 10
2615402.439
 20
4005108.882
 10
2615520.217
 20
4005018.782
 10
2615631.067
 20
4004949.475
 10
2615728.061
 20
4004900.959
 10
2615873.551
 20
4004810.86
 10
2615970.545
 20
4004734.622
 10
2616136.82
 20
4004623.73
 10
2616386.232
 20
4004464.323
 10
2616476.298
 20
4004408.877
 10
2616545.579
 20
4004346.5
 10
2616621.788
 20
4004304.916
 10
2616697.997
 20
4004235.608
 10
2616794.991
 20
4004173.231
 10
2616926.625
 20
4004110.855
 10
2617044.403
 20
4004048.478
 10
2617127.541
 20
4004006.894
 10
2617224.534
 20
4003902.933
 10
2617314.6
 20
4003854.417
 10
2617390.809
 20
4003792.041
 10
2617487.803
 20
4003750.456
 10
2617591.725
 20
4003660.357
 10
2617806.496
 20
4003556.395
 10
2617882.706
 20
4003494.019
 10
2617979.699
 20
4003417.781
 10
2618104.406
 20
4003362.335
 10
2618270.68
 20
4003279.166
 10
2618790.289
 20
4002967.282
 10
2618873.427
 20
4002918.767
 10
2619004.989
 20
4002807.436
 10
2619073.563
 20
4002758.447
 10
2619140.344
 20
4002691.695
 10
2619229.794
 20
4002616.678
 10
2619379.179
 20
4002551.438
 10
2619434.604
 20
4002495.992
 10
2619573.167
 20
4002419.754
 10
2619670.16
 20
4002371.238
 10
2619753.298
 20
4002308.862
 10
2619850.291
 20
4002260.347
 10
2619905.716
 20
4002197.97
 10
2620058.135
 20
4002073.217
 10
2620162.057
 20
4002010.84
 10
2620259.05
 20
4001969.255
 10
2620293.691
 20
4002003.909
 10
2620369.9
 20
4002038.563
 10
2620411.469
 20
4002038.563
 10
2620494.606
 20
4002003.909
 10
2620536.175
 20
4001948.463
 10
2620508.463
 20
4001886.087
 10
2620459.966
 20
4001865.294
 10
2620418.397
 20
4001768.264
 10
2620356.044
 20
4001747.472
 10
2620259.05
 20
4001698.957
 10
2620194.061
 20
4001640.611
 10
2620321.403
 20
4001518.757
 10
2620328.332
 20
4001567.272
 10
2620369.9
 20
4001601.926
 10
2620446.11
 20
4001601.926
 10
2620605.456
 20
4001567.272
 10
2620723.234
 20
4001470.242
 10
2620847.94
 20
4001366.281
 10
2620924.15
 20
4001262.32
 10
2621062.712
 20
4001130.636
 10
2621118.137
 20
4001109.843
 10
2621208.203
 20
4001012.813
 10
2621305.196
 20
4000894.99
 10
2621416.046
 20
4000756.376
 10
2621492.256
 20
4000680.137
 10
2621616.962
 20
4000562.315
 10
2621727.812
 20
4000527.661
 10
2621873.302
 20
4000506.869
 10
2622004.936
 20
4000472.215
 10
2622101.93
 20
4000361.323
 10
2622164.283
 20
4000229.639
 10
2622295.917
 20
4000104.886
 10
2622441.408
 20
4000021.717
 10
2622649.251
 20
3999959.34
 10
2622919.448
 20
3999903.894
 10
2623030.298
 20
3999869.241
 10
2623231.213
 20
3999827.656
 10
2623383.632
 20
3999827.656
 10
2623501.41
 20
3999876.171
 10
2623556.835
 20
3999883.102
 10
2623633.044
 20
3999883.102
 10
2623730.038
 20
3999903.894
 10
2623847.816
 20
3999876.171
 10
2624007.163
 20
3999793.003
 10
2624111.085
 20
3999765.28
 10
2624257.336
 20
3999742.426
 10
2624333.545
 20
3999721.634
 10
2624451.323
 20
3999686.981
 10
2624541.389
 20
3999673.119
 10
2624638.382
 20
3999638.465
 10
2624700.735
 20
3999659.258
 10
2624811.585
 20
3999645.396
 10
2624887.794
 20
3999638.465
 10
2624936.291
 20
3999700.842
 10
2624984.788
 20
3999770.149
 10
2625012.501
 20
3999832.526
 10
2624998.644
 20
3999901.834
 10
2625047.141
 20
3999853.318
 10
2625060.997
 20
3999811.734
 10
2625137.207
 20
3999818.665
 10
2625227.272
 20
3999818.665
 10
2625338.122
 20
3999742.426
 10
2625407.403
 20
3999686.981
 10
2625421.26
 20
3999638.465
 10
2625407.403
 20
3999589.95
 10
2625407.403
 20
3999513.712
 10
2625455.9
 20
3999409.751
 10
2625545.966
 20
3999333.513
 10
2625712.241
 20
3999215.69
 10
2625821.761
 20
3999175.722
 10
2625881.208
 20
3999119.353
 10
2625911.59
 20
3999070.155
 10
2625991.633
 20
3998891.062
 10
2626048.721
 20
3998841.121
 10
2626184.963
 20
3998799.155
 10
2626285.443
 20
3998753.094
 10
2626370.096
 20
3998731.65
 10
2626547.598
 20
3998664.357
 10
2626662.67
 20
3998594.989
 10
2626838.344
 20
3998508.661
 10
2626906.427
 20
3998486.406
 10
2627022.094
 20
3998437.378
 10
2627242.586
 20
3998316.721
 10
2627326.011
 20
3998253.322
 10
2627462.371
 20
3998171.908
 10
2627659.042
 20
3997975.087
 10
2627756.036
 20
3997905.78
 10
2627797.604
 20
3997905.78
 10
2627873.814
 20
3997878.057
 10
2627936.167
 20
3997836.473
 10
2627984.664
 20
3997781.027
 10
2628073.782
 20
3997665.004
 10
2628147.859
 20
3997586.598
 10
2628251.329
 20
3997555.722
 10
2628393.935
 20
3997470.316
 10
2628499.651
 20
3997429.199
 10
2628613.296
 20
3997398.042
 10
2628718.789
 20
3997349.296
 10
2628810.822
 20
3997275.478
 10
2628856.769
 20
3997192.766
 10
2628913.867
 20
3997099.564
 10
2629011.068
 20
3996984.885
 10
2629066.357
 20
3996960.442
 10
2629172.445
 20
3996932.039
 10
2629344.972
 20
3996868.702
 10
2629411.858
 20
3996849.026
 10
2629562.838
 20
3996788.834
 10
2629697.769
 20
3996745.632
 10
2629823.954
 20
3996664.501
 10
2629916.55
 20
3996566.492
 10
2630022.967
 20
3996428.862
 10
2630064.535
 20
3996373.417
 10
2630106.104
 20
3996331.832
 10
2630161.529
 20
3996317.971
 10
2630251.595
 20
3996297.178
 10
2630320.876
 20
3996283.317
 10
2630363.259
 20
3996303.387
 10
2630392.548
 20
3996303.844
 10
2630477.573
 20
3996295.113
 10
2630519.922
 20
3996263.396
 10
2630544.435
 20
3996187.642
 10
2630565.884
 20
3996094.16
 10
2630638.251
 20
3995957.27
 10
2630655.627
 20
3995837.53
 10
2630689.117
 20
3995762.815
 10
2630736.349
 20
3995723.351
 10
2630787.003
 20
3995714.329
 10
2630938.086
 20
3995656.753
 10
2631147.042
 20
3995531.43
 10
2631384.482
 20
3995378.607
 10
2631698.26
 20
3995180.432
 10
2631837.631
 20
3995069.737
 10
2632070.882
 20
3994859.772
 10
2632246.893
 20
3994758.554
 10
2632316.174
 20
3994716.969
 10
2632489.377
 20
3994640.731
 10
2632641.796
 20
3994557.562
 10
2632794.214
 20
3994460.532
 10
2632960.489
 20
3994384.294
 10
2633071.339
 20
3994273.402
 10
2633237.614
 20
3994113.995
 10
2633320.751
 20
3994023.895
 10
2633376.176
 20
3993989.241
 10
2633403.889
 20
3993947.657
 10
2633514.739
 20
3993878.35
 10
2633632.517
 20
3993802.111
 10
2633701.798
 20
3993732.804
 10
2633729.51
 20
3993670.427
 10
2633729.51
 20
3993608.051
 10
2633771.079
 20
3993497.159
 10
2633812.648
 20
3993337.752
 10
2633847.288
 20
3993289.236
 10
2633881.929
 20
3993206.068
 10
2633881.929
 20
3993150.622
 10
2633819.576
 20
3992901.115
 10
2633819.576
 20
3992762.5
 10
2633888.857
 20
3992651.608
 10
2633937.354
 20
3992568.439
 10
2633971.994
 20
3992568.439
 10
2633999.707
 20
3992519.924
 10
2634041.276
 20
3992450.617
 10
2634103.629
 20
3992415.963
 10
2634103.629
 20
3992346.656
 10
2634159.054
 20
3992256.556
 10
2634262.975
 20
3992159.526
 10
2634401.538
 20
3992062.495
 10
2634602.453
 20
3991986.257
 10
2634720.231
 20
3991910.019
 10
2634727.16
 20
3991875.365
 10
2634886.506
 20
3991806.058
 10
2634907.291
 20
3991826.85
 10
2634935.003
 20
3991799.127
 10
2634997.356
 20
3991785.265
 10
2635066.637
 20
3991743.681
 10
2635205.2
 20
3991681.304
 10
2635302.193
 20
3991598.135
 10
2635392.259
 20
3991556.551
 10
2635419.972
 20
3991487.244
 10
2635586.246
 20
3991355.559
 10
2635752.521
 20
3991196.152
 10
2635794.09
 20
3991119.914
 10
2635884.155
 20
3991043.676
 10
2635946.509
 20
3990974.369
 10
2635981.149
 20
3990898.131
 10
2636057.358
 20
3990794.169
 10
2636140.496
 20
3990711.0
 10
2636202.849
 20
3990634.762
 10
2636355.268
 20
3990523.87
 10
2636445.333
 20
3990482.286
 10
2636445.333
 20
3990454.563
 10
2636500.758
 20
3990357.533
 10
2636576.967
 20
3990246.641
 10
2636680.889
 20
3990142.68
 10
2636798.667
 20
3990024.857
 10
2636867.948
 20
3989969.411
 10
2636923.373
 20
3989941.688
 10
2636937.23
 20
3989920.896
 10
2636978.798
 20
3989893.173
 10
2637131.217
 20
3989816.935
 10
2637179.714
 20
3989775.35
 10
2637269.779
 20
3989726.835
 10
2637394.485
 20
3989657.528
 10
2637533.048
 20
3989629.805
 10
2637664.682
 20
3989588.22
 10
2637720.107
 20
3989546.636
 10
2637858.669
 20
3989484.259
 10
2637907.166
 20
3989449.605
 10
2638059.585
 20
3989408.021
 10
2638156.578
 20
3989401.09
 10
2638399.063
 20
3989359.506
 10
2638544.553
 20
3989317.921
 10
2638669.259
 20
3989297.129
 10
2638787.037
 20
3989241.683
 10
2638870.175
 20
3989220.891
 10
2639015.665
 20
3989227.822
 10
2639084.946
 20
3989172.376
 10
2639195.796
 20
3989158.514
 10
2639306.646
 20
3989130.791
 10
2639507.562
 20
3989040.692
 10
2639687.693
 20
3988957.523
 10
2639902.465
 20
3988874.354
 10
2640034.099
 20
3988846.631
 10
2640138.021
 20
3988825.839
 10
2640290.439
 20
3988791.185
 10
2640408.217
 20
3988735.739
 10
2640484.427
 20
3988735.739
 10
2640525.995
 20
3988701.085
 10
2640609.133
 20
3988631.778
 10
2640719.983
 20
3988562.471
 10
2640837.761
 20
3988507.025
 10
2640948.611
 20
3988416.925
 10
2641073.317
 20
3988326.825
 10
2641094.101
 20
3988326.825
 10
2641177.239
 20
3988271.379
 10
2641191.095
 20
3988243.656
 10
2641232.663
 20
3988202.072
 10
2641295.017
 20
3988181.28
 10
2641336.585
 20
3988125.834
 10
2641447.435
 20
3988070.388
 10
2641634.494
 20
3988001.08
 10
2641766.129
 20
3987931.773
 10
2641939.332
 20
3987848.604
 10
2642008.613
 20
3987848.604
 10
2642050.181
 20
3987786.227
 10
2642167.96
 20
3987696.128
 10
2642313.45
 20
3987619.89
 10
2642569.79
 20
3987488.206
 10
2642659.856
 20
3987439.69
 10
2642722.209
 20
3987425.829
 10
2642736.065
 20
3987391.175
 10
2642784.562
 20
3987356.521
 10
2642888.484
 20
3987335.729
 10
2642902.34
 20
3987294.145
 10
2642950.837
 20
3987252.56
 10
2643047.831
 20
3987197.114
 10
2643089.399
 20
3987162.461
 10
2643158.681
 20
3987100.084
 10
2643214.105
 20
3987100.084
 10
2643234.89
 20
3987072.361
 10
2643359.596
 20
3987009.984
 10
2643456.59
 20
3986989.192
 10
2643553.583
 20
3986954.538
 10
2643622.865
 20
3986885.231
 10
2643664.433
 20
3986864.439
 10
2643796.067
 20
3986795.131
 10
2643872.277
 20
3986760.478
 10
2643920.774
 20
3986718.893
 10
2644080.12
 20
3986642.655
 10
2644260.251
 20
3986552.555
 10
2644419.598
 20
3986469.387
 10
2644606.657
 20
3986407.01
 10
2644682.867
 20
3986393.148
 10
2644787.211
 20
3986435.565
 10
2644948.319
 20
3986420.202
 10
2645024.528
 20
3986364.756
 10
2645107.665
 20
3986246.933
 10
2645142.306
 20
3986191.487
 10
2645176.947
 20
3986115.249
 10
2645218.515
 20
3986094.457
 10
2645280.868
 20
3986094.457
 10
2645350.15
 20
3986136.041
 10
2645426.359
 20
3986142.972
 10
2645523.353
 20
3986087.526
 10
2645537.209
 20
3986039.011
 10
2645620.346
 20
3985907.327
 10
2645654.987
 20
3985851.881
 10
2645675.771
 20
3985775.643
 10
2645745.052
 20
3985747.92
 10
2645800.477
 20
3985747.92
 10
2645932.112
 20
3985671.682
 10
2646029.105
 20
3985609.305
 10
2646084.53
 20
3985560.79
 10
2646153.811
 20
3985553.859
 10
2646230.021
 20
3985567.721
 10
2646320.086
 20
3985616.236
 10
2646354.727
 20
3985623.167
 10
2646465.577
 20
3985560.79
 10
2646500.217
 20
3985505.344
 10
2646555.642
 20
3985463.76
 10
2646652.636
 20
3985415.244
 10
2646756.558
 20
3985339.006
 10
2646818.911
 20
3985262.768
 10
2646915.904
 20
3985144.945
 10
2646908.976
 20
3985020.192
 10
2646888.192
 20
3984964.746
 10
2646832.767
 20
3984957.815
 10
2646784.27
 20
3984909.3
 10
2646791.198
 20
3984846.924
 10
2646846.623
 20
3984763.755
 10
2646908.976
 20
3984715.239
 10
2646985.186
 20
3984687.516
 10
2647040.611
 20
3984694.447
 10
2647075.251
 20
3984722.17
 10
2647089.107
 20
3984770.685
 10
2647102.964
 20
3984812.27
 10
2647151.46
 20
3984791.478
 10
2647158.389
 20
3984839.993
 10
2647199.957
 20
3984867.716
 10
2647255.382
 20
3984867.716
 10
2647310.807
 20
3984826.131
 10
2647366.232
 20
3984819.201
 10
2647442.441
 20
3984819.201
 10
2647511.723
 20
3984798.408
 10
2647511.723
 20
3984756.824
 10
2647560.22
 20
3984708.309
 10
2647601.788
 20
3984639.001
 10
2647560.22
 20
3984583.555
 10
2647539.435
 20
3984576.625
 10
2647497.866
 20
3984535.04
 10
2647477.082
 20
3984535.04
 10
2647407.801
 20
3984541.971
 10
2647331.592
 20
3984555.832
 10
2647283.095
 20
3984590.486
 10
2647220.742
 20
3984590.486
 10
2647193.029
 20
3984555.832
 10
2647123.748
 20
3984479.594
 10
2647075.251
 20
3984368.702
 10
2647068.323
 20
3984237.018
 10
2647082.179
 20
3984098.403
 10
2647116.82
 20
3983973.65
 10
2647186.101
 20
3983855.827
 10
2647234.598
 20
3983828.104
 10
2647276.167
 20
3983758.797
 10
2647283.095
 20
3983689.49
 10
2647290.023
 20
3983613.251
 10
2647276.167
 20
3983592.459
 10
2647255.382
 20
3983550.875
 10
2647269.239
 20
3983481.567
 10
2647303.879
 20
3983384.537
 10
2647345.448
 20
3983363.745
 10
2647380.088
 20
3983356.814
 10
2647380.088
 20
3983294.437
 10
2647414.729
 20
3983183.545
 10
2647587.932
 20
3983010.277
 10
2647615.644
 20
3982989.485
 10
2647816.56
 20
3982885.524
 10
2647906.625
 20
3982774.632
 10
2647975.907
 20
3982649.878
 10
2648162.966
 20
3982552.848
 10
2648336.168
 20
3982483.541
 10
2648453.946
 20
3982448.887
 10
2648550.94
 20
3982448.887
 10
2648620.221
 20
3982428.095
 10
2648751.855
 20
3982372.649
 10
2648855.777
 20
3982351.857
 10
2648994.34
 20
3982303.341
 10
2649091.333
 20
3982268.688
 10
2649105.189
 20
3982240.965
 10
2649153.686
 20
3982199.38
 10
2649229.896
 20
3982178.588
 10
2649313.033
 20
3982143.934
 10
2649396.17
 20
3982102.35
 10
2649430.811
 20
3982102.35
 10
2649513.948
 20
3982067.696
 10
2649576.302
 20
3982046.904
 10
2649631.727
 20
3982046.904
 10
2649680.223
 20
3982067.696
 10
2649735.648
 20
3982123.142
 10
2649784.145
 20
3982157.796
 10
2649853.426
 20
3982157.796
 10
2649908.851
 20
3982178.588
 10
2649957.348
 20
3982185.519
 10
2649985.061
 20
3982199.38
 10
2650054.342
 20
3982220.172
 10
2650102.839
 20
3982199.38
 10
2650192.904
 20
3982157.796
 10
2650234.473
 20
3982143.934
 10
2650296.826
 20
3982137.004
 10
2650345.323
 20
3982088.488
 10
2650366.107
 20
3982053.835
 10
2650366.107
 20
3981991.458
 10
2650352.251
 20
3981963.735
 10
2650345.323
 20
3981915.22
 10
2650352.251
 20
3981887.497
 10
2650345.323
 20
3981845.912
 10
2650303.754
 20
3981755.813
 10
2650269.113
 20
3981735.021
 10
2650227.545
 20
3981686.505
 10
2650165.192
 20
3981637.99
 10
2650102.839
 20
3981603.336
 10
2650005.845
 20
3981534.029
 10
2649929.636
 20
3981485.514
 10
2649811.858
 20
3981430.068
 10
2649735.648
 20
3981423.137
 10
2649666.367
 20
3981395.414
 10
2649638.655
 20
3981402.345
 10
2649534.733
 20
3981402.345
 10
2649507.02
 20
3981381.553
 10
2649507.02
 20
3981353.83
 10
2649534.733
 20
3981284.522
 10
2649472.38
 20
3981166.7
 10
2649458.524
 20
3981111.254
 10
2649534.733
 20
3980944.916
 10
2649562.445
 20
3980854.816
 10
2649576.302
 20
3980743.924
 10
2649631.727
 20
3980626.102
 10
2649707.936
 20
3980542.933
 10
2649798.001
 20
3980459.764
 10
2649818.786
 20
3980432.041
 10
2649881.139
 20
3980397.387
 10
2649957.348
 20
3980376.595
 10
2649998.917
 20
3980390.457
 10
2650075.126
 20
3980411.249
 10
2650137.479
 20
3980404.318
 10
2650137.479
 20
3980383.526
 10
2650095.91
 20
3980362.734
 10
2649979.198
 20
3980328.604
 10
2649950.935
 20
3980309.71
 10
2649872.938
 20
3980273.895
 10
2649783.805
 20
3980220.586
 10
2649707.175
 20
3980155.492
 10
2649680.357
 20
3980074.328
 10
2649703.427
 20
3980014.243
 10
2649738.856
 20
3980025.377
 10
2649723.704
 20
3979936.376
 10
2649749.618
 20
3979813.84
 10
2649798.115
 20
3979716.81
 10
2649798.115
 20
3979689.087
 10
2649846.612
 20
3979647.502
 10
2649888.181
 20
3979564.333
 10
2649964.39
 20
3979467.303
 10
2650019.815
 20
3979384.134
 10
2650075.24
 20
3979335.619
 10
2650082.168
 20
3979300.965
 10
2650151.449
 20
3979217.796
 10
2650179.162
 20
3979155.419
 10
2650227.658
 20
3979113.835
 10
2650262.299
 20
3979044.528
 10
2650276.155
 20
3978996.012
 10
2650324.652
 20
3978940.566
 10
2650331.58
 20
3978871.259
 10
2650366.221
 20
3978801.952
 10
2650421.646
 20
3978704.921
 10
2650463.214
 20
3978663.337
 10
2650511.711
 20
3978649.475
 10
2650532.496
 20
3978573.237
 10
2650567.136
 20
3978524.722
 10
2650594.849
 20
3978490.068
 10
2650601.777
 20
3978448.484
 10
2650622.561
 20
3978406.899
 10
2650657.202
 20
3978379.176
 10
2650671.058
 20
3978344.523
 10
2650691.842
 20
3978323.73
 10
2650719.555
 20
3978275.215
 10
2650781.908
 20
3978150.462
 10
2650781.908
 20
3978108.877
 10
2650830.405
 20
3978053.432
 10
2650871.973
 20
3977956.401
 10
2650865.045
 20
3977907.886
 10
2650899.686
 20
3977859.371
 10
2650941.255
 20
3977810.856
 10
2650982.823
 20
3977734.617
 10
2650982.823
 20
3977686.102
 10
2651017.464
 20
3977609.864
 10
2651086.745
 20
3977505.903
 10
2651107.53
 20
3977457.388
 10
2651162.954
 20
3977360.357
 10
2651197.595
 20
3977256.396
 10
2651239.164
 20
3977194.02
 10
2651239.164
 20
3977138.574
 10
2651232.236
 20
3977103.92
 10
2651218.379
 20
3977034.612
 10
2651238.242
 20
3976958.212
 10
2651398.511
 20
3976618.769
 10
2651440.079
 20
3976542.53
 10
2651509.361
 20
3976438.569
 10
2651550.929
 20
3976403.916
 10
2651571.714
 20
3976369.262
 10
2651578.642
 20
3976341.539
 10
2651578.642
 20
3976299.955
 10
2651599.426
 20
3976279.162
 10
2651594.79
 20
3976228.58
 10
2651620.571
 20
3976192.014
 10
2651679.138
 20
3976073.57
 10
2651788.919
 20
3975866.663
 10
2651847.235
 20
3975746.397
 10
2651893.538
 20
3975676.654
 10
2651918.964
 20
3975642.626
 10
2651958.781
 20
3975587.994
 10
2651998.423
 20
3975537.471
 10
2652025.423
 20
3975503.266
 10
2652064.347
 20
3975450.241
 10
2652138.469
 20
3975342.541
 10
2652271.454
 20
3975211.828
 10
2652382.304
 20
3975059.352
 10
2652493.154
 20
3974941.529
 10
2652597.075
 20
3974816.776
 10
2652694.069
 20
3974754.399
 10
2652853.416
 20
3974615.784
 10
2652991.978
 20
3974553.408
 10
2653012.762
 20
3974525.685
 10
2653026.619
 20
3974497.962
 10
2653075.116
 20
3974484.1
 10
2653109.756
 20
3974442.516
 10
2653137.469
 20
3974387.07
 10
2653199.822
 20
3974324.693
 10
2653269.103
 20
3974241.524
 10
2653352.24
 20
3974206.871
 10
2653414.593
 20
3974137.563
 10
2653456.162
 20
3974109.84
 10
2653518.515
 20
3974068.256
 10
2653548.22
 20
3974038.512
 10
2653599.008
 20
3973995.653
 10
2653652.571
 20
3973963.379
 10
2653698.306
 20
3973917.083
 10
2653717.926
 20
3973877.934
 10
2653707.797
 20
3973816.374
 10
2653700.387
 20
3973752.956
 10
2653722.44
 20
3973671.422
 10
2653739.911
 20
3973632.343
 10
2653869.204
 20
3973386.86
 10
2653921.093
 20
3973317.697
 10
2654023.852
 20
3973128.758
 10
2654118.252
 20
3973011.506
 10
2654286.211
 20
3972813.79
 10
2654347.676
 20
3972756.256
 10
2654385.097
 20
3972703.658
 10
2654430.976
 20
3972657.862
 10
2654476.054
 20
3972603.63
 10
2654518.632
 20
3972553.897
 10
2654550.869
 20
3972524.704
 10
2654588.056
 20
3972503.308
 10
2654630.028
 20
3972454.29
 10
2654659.934
 20
3972423.591
 10
2654721.571
 20
3972361.947
 10
2654754.845
 20
3972333.541
 10
2654804.521
 20
3972289.644
 10
2654841.551
 20
3972238.511
 10
2654905.512
 20
3972154.816
 10
2654938.468
 20
3972128.125
 10
2654967.692
 20
3972095.996
 10
2654986.452
 20
3972057.635
 10
2655016.39
 20
3972024.219
 10
2655070.179
 20
3971956.953
 10
2655144.174
 20
3971879.885
 10
2655203.089
 20
3971818.201
 10
2655275.399
 20
3971739.987
 10
2655325.751
 20
3971672.071
 10
2655354.549
 20
3971642.23
 10
2655387.435
 20
3971617.182
 10
2655432.379
 20
3971568.133
 10
2655474.742
 20
3971517.65
 10
2655526.885
 20
3971450.31
 10
2655576.032
 20
3971411.167
 10
2655623.027
 20
3971368.302
 10
2655658.066
 20
3971346.976
 10
2655692.964
 20
3971325.148
 10
2655711.869
 20
3971287.286
 10
2655741.523
 20
3971256.659
 10
2655776.276
 20
3971234.33
 10
2655803.64
 20
3971203.271
 10
2655838.536
 20
3971181.445
 10
2655867.835
 20
3971151.461
 10
2655892.4
 20
3971116.322
 10
2655937.96
 20
3971072.242
 10
2655985.456
 20
3971029.236
 10
2656104.886
 20
3970877.526
 10
2656243.245
 20
3970742.642
 10
2656281.269
 20
3970665.775
 10
2656342.019
 20
3970609.527
 10
2656366.873
 20
3970575.392
 10
2656397.748
 20
3970547.124
 10
2656435.08
 20
3970526.229
 10
2656474.91
 20
3970500.833
 10
2656507.152
 20
3970475.428
 10
2656526.701
 20
3970437.926
 10
2656558.511
 20
3970411.017
 10
2656630.52
 20
3970365.651
 10
2656661.679
 20
3970334.595
 10
2656706.844
 20
3970290.085
 10
2656756.668
 20
3970248.584
 10
2656795.509
 20
3970231.051
 10
2656831.687
 20
3970206.151
 10
2656870.391
 20
3970191.906
 10
2656905.143
 20
3970169.577
 10
2656933.152
 20
3970138.876
 10
2656989.578
 20
3970107.142
 10
2657050.024
 20
3970081.845
 10
2657088.144
 20
3970061.809
 10
2657122.61
 20
3970038.48
 10
2657160.298
 20
3970016.943
 10
2657237.19
 20
3969981.016
 10
2657270.577
 20
3969955.827
 10
2657304.108
 20
3969931.138
 10
2657339.356
 20
3969904.878
 10
2657417.818
 20
3969866.883
 10
2657450.774
 20
3969840.192
 10
2657486.315
 20
3969818.722
 10
2657529.189
 20
3969773.781
 10
2657573.779
 20
3969727.268
 10
2657599.065
 20
3969694.633
 10
2657636.752
 20
3969673.095
 10
2657666.622
 20
3969641.325
 10
2657711.57
 20
3969596.064
 10
2657753.866
 20
3969547.225
 10
2657770.336
 20
3969508.431
 10
2657801.212
 20
3969480.165
 10
2657862.239
 20
3969417.34
 10
2657889.74
 20
3969382.992
 10
2657982.075
 20
3969293.403
 10
2658053.357
 20
3969241.744
 10
2658135.707
 20
3969173.944
 10
2658182.31
 20
3969132.544
 10
2658216.054
 20
3969106.712
 10
2658244.056
 20
3969072.223
 10
2658355.626
 20
3968970.4
 10
2658420.816
 20
3968914.515
 10
2658470.922
 20
3968870.225
 10
2658495.562
 20
3968837.231
 10
2658526.508
 20
3968807.321
 10
2658574.719
 20
3968764.924
 10
2658610.288
 20
3968738.844
 10
2658668.57
 20
3968704.144
 10
2658702.666
 20
3968673.881
 10
2658814.311
 20
3968615.627
 10
2658869.155
 20
3968580.28
 10
2658925.798
 20
3968549.297
 10
2658945.578
 20
3968541.782
 10
2659004.274
 20
3968518.876
 10
2659034.362
 20
3968489.751
 10
2659071.413
 20
3968471.644
 10
2659157.522
 20
3968467.757
 10
2659190.712
 20
3968494.607
 10
2659233.173
 20
3968500.954
 10
2659270.858
 20
3968518.947
 10
2659311.94
 20
3968514.856
 10
2659326.118
 20
3968475.631
 10
2659313.451
 20
3968435.368
 10
2659270.057
 20
3968427.66
 10
2659226.889
 20
3968426.387
 10
2659183.215
 20
3968421.468
 10
2659139.977
 20
3968421.84
 10
2659099.628
 20
3968436.01
 10
2659057.036
 20
3968436.741
 10
2659015.321
 20
3968448.05
 10
2658883.951
 20
3968441.513
 10
2658797.19
 20
3968441.254
 10
2658759.498
 20
3968419.472
 10
2658791.446
 20
3968389.277
 10
2658830.574
 20
3968372.744
 10
2658859.297
 20
3968340.758
 10
2658862.376
 20
3968298.73
 10
2658864.308
 20
3968256.486
 10
2658845.843
 20
3968216.786
 10
2658842.69
 20
3968173.82
 10
2658805.72
 20
3968154.542
 10
2658780.18
 20
3968122.267
 10
2658770.161
 20
3968081.793
 10
2658749.055
 20
3968046.095
 10
2658748.264
 20
3968001.916
 10
2658771.182
 20
3967966.705
 10
2658774.182
 20
3967879.212
 10
2658732.873
 20
3967876.869
 10
2658695.178
 20
3967894.619
 10
2658655.179
 20
3967904.357
 10
2658632.57
 20
3967869.086
 10
2658601.089
 20
3967836.876
 10
2658577.259
 20
3967799.243
 10
2658560.582
 20
3967716.8
 10
2658551.346
 20
3967653.631
 10
2658554.137
 20
3967569.176
 10
2658555.71
 20
3967484.254
 10
2658560.148
 20
3967399.873
 10
2658570.027
 20
3967337.229
 10
2658574.105
 20
3967273.257
 10
2658593.76
 20
3967191.862
 10
2658623.802
 20
3967136.215
 10
2658648.217
 20
3967077.024
 10
2658657.598
 20
3967036.183
 10
2658667.335
 20
3966994.699
 10
2658715.672
 20
3966900.011
 10
2658728.848
 20
3966861.069
 10
2658739.697
 20
3966842.284
 10
2658774.897
 20
3966789.504
 10
2658793.948
 20
3966752.142
 10
2658797.238
 20
3966708.97
 10
2658813.351
 20
3966670.819
 10
2658854.034
 20
3966621.086
 10
2658903.562
 20
3966553.133
 10
2658923.61
 20
3966513.593
 10
2658954.651
 20
3966455.769
 10
2659009.509
 20
3966386.573
 10
2659035.221
 20
3966351.651
 10
2659087.651
 20
3966285.312
 10
2659128.551
 20
3966236.329
 10
2659192.511
 20
3966152.635
 10
2659231.483
 20
3966128.025
 10
2659265.446
 20
3966104.838
 10
2659298.113
 20
3966077.145
 10
2659330.493
 20
3966048.452
 10
2659358.283
 20
3966015.107
 10
2659382.408
 20
3965974.678
 10
2659398.454
 20
3965959.831
 10
2659443.009
 20
3965914.14
 10
2659465.641
 20
3965877.927
 10
2659506.573
 20
3965828.122
 10
2659550.161
 20
3965781.894
 10
2659572.428
 20
3965742.535
 10
2659616.651
 20
3965690.983
 10
2659657.8
 20
3965641.928
 10
2659689.755
 20
3965615.522
 10
2659721.201
 20
3965585.469
 10
2659748.908
 20
3965546.19
 10
2659781.357
 20
3965515.852
 10
2659818.174
 20
3965487.521
 10
2659839.083
 20
3965449.091
 10
2659889.363
 20
3965402.586
 10
2659936.495
 20
3965356.434
 10
2659962.13
 20
3965319.369
 10
2659988.273
 20
3965285.948
 10
2660054.103
 20
3965226.633
 10
2660102.814
 20
3965184.094
 10
2660134.117
 20
3965153.54
 10
2660175.009
 20
3965100.768
 10
2660209.109
 20
3965074.293
 10
2660222.431
 20
3965057.512
 10
2660267.845
 20
3965011.035
 10
2660364.03
 20
3964912.23
 10
2660408.231
 20
3964869.076
 10
2660455.87
 20
3964826.571
 10
2660527.647
 20
3964770.981
 10
2660567.401
 20
3964743.441
 10
2660600.493
 20
3964713.461
 10
2660697.712
 20
3964633.315
 10
2660822.555
 20
3964527.72
 10
2660924.504
 20
3964450.832
 10
2660977.949
 20
3964413.446
 10
2661012.702
 20
3964391.117
 10
2661046.584
 20
3964361.998
 10
2661095.8
 20
3964321.21
 10
2661192.656
 20
3964237.917
 10
2661324.988
 20
3964158.352
 10
2661377.61
 20
3964120.93
 10
2661428.648
 20
3964077.999
 10
2661514.509
 20
3964011.098
 10
2661569.629
 20
3963969.174
 10
2661619.95
 20
3963925.636
 10
2661690.7
 20
3963876.835
 10
2661745.517
 20
3963846.098
 10
2661819.173
 20
3963800.804
 10
2661953.629
 20
3963686.252
 10
2662008.611
 20
3963647.616
 10
2662040.987
 20
3963617.029
 10
2662119.606
 20
3963543.79
 10
2662194.421
 20
3963503.651
 10
2662256.077
 20
3963444.571
 10
2662353.399
 20
3963361.177
 10
2662405.74
 20
3963324.551
 10
2662459.751
 20
3963289.557
 10
2662533.509
 20
3963236.796
 10
2662592.466
 20
3963194.604
 10
2662684.851
 20
3963134.37
 10
2662777.46
 20
3963079.564
 10
2662955.234
 20
3963004.979
 10
2663034.55
 20
3962977.844
 10
2663076.343
 20
3962971.251
 10
2663116.589
 20
3962958.584
 10
2663158.365
 20
3962950.348
 10
2663199.156
 20
3962942.448
 10
2663283.76
 20
3962946.534
 10
2663346.633
 20
3962953.101
 10
2663409.148
 20
3962957.037
 10
2663448.918
 20
3962946.184
 10
2663531.991
 20
3962945.84
 10
2663564.747
 20
3962866.919
 10
2663535.094
 20
3962838.527
 10
2663513.761
 20
3962802.333
 10
2663360.634
 20
3962727.549
 10
2663342.784
 20
3962715.764
 10
2663286.488
 20
3962685.202
 10
2663203.799
 20
3962675.503
 10
2663140.789
 20
3962656.598
 10
2663079.617
 20
3962639.815
 10
2663038.395
 20
3962563.632
 10
2662974.789
 20
3962505.565
 10
2662885.798
 20
3962447.376
 10
2662829.721
 20
3962414.261
 10
2662827.109
 20
3962371.661
 10
2662796.926
 20
3962340.15
 10
2662791.834
 20
3962296.747
 10
2662769.023
 20
3962261.06
 10
2662760.159
 20
3962219.499
 10
2662738.28
 20
3962178.539
 10
2662730.742
 20
3962137.625
 10
2662736.03
 20
3962093.975
 10
2662732.432
 20
3962051.715
 10
2662736.908
 20
3962008.895
 10
2662734.957
 20
3961966.62
 10
2662741.429
 20
3961903.297
 10
2662750.84
 20
3961837.316
 10
2662751.203
 20
3961795.352
 10
2662787.123
 20
3961719.202
 10
2662790.44
 20
3961676.227
 10
2662796.75
 20
3961635.531
 10
2662817.267
 20
3961597.683
 10
2662828.011
 20
3961555.47
 10
2662857.809
 20
3961499.856
 10
2662884.788
 20
3961442.455
 10
2662905.643
 20
3961405.591
 10
2662934.253
 20
3961324.234
 10
2662976.596
 20
3961247.538
 10
2662996.127
 20
3961210.027
 10
2663024.235
 20
3961143.155
 10
2663055.714
 20
3961082.838
 10
2663081.399
 20
3961050.376
 10
2663105.875
 20
3961012.825
 10
2663123.248
 20
3960973.849
 10
2663124.748
 20
3960930.396
 10
2663177.769
 20
3960865.461
 10
2663202.281
 20
3960831.2
 10
2663224.123
 20
3960793.998
 10
2663310.202
 20
3960692.428
 10
2663384.426
 20
3960652.17
 10
2663469.574
 20
3960630.748
 10
2663510.778
 20
3960630.412
 10
2663553.808
 20
3960616.242
 10
2663593.883
 20
3960603.083
 10
2663604.151
 20
3960562.683
 10
2663593.487
 20
3960522.289
 10
2663571.017
 20
3960487.587
 10
2663616.029
 20
3960474.673
 10
2663652.6
 20
3960471.787
 10
2663774.714
 20
3960439.368
 10
2663816.386
 20
3960451.536
 10
2663846.531
 20
3960479.759
 10
2663950.737
 20
3960475.214
 10
2664014.985
 20
3960479.383
 10
2664052.865
 20
3960461.469
 10
2664094.203
 20
3960458.337
 10
2664122.862
 20
3960426.51
 10
2664089.609
 20
3960400.451
 10
2664006.592
 20
3960405.73
 10
2663963.534
 20
3960402.295
 10
2663928.193
 20
3960381.354
 10
2663960.884
 20
3960356.406
 10
2663922.93
 20
3960337.459
 10
2663843.851
 20
3960311.115
 10
2663852.964
 20
3960270.56
 10
2663892.51
 20
3960254.279
 10
2663866.932
 20
3960221.738
 10
2663904.976
 20
3960099.167
 10
2663967.495
 20
3959983.639
 10
2664097.168
 20
3959874.311
 10
2664122.512
 20
3959840.867
 10
2664156.19
 20
3959815.582
 10
2664194.829
 20
3959791.903
 10
2664213.598
 20
3959782.454
 10
2664413.387
 20
3959686.298
 10
2664549.972
 20
3959620.851
 10
2664590.574
 20
3959610.813
 10
2664631.403
 20
3959606.204
 10
2664671.684
 20
3959596.828
 10
2664716.506
 20
3959595.807
 10
2664847.796
 20
3959588.327
 10
2664889.026
 20
3959575.321
 10
2664930.947
 20
3959580.248
 10
2664971.873
 20
3959569.548
 10
2665034.816
 20
3959567.558
 10
2665141.087
 20
3959563.405
 10
2665184.566
 20
3959560.091
 10
2665225.934
 20
3959574.567
 10
2665268.895
 20
3959584.093
 10
2665307.814
 20
3959570.777
 10
2665350.746
 20
3959562.694
 10
2665389.157
 20
3959578.182
 10
2665430.934
 20
3959569.944
 10
2665469.667
 20
3959584.77
 10
2665552.595
 20
3959571.263
 10
2665593.665
 20
3959573.726
 10
2665656.232
 20
3959567.461
 10
2665718.969
 20
3959561.687
 10
2665758.21
 20
3959547.712
 10
2665799.567
 20
3959546.223
 10
2665841.782
 20
3959532.882
 10
2665884.957
 20
3959531.875
 10
2665925.418
 20
3959538.952
 10
2665966.811
 20
3959540.754
 10
2666028.102
 20
3959530.797
 10
2666133.383
 20
3959519.002
 10
2666240.747
 20
3959524.385
 10
2666304.658
 20
3959520.411
 10
2666289.596
 20
3959559.697
 10
2666263.248
 20
3959591.835
 10
2666276.053
 20
3959632.045
 10
2666401.024
 20
3959604.706
 10
2666442.041
 20
3959602.233
 10
2666570.171
 20
3959622.258
 10
2666814.1
 20
3959545.412
 10
2666845.3
 20
3959504.264
 10
2666879.825
 20
3959499.947
 10
2666910.034
 20
3959499.947
 10
2666966.137
 20
3959521.533
 10
2667030.871
 20
3959508.581
 10
2667097.488
 20
3959474.332
 10
2667115.491
 20
3959462.667
 10
2667159.214
 20
3959466.428
 10
2667191.376
 20
3959438.357
 10
2667303.688
 20
3959383.967
 10
2667176.162
 20
3959403.923
 10
2667155.761
 20
3959399.893
 10
2667093.887
 20
3959401.793
 10
2667064.708
 20
3959371.588
 10
2667097.827
 20
3959250.702
 10
2667391.256
 20
3959125.815
 10
2667438.195
 20
3959040.112
 10
2667468.539
 20
3959011.563
 10
2667506.491
 20
3958962.795
 10
2667594.29
 20
3958905.23
 10
2667726.498
 20
3958839.08
 10
2667859.084
 20
3958777.202
 10
2667924.145
 20
3958765.404
 10
2667988.804
 20
3958761.999
 10
2668094.679
 20
3958774.225
 10
2668157.44
 20
3958778.077
 10
2668198.948
 20
3958775.436
 10
2668252.888
 20
3958801.575
 10
2668287.986
 20
3958852.878
 10
2668325.752
 20
3958869.686
 10
2668388.866
 20
3958868.188
 10
2668454.408
 20
3958862.556
 10
2668493.787
 20
3958876.058
 10
2668525.92
 20
3958905.254
 10
2668607.431
 20
3958882.873
 10
2668650.758
 20
3958880.712
 10
2668679.767
 20
3958910.426
 10
2669005.181
 20
3958811.534
 10
2669119.391
 20
3958798.105
 10
2669164.626
 20
3958776.441
 10
2669222.582
 20
3958754.415
 10
2669336.091
 20
3958715.528
 10
2669485.437
 20
3958677.223
 10
2669580.845
 20
3958641.442
 10
2669622.155
 20
3958627.279
 10
2669585.816
 20
3958550.941
 10
2669584.472
 20
3958424.935
 10
2669576.038
 20
3958365.198
 10
2669528.534
 20
3958225.928
 10
2669557.703
 20
3958124.038
 10
2669572.649
 20
3958064.394
 10
2669603.494
 20
3958036.089
 10
2669630.475
 20
3958002.309
 10
2669700.701
 20
3957898.878
 10
2669846.511
 20
3957749.58
 10
2669964.664
 20
3957631.56
 10
2670211.471
 20
3957414.719
 10
2670345.254
 20
3957349.96
 10
2670401.357
 20
3957306.788
 10
2670565.35
 20
3957207.491
 10
2670634.4
 20
3957177.271
 10
2670681.872
 20
3957129.781
 10
2670763.868
 20
3957090.926
 10
2670867.443
 20
3957056.388
 10
2670992.595
 20
3956991.629
 10
2671117.748
 20
3956965.726
 10
2671186.797
 20
3956931.188
 10
2671234.269
 20
3956922.553
 10
2671264.478
 20
3956909.602
 10
2671342.159
 20
3956892.333
 10
2671371.562
 20
3956881.885
 10
2671430.449
 20
3956860.741
 10
2671532.666
 20
3956840.911
 10
2671595.4
 20
3956834.34
 10
2671636.486
 20
3956818.584
 10
2671676.189
 20
3956809.191
 10
2671762.882
 20
3956797.029
 10
2671888.811
 20
3956781.389
 10
2671989.339
 20
3956750.747
 10
2672069.877
 20
3956737.083
 10
2672150.089
 20
3956715.344
 10
2672351.919
 20
3956666.459
 10
2672475.839
 20
3956629.656
 10
2672743.617
 20
3956563.523
 10
2672770.624
 20
3956538.319
 10
2672895.777
 20
3956499.464
 10
2673046.823
 20
3956469.243
 10
2673193.553
 20
3956421.753
 10
2673387.756
 20
3956352.677
 10
2673560.38
 20
3956344.043
 10
2673616.483
 20
3956313.822
 10
2673745.951
 20
3956296.553
 10
2673884.05
 20
3956279.284
 10
2674095.515
 20
3956249.064
 10
2674268.139
 20
3956205.891
 10
2674354.451
 20
3956192.94
 10
2674492.889
 20
3956140.577
 10
2674577.847
 20
3956083.262
 10
2674691.315
 20
3956025.494
 10
2674788.905
 20
3955982.104
 10
2674829.761
 20
3955967.03
 10
2674903.73
 20
3955930.482
 10
2675052.126
 20
3955857.161
 10
2675163.208
 20
3955795.743
 10
2675358.439
 20
3955681.101
 10
2675439.988
 20
3955618.656
 10
2675531.779
 20
3955566.487
 10
2675568.318
 20
3955542.752
 10
2675657.947
 20
3955488.526
 10
2675693.805
 20
3955463.993
 10
2675745.531
 20
3955429.062
 10
2675795.154
 20
3955364.213
 10
2675894.304
 20
3955282.279
 10
2676008.813
 20
3955160.377
 10
2676048.413
 20
3955089.119
 10
2676160.64
 20
3954967.207
 10
2675698.156
 20
3955281.073
 10
2675421.574
 20
3955305.401
 10
2675126.936
 20
3955240.786
 10
2674977.326
 20
3955079.473
 10
2674776.584
 20
3955003.699
 10
2674795.616
 20
3955232.447
 10
2674638.514
 20
3955354.145
 10
2674469.036
 20
3955488.935
 10
2674387.226
 20
3955292.559
 10
2674178.41
 20
3955293.447
 10
2674020.374
 20
3955473.768
 10
2673809.082
 20
3955477.276
 10
2673584.062
 20
3955537.227
 10
2673394.202
 20
3955486.618
 10
2673219.002
 20
3955320.943
 10
2673010.674
 20
3955339.652
 10
2672829.758
 20
3955428.911
 10
2672727.684
 20
3955421.646
 10
2672742.508
 20
3955219.952
 10
2672531.588
 20
3955144.47
 10
2672321.206
 20
3955181.072
 10
2672348.292
 20
3955424.876
 10
2672155.142
 20
3955532.319
 10
2671985.102
 20
3955369.045
 10
2671817.608
 20
3955205.695
 10
2671778.104
 20
3955158.421
 10
2671557.144
 20
3955088.323
 10
2671440.598
 20
3955295.479
 10
2671276.142
 20
3955427.578
 10
2671054.46
 20
3955423.74
 10
2670865.768
 20
3955508.127
 10
2670721.388
 20
3955351.76
 10
2670682.348
 20
3955136.322
 10
2670641.606
 20
3954951.508
 10
2670458.982
 20
3954793.688
 10
2670252.1
 20
3954679.875
 10
2670019.608
 20
3954653.417
 10
2669938.55
 20
3954854.462
 10
2669893.468
 20
3955067.215
 10
2669669.824
 20
3954992.097
 10
2669547.016
 20
3954786.705
 10
2669317.748
 20
3954877.349
 10
2669124.948
 20
3954997.521
 10
2668898.504
 20
3955098.277
 10
2668648.758
 20
3955092.696
 10
2668572.598
 20
3954916.539
 10
2668515.464
 20
3954691.429
 10
2668425.46
 20
3954474.906
 10
2668270.268
 20
3954295.919
 10
2668036.516
 20
3954223.639
 10
2667805.354
 20
3954245.55
 10
2667722.168
 20
3954184.241
 10
2667802.526
 20
3953957.74
 10
2667992.502
 20
3953827.458
 10
2667809.226
 20
3953738.445
 10
2667599.146
 20
3953693.512
 10
2667413.326
 20
3953604.572
 10
2667221.782
 20
3953492.867
 10
2666972.178
 20
3953492.377
 10
2666779.562
 20
3953434.205
 10
2666674.008
 20
3953207.936
 10
2666519.868
 20
3953067.134
 10
2666298.77
 20
3952991.944
 10
2666186.7
 20
3952806.626
 10
2666089.06
 20
3952590.321
 10
2665991.63
 20
3952381.653
 10
2665803.194
 20
3952290.24
 10
2665595.892
 20
3952161.152
 10
2665379.812
 20
3952083.271
 10
2665144.846
 20
3952059.432
 10
2664972.098
 20
3951982.856
 10
2664785.086
 20
3951850.64
 10
2664594.316
 20
3951766.937
 10
2664543.766
 20
3951744.91
 10
2664373.863
 20
3951809.778
 10
2618616.59
 20
3953254.175
 10
2612601.078
 20
3953444.063
 10
2603812.817
 20
3953721.478
 10
2540782.744
 20
3954647.329
 10
2525484.394
 20
3954872.047
 10
2525445.938
 20
3956882.64
 10
2525449.281
 20
3962689.852
 10
2525452.624
 20
3968497.064
 10
2525495.5
 20
3980459.25
 10
2525534.75
 20
3985993.75
 10
2525589.75
 20
3993792.5
 10
2525640.5
 20
4000993.5
 10
2525641.0
 20
4001067.75
 10
2525686.25
 20
4007660.0
 10
2525731.75
 20
4014326.5
 10
2525779.5
 20
4021300.0
 10
2525796.821
 20
4023696.771
 10
2525801.95
 20
4024409.078
 10
2525829.75
 20
4028254.0
 10
2525894.5
 20
4038249.25
 10
2525913.25
 20
4041276.5
 10
2525932.25
 20
4044396.5
 10
2525944.25
 20
4046276.25
 10
2526022.25
 20
4058454.75
 10
2526028.5
 20
4059424.75
 10
2526073.0
 20
4066155.0
 10
2526094.369
 20
4069586.44
 10
2526095.0
 20
4069687.75
 10
2526169.0
 20
4081554.0
 10
2526187.0
 20
4084512.0
 10
2526211.75
 20
4088581.25
 10
2526224.25
 20
4090770.75
 10
2526249.25
 20
4095220.75
 10
2526265.0
 20
4097996.25
 10
2526305.903
 20
4105220.497
 10
2526335.75
 20
4111367.5
 10
2526353.0
 20
4114964.75
 10
2526354.5
 20
4115220.5
 10
2526404.75
 20
4124694.5
 10
2526407.25
 20
4125220.5
 10
2526431.75
 20
4130021.25
 10
2526466.0
 20
4136821.0
 10
2526494.25
 20
4142292.5
 10
2526539.75
 20
4151128.25
 10
2526562.0
 20
4155418.5
 10
2526612.363
 20
4165390.899
 10
2526737.722
 20
4165222.416
 10
2526841.744
 20
4164964.031
 10
2527052.887
 20
4164581.641
 10
2527073.48
 20
4164525.402
 10
2527097.842
 20
4164466.548
 10
2527127.453
 20
4164416.462
 10
2527150.752
 20
4164369.046
 10
2527174.074
 20
4164322.897
 10
2527202.413
 20
4164272.837
 10
2527227.054
 20
4164229.198
 10
2527251.555
 20
4164177.951
 10
2527276.126
 20
4164130.507
 10
2527307.078
 20
4164084.198
 10
2527334.285
 20
4164041.773
 10
2527361.399
 20
4163994.276
 10
2527388.606
 20
4163951.851
 10
2527418.216
 20
4163901.765
 10
2527447.92
 20
4163856.751
 10
2527478.872
 20
4163810.442
 10
2527509.661
 20
4163755.259
 10
2527535.573
 20
4163711.592
 10
2527555.081
 20
4163665.523
 10
2527582.079
 20
4163611.687
 10
2527609.216
 20
4163565.458
 10
2527640.284
 20
4163525.489
 10
2527668.716
 20
4163480.501
 10
2527699.575
 20
4163429.121
 10
2527732.907
 20
4163373.884
 10
2527761.293
 20
4163326.361
 10
2527790.973
 20
4163280.079
 10
2527815.613
 20
4163236.439
 10
2527840.231
 20
4163191.531
 10
2527868.547
 20
4163140.204
 10
2527901.995
 20
4163091.306
 10
2527931.745
 20
4163048.828
 10
2527961.472
 20
4163005.081
 10
2527988.679
 20
4162962.656
 10
2528017.181
 20
4162921.472
 10
2528039.232
 20
4162875.35
 10
2528059.941
 20
4162825.451
 10
2528089.645
 20
4162780.436
 10
2528123.163
 20
4162735.342
 10
2528143.78
 20
4162680.371
 10
2528169.692
 20
4162636.705
 10
2528196.783
 20
4162587.94
 10
2528218.834
 20
4162541.818
 10
2528238.318
 20
4162494.481
 10
2528255.074
 20
4162437.054
 10
2528271.946
 20
4162385.967
 10
2528295.291
 20
4162341.086
 10
2528310.938
 20
4162292.561
 10
2528345.798
 20
4162251.244
 10
2528380.611
 20
4162207.391
 10
2528398.801
 20
4162158.813
 10
2528411.904
 20
4162110.341
 10
2528432.637
 20
4162061.71
 10
2528458.433
 20
4162011.704
 10
2528484.345
 20
4161968.037
 10
2528508.916
 20
4161920.594
 10
2528528.424
 20
4161874.525
 10
2528538.915
 20
4161822.303
 10
2528560.849
 20
4161769.841
 10
2528586.692
 20
4161722.371
 10
2528616.372
 20
4161676.089
 10
2528643.556
 20
4161632.396
 10
2528671.779
 20
4161575.997
 10
2528695.008
 20
4161524.777
 10
2528722.215
 20
4161482.352
 10
2528748.104
 20
4161437.417
 10
2528771.45
 20
4161392.536
 10
2528790.911
 20
4161343.931
 10
2528805.147
 20
4161287.826
 10
2528819.452
 20
4161235.524
 10
2528833.827
 20
4161187.025
 10
2528858.375
 20
4161138.314
 10
2528888.032
 20
4161090.764
 10
2528916.511
 20
4161048.312
 10
2528941.128
 20
4161003.404
 10
2528965.629
 20
4160952.157
 10
2528992.65
 20
4160899.589
 10
2529021.012
 20
4160850.798
 10
2529049.421
 20
4160804.543
 10
2529080.396
 20
4160759.502
 10
2529107.44
 20
4160708.201
 10
2529126.832
 20
4160655.793
 10
2529153.713
 20
4160595.618
 10
2529178.284
 20
4160548.174
 10
2529205.329
 20
4160496.874
 10
2529222.061
 20
4160438.179
 10
2529241.545
 20
4160390.842
 10
2529333.961
 20
4160319.095
 10
2529360.15
 20
4160156.346
 10
2529446.208
 20
4160133.822
 10
2529467.531
 20
4160101.315
 10
2529467.531
 20
4160079.536
 10
2529471.219
 20
4160013.138
 10
2529502.194
 20
4159968.097
 10
2529535.689
 20
4159921.735
 10
2529566.664
 20
4159876.694
 10
2529597.663
 20
4159832.921
 10
2529638.996
 20
4159797.811
 10
2529666.133
 20
4159751.582
 10
2529690.611
 20
4159699.067
 10
2529719.09
 20
4159656.615
 10
2529751.36
 20
4159612.815
 10
2529775.977
 20
4159567.908
 10
2529800.594
 20
4159523.0
 10
2529829.003
 20
4159476.744
 10
2529856.071
 20
4159426.712
 10
2529881.867
 20
4159376.706
 10
2529907.593
 20
4159322.897
 10
2529928.186
 20
4159266.658
 10
2529953.936
 20
4159214.116
 10
2529982.344
 20
4159167.861
 10
2530009.528
 20
4159124.168
 10
2530040.526
 20
4159080.395
 10
2530076.565
 20
4159033.98
 10
2530103.748
 20
4158990.286
 10
2530128.319
 20
4158942.843
 10
2530156.774
 20
4158899.123
 10
2530192.58
 20
4158840.029
 10
2530222.284
 20
4158795.015
 10
2530251.871
 20
4158743.662
 10
2530278.985
 20
4158696.165
 10
2530307.463
 20
4158653.713
 10
2530334.647
 20
4158610.02
 10
2530364.351
 20
4158565.006
 10
2530400.365
 20
4158517.323
 10
2530432.612
 20
4158472.255
 10
2530462.339
 20
4158428.509
 10
2530489.546
 20
4158386.084
 10
2530514.186
 20
4158342.444
 10
2530537.509
 20
4158296.295
 10
2530550.589
 20
4158246.555
 10
2530576.478
 20
4158201.621
 10
2530606.205
 20
4158157.874
 10
2530639.77
 20
4158115.316
 10
2530672.04
 20
4158071.516
 10
2530703.085
 20
4158030.279
 10
2530731.563
 20
4157987.827
 10
2530762.538
 20
4157942.786
 10
2530787.086
 20
4157894.075
 10
2530806.547
 20
4157845.47
 10
2530833.638
 20
4157796.706
 10
2530870.901
 20
4157747.728
 10
2530903.171
 20
4157703.928
 10
2530937.961
 20
4157658.808
 10
2530972.867
 20
4157620.026
 10
2531007.61
 20
4157572.37
 10
2531036.065
 20
4157528.65
 10
2531064.381
 20
4157477.323
 10
2531086.293
 20
4157423.594
 10
2531108.297
 20
4157374.936
 10
2531136.683
 20
4157327.412
 10
2531167.681
 20
4157283.639
 10
2531196.16
 20
4157241.187
 10
2531224.499
 20
4157191.128
 10
2531251.636
 20
4157144.899
 10
2531280.021
 20
4157097.376
 10
2531310.95
 20
4157049.8
 10
2531340.607
 20
4157002.25
 10
2531402.823
 20
4156917.598
 10
2531448.763
 20
4156897.03
 10
2531476.653
 20
4156854.978
 10
2531503.24
 20
4156809.124
 10
2531531.115
 20
4156764.533
 10
2531558.989
 20
4156719.942
 10
2531586.856
 20
4156674.081
 10
2531619.857
 20
4156630.731
 10
2531650.274
 20
4156583.586
 10
2531682.012
 20
4156542.782
 10
2531709.902
 20
4156500.73
 10
2531737.761
 20
4156453.6
 10
2531769.498
 20
4156412.796
 10
2531803.81
 20
4156374.517
 10
2531844.528
 20
4156337.473
 10
2531881.416
 20
4156301.719
 10
2531911.849
 20
4156257.114
 10
2531942.307
 20
4156216.317
 10
2531975.308
 20
4156172.967
 10
2532003.198
 20
4156130.915
 10
2532028.513
 20
4156086.338
 10
2532057.659
 20
4156040.47
 10
2532081.687
 20
4155994.63
 10
2532104.419
 20
4155946.259
 10
2532137.452
 20
4155907.987
 10
2532176.891
 20
4155870.95
 10
2532199.615
 20
4155821.308
 10
2532222.347
 20
4155772.936
 10
2532245.087
 20
4155725.834
 10
2532272.946
 20
4155678.704
 10
2532303.395
 20
4155636.637
 10
2532335.085
 20
4155588.216
 10
2532364.239
 20
4155543.618
 10
2532399.815
 20
4155502.793
 10
2532435.407
 20
4155464.507
 10
2532464.561
 20
4155419.909
 10
2532500.137
 20
4155379.084
 10
2532530.579
 20
4155335.748
 10
2532553.335
 20
4155291.185
 10
2532583.792
 20
4155250.388
 10
2532615.529
 20
4155209.585
 10
2532647.259
 20
4155167.511
 10
2532684.091
 20
4155122.871
 10
2532718.379
 20
4155080.783
 10
2532748.797
 20
4155033.638
 10
2532775.376
 20
4154986.515
 10
2532810.928
 20
4154941.881
 10
2532846.504
 20
4154901.056
 10
2532874.355
 20
4154852.656
 10
2532900.894
 20
4154799.185
 10
2532926.209
 20
4154754.608
 10
2532954.052
 20
4154704.938
 10
2532983.143
 20
4154650.183
 10
2533007.163
 20
4154603.074
 10
2533033.766
 20
4154559.759
 10
2533062.904
 20
4154512.621
 10
2533085.644
 20
4154465.519
 10
2533117.365
 20
4154422.176
 10
2533141.377
 20
4154373.797
 10
2533162.83
 20
4154325.433
 10
2533186.865
 20
4154280.863
 10
2533212.188
 20
4154237.555
 10
2533242.646
 20
4154196.758
 10
2533276.958
 20
4154158.48
 10
2533312.566
 20
4154122.733
 10
2533348.174
 20
4154086.987
 10
2533374.76
 20
4154041.133
 10
2533396.229
 20
4153995.307
 10
2533430.486
 20
4153948.141
 10
2533455.809
 20
4153904.834
 10
2533488.802
 20
4153860.214
 10
2533516.668
 20
4153814.353
 10
2533556.091
 20
4153774.777
 10
2533583.934
 20
4153725.107
 10
2533613.112
 20
4153684.318
 10
2533651.247
 20
4153643.479
 10
2533844.118
 20
4153380.868
 10
2533887.264
 20
4153139.937
 10
2534127.046
 20
4152811.723
 10
2534439.13
 20
4152377.527
 10
2534638.263
 20
4152077.476
 10
2534826.017
 20
4151814.409
 10
2535108.992
 20
4151458.023
 10
2535310.717
 20
4151183.443
 10
2535447.67
 20
4150961.313
 10
2535630.194
 20
4150621.825
 10
2535822.931
 20
4150302.686
 10
2535878.581
 20
4150134.335
 10
2535966.073
 20
4149988.81
 10
2536127.317
 20
4149832.845
 10
2536228.738
 20
4149654.149
 10
2536360.58
 20
4149419.296
 10
2536512.787
 20
4149192.019
 10
2536576.121
 20
4149051.671
 10
2536692.817
 20
4148879.293
 10
2536834.841
 20
4148648.228
 10
2536966.681
 20
4148412.102
 10
2537173.269
 20
4148017.752
 10
2537372.294
 20
4147660.373
 10
2537516.946
 20
4147473.889
 10
2537746.66
 20
4147203.037
 10
2537943.308
 20
4146934.844
 10
2538143.792
 20
4146676.83
 10
2538307.391
 20
4146420.214
 10
2538429.108
 20
4146212.149
 10
2538573.631
 20
4145956.87
 10
2538742.311
 20
4145696.414
 10
2538988.408
 20
4145343.974
 10
2539174.57
 20
4145123.978
 10
2539291.771
 20
4144996.074
  0
LWPOLYLINE
  5
2C5
102
{ACAD_XDICTIONARY
360
2C6
102
}
330
1F
100
AcDbEntity
  8
TDF.DBO
100
AcDbPolyline
 90
     6772
 70
     1
 43
0.0
 10
2528494.118
 20
3917822.94
 10
2528496.3921
 20
3917822.7775
 10
2528351.645
 20
3917794.289
 10
2528295.557
 20
3917762.227
 10
2528208.589
 20
3917735.57
 10
2528121.713
 20
3917673.033
 10
2528036.447
 20
3917591.591
 10
2528005.459
 20
3917547.899
 10
2528045.906
 20
3917464.325
 10
2528221.321
 20
3917366.999
 10
2528522.018
 20
3917239.832
 10
2528534.819
 20
3917201.651
 10
2528504.226
 20
3917142.217
 10
2528432.119
 20
3917090.954
 10
2528363.919
 20
3917041.328
 10
2528320.52
 20
3917010.311
 10
2528286.42
 20
3916932.77
 10
2528261.62
 20
3916886.246
 10
2528181.021
 20
3916821.111
 10
2528091.122
 20
3916777.689
 10
2528013.623
 20
3916771.485
 10
2527948.523
 20
3916777.689
 10
2527864.824
 20
3916793.197
 10
2527771.825
 20
3916786.993
 10
2527706.726
 20
3916777.689
 10
2527641.626
 20
3916777.689
 10
2527588.927
 20
3916796.298
 10
2527561.027
 20
3916774.587
 10
2527477.328
 20
3916765.282
 10
2527430.828
 20
3916755.977
 10
2527368.829
 20
3916755.977
 10
2527334.729
 20
3916721.859
 10
2527303.729
 20
3916728.062
 10
2527251.03
 20
3916715.656
 10
2527201.43
 20
3916700.148
 10
2527164.231
 20
3916700.148
 10
2527120.831
 20
3916659.826
 10
2527077.432
 20
3916631.912
 10
2526993.732
 20
3916616.403
 10
2526953.433
 20
3916588.489
 10
2526900.733
 20
3916582.285
 10
2526838.734
 20
3916572.981
 10
2526748.835
 20
3916548.167
 10
2526705.435
 20
3916554.371
 10
2526671.336
 20
3916576.082
 10
2526621.736
 20
3916619.505
 10
2526600.036
 20
3916631.912
 10
2526528.737
 20
3916628.81
 10
2526482.629
 20
3916623.793
 10
2526432.638
 20
3916631.912
 10
2526386.138
 20
3916631.912
 10
2526333.439
 20
3916613.302
 10
2526277.639
 20
3916588.489
 10
2526184.64
 20
3916563.676
 10
2526104.041
 20
3916551.27
 10
2526060.641
 20
3916551.27
 10
2525995.542
 20
3916563.676
 10
2525902.543
 20
3916560.575
 10
2525846.743
 20
3916551.27
 10
2525759.944
 20
3916529.558
 10
2525719.644
 20
3916507.847
 10
2525691.745
 20
3916476.83
 10
2525651.445
 20
3916473.729
 10
2525629.745
 20
3916464.424
 10
2525570.846
 20
3916439.611
 10
2525496.447
 20
3916424.103
 10
2525425.147
 20
3916424.103
 10
2525391.048
 20
3916424.103
 10
2525360.048
 20
3916445.814
 10
2525285.649
 20
3916476.83
 10
2525236.049
 20
3916458.221
 10
2525127.55
 20
3916473.729
 10
2525027.259
 20
3916498.841
 10
2525918.446
 20
3918889.053
 10
2526034.259
 20
3926123.598
 10
2525484.394
 20
3954872.047
 10
2540782.744
 20
3954647.329
 10
2603812.817
 20
3953721.478
 10
2664373.863
 20
3951809.778
 10
2664543.766
 20
3951744.91
 10
2664594.316
 20
3951766.937
 10
2664785.086
 20
3951850.64
 10
2664972.098
 20
3951982.856
 10
2665144.846
 20
3952059.432
 10
2665379.812
 20
3952083.271
 10
2665595.892
 20
3952161.152
 10
2665803.194
 20
3952290.24
 10
2665991.63
 20
3952381.653
 10
2666089.06
 20
3952590.321
 10
2666186.7
 20
3952806.626
 10
2666298.77
 20
3952991.944
 10
2666519.868
 20
3953067.134
 10
2666674.008
 20
3953207.936
 10
2666779.562
 20
3953434.205
 10
2666972.178
 20
3953492.377
 10
2667221.782
 20
3953492.867
 10
2667413.326
 20
3953604.572
 10
2667599.146
 20
3953693.512
 10
2667809.226
 20
3953738.445
 10
2667992.502
 20
3953827.458
 10
2667802.526
 20
3953957.74
 10
2667722.168
 20
3954184.241
 10
2667805.354
 20
3954245.55
 10
2668036.516
 20
3954223.639
 10
2668270.268
 20
3954295.919
 10
2668425.46
 20
3954474.906
 10
2668515.464
 20
3954691.429
 10
2668572.598
 20
3954916.539
 10
2668648.758
 20
3955092.696
 10
2668898.504
 20
3955098.277
 10
2669124.948
 20
3954997.521
 10
2669317.748
 20
3954877.349
 10
2669547.016
 20
3954786.705
 10
2669669.824
 20
3954992.097
 10
2669893.468
 20
3955067.215
 10
2669938.55
 20
3954854.462
 10
2670019.608
 20
3954653.417
 10
2670252.1
 20
3954679.875
 10
2670458.982
 20
3954793.688
 10
2670641.606
 20
3954951.508
 10
2670682.348
 20
3955136.322
 10
2670721.388
 20
3955351.76
 10
2670865.768
 20
3955508.127
 10
2671054.46
 20
3955423.74
 10
2671276.142
 20
3955427.578
 10
2671440.598
 20
3955295.479
 10
2671557.144
 20
3955088.323
 10
2671778.104
 20
3955158.421
 10
2671817.608
 20
3955205.695
 10
2671985.102
 20
3955369.045
 10
2672155.142
 20
3955532.319
 10
2672348.292
 20
3955424.876
 10
2672321.206
 20
3955181.072
 10
2672531.588
 20
3955144.47
 10
2672742.508
 20
3955219.952
 10
2672727.684
 20
3955421.646
 10
2672829.758
 20
3955428.911
 10
2673010.674
 20
3955339.652
 10
2673219.002
 20
3955320.943
 10
2673394.202
 20
3955486.618
 10
2673584.062
 20
3955537.227
 10
2673809.082
 20
3955477.276
 10
2674020.374
 20
3955473.768
 10
2674178.41
 20
3955293.447
 10
2674387.226
 20
3955292.559
 10
2674469.036
 20
3955488.935
 10
2674638.514
 20
3955354.145
 10
2674795.616
 20
3955232.447
 10
2674776.584
 20
3955003.699
 10
2674977.326
 20
3955079.473
 10
2675126.936
 20
3955240.786
 10
2675421.574
 20
3955305.401
 10
2675698.156
 20
3955281.073
 10
2676160.64
 20
3954967.207
 10
2676550.425
 20
3954549.458
 10
2676779.268
 20
3954377.754
 10
2676905.131
 20
3954331.966
 10
2676996.668
 20
3954263.284
 10
2677339.931
 20
3954045.792
 10
2677889.152
 20
3953679.489
 10
2678449.815
 20
3953393.315
 10
2678495.583
 20
3953358.975
 10
2678667.215
 20
3953358.975
 10
2678758.752
 20
3953313.187
 10
2678941.825
 20
3953198.717
 10
2679410.951
 20
3952969.778
 10
2679662.678
 20
3952820.968
 10
2680017.383
 20
3952695.051
 10
2680154.688
 20
3952672.157
 10
2680189.014
 20
3952580.582
 10
2680852.657
 20
3952385.984
 10
2681058.614
 20
3952431.771
 10
2681195.92
 20
3952477.559
 10
2681241.688
 20
3952443.218
 10
2681287.456
 20
3952340.196
 10
2681184.478
 20
3952260.067
 10
2681173.035
 20
3952202.832
 10
2681173.035
 20
3952134.151
 10
2681241.688
 20
3952031.128
 10
2681424.762
 20
3951928.105
 10
2681676.488
 20
3951847.977
 10
2681768.025
 20
3951836.53
 10
2681882.446
 20
3951733.507
 10
2682064.161
 20
3951557.521
 10
2682431.667
 20
3951332.864
 10
2682671.951
 20
3951252.735
 10
2682866.467
 20
3951195.501
 10
2683015.214
 20
3951195.501
 10
2683072.425
 20
3951195.501
 10
2683106.751
 20
3951275.629
 10
2683186.846
 20
3951275.629
 10
2683289.825
 20
3951229.841
 10
2683347.035
 20
3951149.713
 10
2683484.34
 20
3951081.031
 10
2683621.646
 20
3951012.349
 10
2683747.509
 20
3950920.774
 10
2683873.372
 20
3950829.198
 10
2684033.561
 20
3950794.857
 10
2684079.33
 20
3950703.282
 10
2683987.793
 20
3950691.835
 10
2683953.467
 20
3950634.6
 10
2684022.119
 20
3950474.342
 10
2684170.867
 20
3950428.555
 10
2684319.614
 20
3950348.426
 10
2684628.551
 20
3950176.722
 10
2684994.698
 20
3950062.252
 10
2685166.33
 20
3950039.358
 10
2685223.54
 20
3949993.57
 10
2685589.688
 20
3949867.654
 10
2685795.645
 20
3949798.972
 10
2686138.909
 20
3949650.162
 10
2686504.584
 20
3949534.276
 10
2687048.669
 20
3949319.848
 10
2687312.844
 20
3949176.92
 10
2687532.842
 20
3949041.925
 10
2688082.978
 20
3948768.025
 10
2688598.961
 20
3948528.36
 10
2688701.94
 20
3948471.126
 10
2688793.477
 20
3948471.126
 10
2688850.687
 20
3948436.785
 10
2688930.782
 20
3948402.444
 10
2689022.319
 20
3948368.103
 10
2689113.856
 20
3948299.421
 10
2689182.508
 20
3948276.527
 10
2689377.024
 20
3948184.952
 10
2689514.329
 20
3948150.611
 10
2689617.308
 20
3948047.588
 10
2689811.824
 20
3947967.46
 10
2689891.919
 20
3947864.437
 10
2689972.013
 20
3947852.99
 10
2690006.34
 20
3947807.202
 10
2690143.645
 20
3947795.755
 10
2690258.066
 20
3947692.733
 10
2690338.161
 20
3947715.627
 10
2690349.603
 20
3947784.308
 10
2690441.14
 20
3947795.755
 10
2690567.003
 20
3947795.755
 10
2690669.982
 20
3947738.52
 10
2690807.287
 20
3947646.945
 10
2691036.129
 20
3947555.369
 10
2691196.318
 20
3947498.134
 10
2691341.121
 20
3947276.258
 10
2691491.11
 20
3947175.189
 10
2691628.017
 20
3947107.612
 10
2691665.445
 20
3947063.148
 10
2691665.445
 20
3946948.679
 10
2691722.656
 20
3946879.997
 10
2691848.519
 20
3946822.762
 10
2691951.498
 20
3946719.74
 10
2692191.782
 20
3946559.482
 10
2692397.74
 20
3946479.354
 10
2692477.835
 20
3946479.354
 10
2692741.003
 20
3946341.99
 10
2692992.729
 20
3946261.861
 10
2693438.971
 20
3946055.816
 10
2693725.024
 20
3945998.582
 10
2693862.329
 20
3945872.665
 10
2694011.077
 20
3945929.9
 10
2694205.592
 20
3945907.006
 10
2694468.761
 20
3945781.089
 10
2694548.855
 20
3945781.089
 10
2694812.024
 20
3945655.173
 10
2694960.771
 20
3945609.385
 10
2695132.403
 20
3945426.234
 10
2695361.245
 20
3945185.848
 10
2695544.319
 20
3945048.484
 10
2695944.792
 20
3944830.992
 10
2696116.424
 20
3944762.31
 10
2696368.15
 20
3944647.841
 10
2696623.152
 20
3944362.343
 10
2696819.351
 20
3944212.018
 10
2696980.204
 20
3944114.544
 10
2697008.43
 20
3944102.508
 10
2697157.655
 20
3944006.812
 10
2697363.613
 20
3943858.001
 10
2697786.971
 20
3943732.085
 10
2698381.96
 20
3943674.85
 10
2698633.687
 20
3943640.509
 10
2698793.876
 20
3943571.827
 10
2698873.971
 20
3943480.252
 10
2698965.508
 20
3943480.252
 10
2699148.581
 20
3943377.229
 10
2699514.729
 20
3943216.972
 10
2699652.034
 20
3943091.055
 10
2699960.971
 20
3942942.245
 10
2699903.76
 20
3942873.563
 10
2699800.781
 20
3942850.669
 10
2699743.571
 20
3942759.094
 10
2699766.455
 20
3942541.601
 10
2699823.665
 20
3942404.238
 10
2699972.413
 20
3942255.428
 10
2700109.718
 20
3942152.405
 10
2700304.234
 20
3942060.829
 10
2700416.908
 20
3942033.925
 10
2701227.94
 20
3941452.553
 10
2701410.193
 20
3941314.395
 10
2702122.08
 20
3940807.297
 10
2702606.556
 20
3940457.61
 10
2702899.232
 20
3940305.265
 10
2703199.086
 20
3940263.658
 10
2703290.623
 20
3940355.233
 10
2703382.16
 20
3940446.809
 10
2703450.812
 20
3940492.597
 10
2703622.444
 20
3940515.491
 10
2703748.307
 20
3940515.491
 10
2703839.844
 20
3940435.362
 10
2703839.844
 20
3940332.339
 10
2703862.728
 20
3940252.211
 10
2703977.149
 20
3940137.741
 10
2704057.244
 20
3940069.059
 10
2704171.665
 20
3939977.484
 10
2704331.854
 20
3939943.143
 10
2704629.349
 20
3939840.12
 10
2704926.844
 20
3939782.885
 10
2705041.265
 20
3939725.651
 10
2705075.591
 20
3939656.969
 10
2705041.265
 20
3939542.499
 10
2705041.265
 20
3939473.818
 10
2705319.303
 20
3939226.749
 10
2705568.986
 20
3939088.291
 10
2705908.409
 20
3939017.799
 10
2706167.236
 20
3938920.778
 10
2706340.13
 20
3938803.501
 10
2706505.855
 20
3938683.979
 10
2706700.37
 20
3938683.979
 10
2706906.328
 20
3938718.32
 10
2707055.076
 20
3938832.789
 10
2707158.054
 20
3938890.024
 10
2707375.454
 20
3938890.024
 10
2707524.202
 20
3938924.365
 10
2707650.065
 20
3938935.812
 10
2707844.581
 20
3938970.153
 10
2708016.212
 20
3939027.388
 10
2708233.612
 20
3939015.941
 10
2708382.36
 20
3939038.834
 10
2708485.338
 20
3939096.069
 10
2708542.549
 20
3939073.175
 10
2708588.317
 20
3939164.751
 10
2708645.528
 20
3939130.41
 10
2708748.507
 20
3939061.728
 10
2708977.349
 20
3939015.941
 10
2709148.981
 20
3939027.388
 10
2709297.728
 20
3939038.834
 10
2709332.054
 20
3939027.388
 10
2709435.033
 20
3938958.706
 10
2709549.454
 20
3938901.471
 10
2709629.549
 20
3938890.024
 10
2709675.317
 20
3938890.024
 10
2709652.433
 20
3938798.448
 10
2709583.78
 20
3938798.448
 10
2709538.012
 20
3938741.214
 10
2709606.665
 20
3938592.403
 10
2709709.644
 20
3938558.062
 10
2709743.97
 20
3938489.381
 10
2709686.759
 20
3938386.358
 10
2709629.549
 20
3938294.782
 10
2709755.412
 20
3938157.419
 10
2709869.833
 20
3938180.313
 10
2709961.37
 20
3938180.313
 10
2710087.233
 20
3938180.313
 10
2710213.096
 20
3938180.313
 10
2710407.612
 20
3938203.207
 10
2710590.686
 20
3938203.207
 10
2710762.317
 20
3938203.207
 10
2711071.254
 20
3938123.078
 10
2711208.559
 20
3938077.29
 10
2711368.749
 20
3937962.821
 10
2711620.475
 20
3937791.117
 10
2711837.875
 20
3937642.306
 10
2712043.833
 20
3937516.39
 10
2712341.327
 20
3937447.708
 10
2712524.401
 20
3937504.943
 10
2712627.38
 20
3937607.965
 10
2712707.475
 20
3937699.541
 10
2712718.917
 20
3937756.776
 10
2712901.991
 20
3937733.882
 10
2713016.412
 20
3937710.988
 10
2713073.622
 20
3937630.859
 10
2713268.138
 20
3937539.284
 10
2713245.254
 20
3937447.708
 10
2713382.559
 20
3937264.557
 10
2713599.959
 20
3937127.193
 10
2713863.127
 20
3937069.958
 10
2714191.546
 20
3937085.16
 10
2714349.299
 20
3937137.593
 10
2714578.606
 20
3937201.469
 10
2714758.658
 20
3937202.769
 10
2715270.506
 20
3937161.534
 10
2715590.885
 20
3937161.534
 10
2715831.169
 20
3937184.428
 10
2716082.896
 20
3937207.321
 10
2716277.411
 20
3937241.662
 10
2716346.064
 20
3937287.45
 10
2716437.601
 20
3937379.026
 10
2716506.253
 20
3937401.92
 10
2716574.906
 20
3937459.154
 10
2716620.674
 20
3937459.154
 10
2716643.559
 20
3937413.367
 10
2716792.306
 20
3937504.942
 10
2716838.074
 20
3937527.836
 10
2716895.285
 20
3937493.495
 10
2716963.938
 20
3937424.814
 10
2717044.032
 20
3937401.92
 10
2717158.453
 20
3937447.707
 10
2717238.548
 20
3937470.601
 10
2717433.064
 20
3937436.26
 10
2717661.906
 20
3937436.26
 10
2718371.316
 20
3937436.26
 10
2718554.39
 20
3937482.048
 10
2718863.327
 20
3937482.048
 10
2719275.242
 20
3937482.048
 10
2719687.158
 20
3937470.601
 10
2720236.379
 20
3937493.495
 10
2720533.874
 20
3937585.071
 10
2720785.6
 20
3937688.093
 10
2720854.253
 20
3937756.775
 10
2720968.674
 20
3937791.116
 10
2721060.211
 20
3937894.139
 10
2721117.421
 20
3938054.396
 10
2721025.884
 20
3938134.525
 10
2720968.674
 20
3938283.335
 10
2720922.905
 20
3938352.017
 10
2720991.558
 20
3938363.464
 10
2721083.095
 20
3938248.994
 10
2721289.053
 20
3938111.631
 10
2721460.684
 20
3937997.161
 10
2721540.779
 20
3937928.48
 10
2721552.221
 20
3937848.351
 10
2721723.853
 20
3937802.563
 10
2721884.042
 20
3937722.434
 10
2722313.265
 20
3937963.772
 10
2722456.147
 20
3938134.525
 10
2722559.126
 20
3938226.1
 10
2722570.568
 20
3938191.759
 10
2722570.568
 20
3938123.078
 10
2722524.8
 20
3938042.949
 10
2722604.895
 20
3938042.949
 10
2722662.105
 20
3937985.714
 10
2722742.2
 20
3937791.116
 10
2723039.695
 20
3937562.177
 10
2723291.421
 20
3937401.92
 10
2723726.221
 20
3937264.556
 10
2724035.158
 20
3937253.109
 10
2724195.347
 20
3937241.662
 10
2724298.326
 20
3937104.299
 10
2724402.507
 20
3937115.746
 10
2724368.181
 20
3937207.321
 10
2724368.181
 20
3937298.897
 10
2724425.391
 20
3937379.026
 10
2724356.739
 20
3937447.707
 10
2724391.065
 20
3937550.73
 10
2724619.907
 20
3937607.965
 10
2724780.097
 20
3937596.518
 10
2724917.402
 20
3937550.73
 10
2728151.828
 20
3937942.665
 10
2728407.751
 20
3938093.097
 10
2728595.276
 20
3938183.504
 10
2728747.679
 20
3938237.126
 10
2728864.015
 20
3938232.933
 10
2728913.719
 20
3938235.571
 10
2729080.611
 20
3938328.704
 10
2729191.026
 20
3938388.538
 10
2729241.633
 20
3938434.563
 10
2729287.64
 20
3938425.358
 10
2729250.835
 20
3938365.525
 10
2729315.243
 20
3938388.538
 10
2729356.649
 20
3938365.525
 10
2729338.247
 20
3938337.909
 10
2729384.253
 20
3938333.307
 10
2729421.058
 20
3938305.691
 10
2729549.876
 20
3938411.55
 10
2729651.09
 20
3938471.384
 10
2729747.703
 20
3938512.807
 10
2729890.323
 20
3938554.231
 10
2729959.332
 20
3938563.436
 10
2730000.738
 20
3938591.051
 10
2730097.351
 20
3938591.051
 10
2730184.763
 20
3938595.654
 10
2730249.172
 20
3938609.462
 10
2730359.587
 20
3938614.064
 10
2730428.597
 20
3938646.282
 10
2730539.012
 20
3938678.5
 10
2730709.235
 20
3938770.552
 10
2730782.845
 20
3938775.155
 10
2730769.044
 20
3938696.911
 10
2730732.238
 20
3938646.282
 10
2730681.632
 20
3938600.256
 10
2730644.826
 20
3938572.641
 10
2730603.421
 20
3938549.628
 10
2730562.015
 20
3938508.205
 10
2730529.811
 20
3938434.563
 10
2730493.006
 20
3938370.127
 10
2730474.603
 20
3938305.691
 10
2730470.002
 20
3938273.473
 10
2730470.002
 20
3938227.447
 10
2730525.21
 20
3938176.819
 10
2730552.814
 20
3938144.601
 10
2730552.814
 20
3938098.575
 10
2730529.811
 20
3938011.126
 10
2730488.405
 20
3937932.882
 10
2730419.395
 20
3937937.484
 10
2730377.99
 20
3937969.703
 10
2730322.782
 20
3937997.318
 10
2730239.971
 20
3937983.51
 10
2730258.373
 20
3937882.253
 10
2730262.974
 20
3937794.804
 10
2730221.568
 20
3937762.586
 10
2730207.766
 20
3937716.56
 10
2730226.169
 20
3937670.535
 10
2730253.773
 20
3937652.124
 10
2730322.782
 20
3937652.124
 10
2730423.996
 20
3937652.124
 10
2730497.606
 20
3937647.522
 10
2730594.219
 20
3937647.522
 10
2730658.628
 20
3937679.74
 10
2730750.641
 20
3937702.753
 10
2730792.047
 20
3937767.189
 10
2730819.651
 20
3937831.625
 10
2730828.852
 20
3937873.048
 10
2730815.05
 20
3938015.728
 10
2730838.053
 20
3938075.562
 10
2730916.264
 20
3938172.216
 10
2730980.673
 20
3938259.665
 10
2731054.283
 20
3938342.512
 10
2731109.49
 20
3938388.538
 10
2731173.899
 20
3938439.166
 10
2731256.712
 20
3938480.591
 10
2731325.721
 20
3938480.591
 10
2731436.136
 20
3938475.989
 10
2731491.344
 20
3938475.989
 10
2731514.347
 20
3938429.963
 10
2731569.555
 20
3938402.347
 10
2731629.363
 20
3938429.963
 10
2731647.766
 20
3938434.566
 10
2731698.373
 20
3938411.553
 10
2731725.976
 20
3938365.527
 10
2731822.463
 20
3938358.823
 10
2731917.297
 20
3938400.257
 10
2731977.756
 20
3938476.765
 10
2731973.903
 20
3938529.006
 10
2731874.593
 20
3938553.476
 10
2731813.388
 20
3938554.233
 10
2731712.174
 20
3938526.617
 10
2731684.571
 20
3938568.04
 10
2731758.181
 20
3938568.04
 10
2731836.392
 20
3938581.848
 10
2731919.203
 20
3938618.669
 10
2732075.624
 20
3938710.72
 10
2732153.835
 20
3938752.144
 10
2732222.845
 20
3938756.746
 10
2732264.25
 20
3938756.746
 10
2732337.861
 20
3938802.772
 10
2732388.468
 20
3938807.375
 10
2732508.084
 20
3938853.401
 10
2732581.694
 20
3938890.221
 10
2732641.502
 20
3938908.632
 10
2732655.304
 20
3938862.606
 10
2732655.304
 20
3938807.375
 10
2732590.895
 20
3938742.939
 10
2732535.688
 20
3938719.926
 10
2732466.678
 20
3938715.323
 10
2732512.685
 20
3938669.297
 10
2732521.886
 20
3938623.271
 10
2732577.094
 20
3938664.695
 10
2732636.902
 20
3938687.708
 10
2732678.307
 20
3938687.708
 10
2732719.713
 20
3938623.271
 10
2732724.314
 20
3938595.656
 10
2732710.512
 20
3938563.438
 10
2732655.304
 20
3938540.425
 10
2732747.317
 20
3938545.027
 10
2732871.534
 20
3938535.822
 10
2732894.537
 20
3938499.002
 10
2732917.54
 20
3938425.36
 10
2732958.946
 20
3938342.514
 10
2733004.952
 20
3938351.719
 10
2733041.757
 20
3938406.95
 10
2733069.361
 20
3938425.36
 10
2733129.17
 20
3938425.36
 10
2733198.179
 20
3938457.578
 10
2733239.585
 20
3938471.386
 10
2733280.99
 20
3938489.797
 10
2733294.792
 20
3938526.617
 10
2733409.808
 20
3938554.233
 10
2733474.217
 20
3938563.438
 10
2733547.827
 20
3938558.835
 10
2733616.837
 20
3938591.053
 10
2733685.846
 20
3938604.861
 10
2733718.051
 20
3938600.258
 10
2733791.661
 20
3938650.887
 10
2733883.673
 20
3938687.708
 10
2733948.082
 20
3938696.913
 10
2734063.098
 20
3938669.297
 10
2734109.104
 20
3938558.835
 10
2734136.708
 20
3938475.989
 10
2734145.91
 20
3938393.142
 10
2734210.318
 20
3938370.129
 10
2734380.542
 20
3938374.732
 10
2734467.954
 20
3938383.937
 10
2734541.993
 20
3938395.463
 10
2734633.143
 20
3938437.691
 10
2734759.437
 20
3938475.798
 10
2734808.292
 20
3938487.151
 10
2734983.225
 20
3938535.824
 10
2735162.65
 20
3938591.055
 10
2735328.273
 20
3938627.875
 10
2735434.087
 20
3938650.888
 10
2735604.311
 20
3938637.081
 10
2735733.128
 20
3938655.491
 10
2735797.537
 20
3938604.863
 10
2735875.748
 20
3938591.055
 10
2736045.971
 20
3938673.901
 10
2736096.578
 20
3938678.504
 10
2736156.387
 20
3938738.337
 10
2736211.594
 20
3938775.158
 10
2736294.406
 20
3938844.197
 10
2736386.418
 20
3938913.236
 10
2736455.428
 20
3938899.428
 10
2736611.849
 20
3938945.454
 10
2736690.06
 20
3938950.056
 10
2736860.284
 20
3938908.633
 10
2736897.089
 20
3938899.428
 10
2736947.696
 20
3938927.043
 10
2737071.913
 20
3938913.236
 10
2737131.721
 20
3938894.825
 10
2737237.536
 20
3938894.825
 10
2737329.548
 20
3938945.454
 10
2737449.165
 20
3938973.069
 10
2737518.174
 20
3939005.287
 10
2737573.382
 20
3939060.518
 10
2737619.388
 20
3939088.134
 10
2737660.794
 20
3939111.147
 10
2737752.806
 20
3939115.749
 10
2737854.02
 20
3939166.378
 10
2737959.835
 20
3939235.416
 10
2738079.451
 20
3939267.635
 10
2738139.26
 20
3939290.647
 10
2738270.581
 20
3939260.11
 10
2738346.288
 20
3939299.853
 10
2738383.093
 20
3939382.699
 10
2738479.706
 20
3939437.93
 10
2738576.319
 20
3939451.738
 10
2738649.929
 20
3939470.148
 10
2738682.134
 20
3939497.764
 10
2738774.146
 20
3939525.379
 10
2738838.555
 20
3939534.585
 10
2738875.36
 20
3939557.597
 10
2738930.568
 20
3939571.405
 10
2739013.379
 20
3939576.008
 10
2739086.99
 20
3939589.815
 10
2739179.002
 20
3939617.431
 10
2739243.411
 20
3939658.854
 10
2739289.417
 20
3939718.688
 10
2739358.427
 20
3939741.701
 10
2739450.44
 20
3939741.701
 10
2739537.852
 20
3939746.303
 10
2739643.666
 20
3939750.906
 10
2739804.688
 20
3939746.303
 10
2739887.5
 20
3939732.496
 10
2739910.503
 20
3939755.508
 10
2739965.711
 20
3939746.303
 10
2739984.113
 20
3939663.457
 10
2739984.113
 20
3939617.431
 10
2739993.314
 20
3939557.597
 10
2739993.314
 20
3939520.777
 10
2740053.123
 20
3939470.148
 10
2740108.33
 20
3939428.725
 10
2740177.34
 20
3939373.494
 10
2740292.355
 20
3939359.686
 10
2740461.842
 20
3939527.181
 10
2740480.981
 20
3939589.815
 10
2740554.592
 20
3939635.841
 10
2740609.799
 20
3939635.841
 10
2740646.604
 20
3939645.046
 10
2740678.809
 20
3939672.662
 10
2740738.617
 20
3939764.714
 10
2740812.227
 20
3939806.137
 10
2740849.032
 20
3939819.945
 10
2740908.84
 20
3939838.355
 10
2740959.447
 20
3939847.56
 10
2741019.256
 20
3939842.958
 10
2741046.859
 20
3939833.752
 10
2741120.47
 20
3939824.547
 10
2741157.275
 20
3939824.547
 10
2741212.482
 20
3939824.547
 10
2741258.489
 20
3939829.15
 10
2741299.894
 20
3939847.56
 10
2741336.699
 20
3939879.778
 10
2741391.907
 20
3939939.612
 10
2741465.517
 20
3940004.048
 10
2741520.725
 20
3940031.663
 10
2741594.335
 20
3940050.074
 10
2741658.744
 20
3940045.471
 10
2741723.152
 20
3940045.471
 10
2741764.558
 20
3940045.471
 10
2741838.168
 20
3940096.1
 10
2741897.977
 20
3940114.51
 10
2742059.316
 20
3940152.935
 10
2742178.911
 20
3940207.469
 10
2742254.264
 20
3940242.995
 10
2742365.083
 20
3940253.936
 10
2742471.675
 20
3940281.188
 10
2742519.062
 20
3940321.631
 10
2742578.87
 20
3940321.631
 10
2742629.477
 20
3940363.054
 10
2742666.282
 20
3940404.478
 10
2742730.691
 20
3940413.683
 10
2742795.1
 20
3940395.273
 10
2742864.11
 20
3940404.478
 10
2742933.119
 20
3940432.093
 10
2742988.327
 20
3940445.901
 10
2743038.934
 20
3940478.119
 10
2743094.141
 20
3940519.543
 10
2743149.349
 20
3940528.748
 10
2743172.352
 20
3940487.324
 10
2743117.144
 20
3940422.888
 10
2743048.135
 20
3940349.247
 10
2742997.528
 20
3940303.221
 10
2742988.327
 20
3940261.797
 10
2742988.327
 20
3940215.771
 10
2742974.525
 20
3940206.566
 10
2742942.32
 20
3940155.938
 10
2742942.32
 20
3940086.899
 10
2742903.886
 20
3940037.269
 10
2742844.88
 20
3939924.128
 10
2742701.951
 20
3939819.241
 10
2742605.514
 20
3939728.3
 10
2742487.561
 20
3939599.935
 10
2742457.91
 20
3939533.145
 10
2742473.889
 20
3939461.125
 10
2742478.373
 20
3939436.745
 10
2742444.337
 20
3939313.76
 10
2742449.315
 20
3939203.827
 10
2742470.557
 20
3939124.744
 10
2742490.797
 20
3939023.395
 10
2742558.807
 20
3938964.441
 10
2742808.902
 20
3938388.542
 10
2742776.349
 20
3938343.189
 10
2742744.604
 20
3938298.808
 10
2742597.053
 20
3938215.21
 10
2742549.157
 20
3938197.614
 10
2742447.68
 20
3938173.843
 10
2742444.001
 20
3938009.155
 10
2742478.152
 20
3937969.134
 10
2742478.348
 20
3937918.303
 10
2742448.118
 20
3937880.049
 10
2742377.428
 20
3937851.742
 10
2742303.644
 20
3937820.184
 10
2742260.544
 20
3937833.451
 10
2742227.39
 20
3937816.867
 10
2742200.867
 20
3937803.6
 10
2742161.083
 20
3937720.68
 10
2742190.921
 20
3937690.829
 10
2742197.552
 20
3937660.978
 10
2742197.552
 20
3937627.81
 10
2742243.967
 20
3937604.593
 10
2742326.851
 20
3937617.86
 10
2742383.213
 20
3937641.077
 10
2742459.466
 20
3937607.91
 10
2742469.412
 20
3937544.891
 10
2742449.52
 20
3937488.505
 10
2742405.352
 20
3937470.757
 10
2742406.703
 20
3937520.74
 10
2742374.295
 20
3937618.004
 10
2742385.098
 20
3937507.231
 10
2742402.652
 20
3937462.651
 10
2742383.747
 20
3937415.37
 10
2742341.887
 20
3937378.896
 10
2742218.582
 20
3937337.31
 10
2742193.988
 20
3937327.922
 10
2742141.825
 20
3937298.13
 10
2742089.425
 20
3937290.659
 10
2742042.711
 20
3937271.769
 10
2741995.497
 20
3937241.746
 10
2741952.326
 20
3937218.97
 10
2741921.929
 20
3937177.005
 10
2741909.866
 20
3937129.226
 10
2741953.511
 20
3937107.356
 10
2741990.996
 20
3937141.552
 10
2742011.718
 20
3937188.927
 10
2742109.428
 20
3937266.795
 10
2742181.077
 20
3937288.86
 10
2742231.336
 20
3937303.867
 10
2742283.069
 20
3937296.493
 10
2742245.64
 20
3937263.534
 10
2742223.568
 20
3937213.744
 10
2742269.491
 20
3937242.587
 10
2742302.25
 20
3937281.963
 10
2742344.296
 20
3937307.27
 10
2742392.413
 20
3937329.814
 10
2742433.444
 20
3937360.126
 10
2742475.82
 20
3937392.854
 10
2742518.199
 20
3937425.583
 10
2742570.765
 20
3937436.764
 10
2742626.432
 20
3937434.165
 10
2742661.443
 20
3937468.476
 10
2742665.31
 20
3937595.969
 10
2742664.622
 20
3937622.032
 10
2742675.503
 20
3937671.106
 10
2742721.036
 20
3937691.292
 10
2742754.185
 20
3937739.325
 10
2742782.299
 20
3937840.895
 10
2742841.88
 20
3937915.846
 10
2742915.542
 20
3937966.268
 10
2742950.435
 20
3937997.297
 10
2742977.573
 20
3938032.204
 10
2743031.851
 20
3938008.932
 10
2743086.128
 20
3937915.846
 10
2743159.791
 20
3937869.302
 10
2743217.945
 20
3937815.002
 10
2743260.592
 20
3937795.609
 10
2743310.992
 20
3937764.58
 10
2743380.778
 20
3937702.522
 10
2743450.563
 20
3937687.007
 10
2743524.225
 20
3937687.007
 10
2743574.626
 20
3937706.4
 10
2743648.288
 20
3937756.822
 10
2743694.812
 20
3937783.973
 10
2743752.966
 20
3937791.73
 10
2743946.814
 20
3937880.938
 10
2744024.354
 20
3937915.846
 10
2744098.016
 20
3937900.331
 10
2744183.309
 20
3937888.695
 10
2744260.848
 20
3937896.453
 10
2744315.126
 20
3937904.21
 10
2744384.911
 20
3937896.453
 10
2744427.558
 20
3937842.152
 10
2744450.82
 20
3937776.216
 10
2744528.359
 20
3937648.221
 10
2744582.636
 20
3937586.163
 10
2744689.94
 20
3937466.603
 10
2744714.213
 20
3937426.866
 10
2744749.52
 20
3937371.675
 10
2744802.48
 20
3937316.485
 10
2744886.333
 20
3937274.541
 10
2744970.187
 20
3937248.049
 10
2745038.594
 20
3937223.766
 10
2745093.761
 20
3937234.804
 10
2745168.787
 20
3937281.163
 10
2745199.681
 20
3937289.994
 10
2745274.708
 20
3937289.994
 10
2745312.221
 20
3937292.201
 10
2745351.941
 20
3937272.333
 10
2745396.075
 20
3937243.634
 10
2745444.621
 20
3937214.935
 10
2745479.928
 20
3937175.198
 10
2745546.128
 20
3937150.914
 10
2745638.808
 20
3937153.122
 10
2745691.769
 20
3937137.669
 10
2745738.109
 20
3937108.97
 10
2745791.069
 20
3937091.309
 10
2745861.682
 20
3937086.894
 10
2745952.156
 20
3937086.894
 10
2746196.348
 20
3937156.999
 10
2746440.66
 20
3937112.356
 10
2746475.137
 20
3937100.14
 10
2746565.61
 20
3937111.178
 10
2746627.397
 20
3937093.517
 10
2746682.564
 20
3937097.932
 10
2746720.077
 20
3937062.61
 10
2746823.791
 20
3937067.026
 10
2746889.991
 20
3937042.742
 10
2746916.471
 20
3937022.873
 10
2746962.811
 20
3937038.327
 10
2747002.531
 20
3937009.628
 10
2747031.218
 20
3936963.268
 10
2747081.971
 20
3936961.06
 10
2747112.865
 20
3936994.174
 10
2747298.225
 20
3937029.496
 10
2747386.718
 20
3936997.794
 10
2747466.116
 20
3937020.696
 10
2747499.574
 20
3937024.147
 10
2747544.017
 20
3937001.509
 10
2747593.492
 20
3936991.213
 10
2747651.572
 20
3936970.944
 10
2747658.693
 20
3936920.12
 10
2747700.555
 20
3936880.167
 10
2747748.798
 20
3936871.118
 10
2747802.084
 20
3936876.891
 10
2747965.468
 20
3936863.221
 10
2748044.677
 20
3936855.168
 10
2748079.387
 20
3936841.85
 10
2748158.827
 20
3936791.075
 10
2748284.607
 20
3936791.075
 10
2748386.114
 20
3936780.037
 10
2748417.008
 20
3936764.584
 10
2748441.281
 20
3936777.829
 10
2748525.135
 20
3936742.508
 10
2748595.748
 20
3936731.47
 10
2748637.675
 20
3936696.148
 10
2748690.635
 20
3936698.355
 10
2748770.075
 20
3936671.864
 10
2748869.375
 20
3936667.449
 10
2748995.156
 20
3936638.75
 10
2749061.356
 20
3936638.75
 10
2749109.903
 20
3936640.958
 10
2749169.483
 20
3936625.504
 10
2749242.303
 20
3936590.182
 10
2749306.296
 20
3936585.767
 10
2749392.357
 20
3936532.785
 10
2749447.523
 20
3936521.747
 10
2749597.735
 20
3936483.463
 10
2749699.045
 20
3936503.523
 10
2749749.875
 20
3936503.628
 10
2749846.295
 20
3936525.157
 10
2749892.523
 20
3936505.644
 10
2749946.232
 20
3936464.349
 10
2749996.985
 20
3936444.48
 10
2750030.085
 20
3936409.158
 10
2750045.532
 20
3936382.667
 10
2750096.285
 20
3936356.176
 10
2750158.072
 20
3936274.494
 10
2750186.759
 20
3936172.944
 10
2750226.479
 20
3936161.906
 10
2750266.199
 20
3936203.85
 10
2750305.077
 20
3936169.059
 10
2750330.068
 20
3936118.309
 10
2750365.568
 20
3936080.706
 10
2750469.452
 20
3936048.566
 10
2750525.814
 20
3936034.76
 10
2750580.627
 20
3936006.061
 10
2750603.181
 20
3935981.49
 10
2750614.621
 20
3935932.614
 10
2750607.34
 20
3935880.893
 10
2750591.233
 20
3935825.866
 10
2750570.51
 20
3935778.491
 10
2750537.473
 20
3935732.931
 10
2750494.817
 20
3935694.017
 10
2750447.354
 20
3935603.267
 10
2750392.196
 20
3935548.204
 10
2750375.872
 20
3935529.753
 10
2750353.857
 20
3935481.199
 10
2750335.498
 20
3935431.235
 10
2750281.752
 20
3935366.19
 10
2750236.06
 20
3935328.658
 10
2750190.534
 20
3935294.837
 10
2750118.62
 20
3935239.316
 10
2750071.128
 20
3935203.108
 10
2750027.902
 20
3935179.095
 10
2749972.14
 20
3935151.951
 10
2749916.821
 20
3935134.701
 10
2749855.317
 20
3935117.739
 10
2749787.351
 20
3935102.252
 10
2749725.564
 20
3935097.837
 10
2749630.677
 20
3935102.252
 10
2749553.444
 20
3935126.536
 10
2749436.49
 20
3935155.235
 10
2749387.943
 20
3935157.443
 10
2749351.33
 20
3935157.386
 10
2749322.004
 20
3935111.651
 10
2749333.111
 20
3935055.353
 10
2749365.915
 20
3935012.917
 10
2749352.615
 20
3934965.195
 10
2749303.982
 20
3934958.79
 10
2749358.522
 20
3934958.722
 10
2749483.944
 20
3934894.608
 10
2749558.409
 20
3934855.183
 10
2749596.732
 20
3934797.615
 10
2749607.394
 20
3934731.421
 10
2749566.255
 20
3934698.635
 10
2749513.743
 20
3934688.69
 10
2749466.64
 20
3934661.141
 10
2749420.036
 20
3934644.724
 10
2749410.279
 20
3934593.118
 10
2749362.327
 20
3934574.285
 10
2749315.937
 20
3934583.588
 10
2749278.195
 20
3934605.483
 10
2749224.543
 20
3934625.343
 10
2749113.386
 20
3934635.626
 10
2749103.886
 20
3934631.011
 10
2749042.767
 20
3934616.669
 10
2749003.313
 20
3934585.17
 10
2748950.743
 20
3934569.202
 10
2748902.112
 20
3934548.452
 10
2748855.064
 20
3934520.334
 10
2748748.802
 20
3934485.87
 10
2748662.18
 20
3934428.729
 10
2748604.11
 20
3934397.644
 10
2748557.176
 20
3934367.053
 10
2748490.512
 20
3934320.714
 10
2748428.625
 20
3934278.303
 10
2748354.35
 20
3934222.332
 10
2748271.127
 20
3934172.157
 10
2748224.743
 20
3934156.464
 10
2748144.214
 20
3934155.368
 10
2748114.693
 20
3934152.98
 10
2748063.94
 20
3934113.243
 10
2747977.88
 20
3934060.261
 10
2747871.959
 20
3934033.769
 10
2747832.239
 20
3934029.354
 10
2747677.772
 20
3933956.503
 10
2747567.439
 20
3933854.953
 10
2747353.392
 20
3933720.289
 10
2747260.711
 20
3933665.098
 10
2747148.286
 20
3933574.476
 10
2747093.738
 20
3933574.534
 10
2747006.945
 20
3933528.227
 10
2746945.158
 20
3933497.32
 10
2746885.578
 20
3933464.206
 10
2746839.238
 20
3933450.96
 10
2746775.244
 20
3933442.13
 10
2746742.144
 20
3933444.338
 10
2746698.011
 20
3933437.715
 10
2746653.877
 20
3933437.715
 10
2746625.19
 20
3933437.715
 10
2746592.09
 20
3933459.791
 10
2746541.337
 20
3933435.507
 10
2746468.517
 20
3933373.694
 10
2746444.243
 20
3933336.165
 10
2746424.383
 20
3933283.182
 10
2746446.45
 20
3933245.653
 10
2746466.31
 20
3933208.123
 10
2746481.757
 20
3933161.763
 10
2746490.583
 20
3933124.234
 10
2746475.137
 20
3933084.497
 10
2746457.732
 20
3933063.331
 10
2746421.031
 20
3933036.916
 10
2746409.304
 20
3932992.775
 10
2746365.446
 20
3932983.378
 10
2746320.22
 20
3932967.342
 10
2746334.193
 20
3932924.405
 10
2746292.051
 20
3932901.553
 10
2746287.008
 20
3932857.144
 10
2746231.762
 20
3932812.514
 10
2746175.575
 20
3932772.381
 10
2746152.32
 20
3932762.16
 10
2746079.637
 20
3932742.762
 10
2746069.068
 20
3932699.691
 10
2746044.02
 20
3932657.198
 10
2746017.009
 20
3932592.477
 10
2745995.302
 20
3932549.851
 10
2745982.199
 20
3932528.07
 10
2745910.343
 20
3932457.337
 10
2745874.922
 20
3932397.93
 10
2745808.721
 20
3932322.872
 10
2745760.175
 20
3932252.228
 10
2745705.008
 20
3932188.207
 10
2745643.221
 20
3932146.263
 10
2745592.468
 20
3932104.318
 10
2745539.507
 20
3932077.827
 10
2745486.547
 20
3932062.374
 10
2745438.001
 20
3932031.467
 10
2745426.967
 20
3931978.484
 10
2745380.627
 20
3931932.125
 10
2745351.94
 20
3931887.972
 10
2745340.907
 20
3931797.46
 10
2745325.46
 20
3931748.893
 10
2745321.047
 20
3931729.024
 10
2745340.907
 20
3931645.135
 10
2745354.147
 20
3931585.53
 10
2745371.8
 20
3931517.094
 10
2745371.8
 20
3931453.073
 10
2745354.147
 20
3931397.883
 10
2745351.94
 20
3931344.9
 10
2745266.242
 20
3931220.465
 10
2745253.548
 20
3931197.108
 10
2745224.316
 20
3931148.308
 10
2745188.648
 20
3931095.44
 10
2745146.721
 20
3931035.835
 10
2745102.587
 20
3930967.399
 10
2745056.247
 20
3930980.645
 10
2744952.534
 20
3930929.87
 10
2744926.054
 20
3930885.717
 10
2744983.427
 20
3930854.811
 10
2745029.767
 20
3930841.565
 10
2745071.694
 20
3930812.866
 10
2745142.307
 20
3930808.451
 10
2745273.168
 20
3930731.498
 10
2745291.646
 20
3930684.688
 10
2745300.824
 20
3930623.845
 10
2745312.102
 20
3930570.127
 10
2745307.948
 20
3930520.991
 10
2745317.674
 20
3930494.858
 10
2745332.081
 20
3930444.195
 10
2745332.081
 20
3930417.704
 10
2745365.181
 20
3930377.967
 10
2745380.628
 20
3930300.7
 10
2745393.868
 20
3930256.548
 10
2745402.695
 20
3930230.057
 10
2745391.661
 20
3930172.659
 10
2745387.248
 20
3930108.638
 10
2745389.455
 20
3930077.732
 10
2745389.455
 20
3930035.787
 10
2745380.628
 20
3930007.088
 10
2745337.963
 20
3929987.721
 10
2745304.964
 20
3929945.849
 10
2745275.316
 20
3929897.817
 10
2745134.034
 20
3929838.993
 10
2745132.254
 20
3929789.152
 10
2745089.617
 20
3929715.734
 10
2745040.929
 20
3929708.091
 10
2744999.898
 20
3929677.778
 10
2745058.454
 20
3929675.947
 10
2745095.968
 20
3929658.286
 10
2745135.688
 20
3929620.757
 10
2745175.408
 20
3929642.833
 10
2745226.161
 20
3929622.964
 10
2745246.021
 20
3929556.736
 10
2745259.261
 20
3929525.83
 10
2745252.641
 20
3929488.3
 10
2745237.194
 20
3929441.94
 10
2745239.401
 20
3929393.373
 10
2745257.055
 20
3929340.39
 10
2745285.741
 20
3929278.577
 10
2745259.261
 20
3929232.217
 10
2745294.568
 20
3929154.951
 10
2745305.601
 20
3929097.553
 10
2745303.395
 20
3929086.515
 10
2745274.708
 20
3929053.401
 10
2745251.259
 20
3929009.082
 10
2745205.726
 20
3928988.897
 10
2745136.216
 20
3928959.295
 10
2745007.83
 20
3928943.598
 10
2745020.563
 20
3928895.9
 10
2745059.94
 20
3928861.834
 10
2745015.366
 20
3928835.406
 10
2745047.044
 20
3928795.5
 10
2745005.629
 20
3928646.21
 10
2744960.207
 20
3928628.497
 10
2744995.817
 20
3928593.367
 10
2744933.65
 20
3928451.242
 10
2744911.801
 20
3928406.399
 10
2744905.702
 20
3928353.385
 10
2744881.324
 20
3928307.42
 10
2744843.727
 20
3928270.749
 10
2744794.484
 20
3928250.736
 10
2744715.139
 20
3928057.354
 10
2744668.258
 20
3928034.753
 10
2744682.061
 20
3927983.287
 10
2744644.52
 20
3927947.853
 10
2744621.052
 20
3927935.934
 10
2744597.583
 20
3927924.015
 10
2744599.016
 20
3927873.126
 10
2744621.868
 20
3927829.914
 10
2744629.485
 20
3927778.737
 10
2744623.06
 20
3927704.664
 10
2744620.346
 20
3927630.419
 10
2744621.778
 20
3927579.53
 10
2744608.833
 20
3927498.325
 10
2744571.343
 20
3927367.444
 10
2744590.261
 20
3927319.458
 10
2744595.518
 20
3927270.87
 10
2744546.495
 20
3927255.806
 10
2744542.092
 20
3927201.216
 10
2744491.338
 20
3927201.216
 10
2744449.412
 20
3927176.932
 10
2744436.172
 20
3927117.326
 10
2744389.832
 20
3927121.742
 10
2744361.145
 20
3927090.835
 10
2744356.731
 20
3927026.814
 10
2744294.945
 20
3927002.531
 10
2744244.191
 20
3926993.7
 10
2744184.611
 20
3926993.7
 10
2744118.411
 20
3926971.624
 10
2744096.344
 20
3926958.378
 10
2744072.071
 20
3926918.641
 10
2744043.384
 20
3926887.735
 10
2744005.871
 20
3926801.638
 10
2743944.084
 20
3926737.617
 10
2743899.95
 20
3926704.503
 10
2743796.237
 20
3926706.711
 10
2743756.517
 20
3926708.918
 10
2743725.623
 20
3926733.202
 10
2743677.077
 20
3926697.88
 10
2743573.363
 20
3926691.258
 10
2743485.096
 20
3926611.784
 10
2743469.649
 20
3926576.462
 10
2743474.063
 20
3926523.479
 10
2743456.409
 20
3926496.988
 10
2743443.169
 20
3926463.874
 10
2743445.565
 20
3926314.334
 10
2743461.788
 20
3926261.516
 10
2743474.521
 20
3926213.818
 10
2743507.213
 20
3926168.908
 10
2743508.703
 20
3926119.257
 10
2743528.858
 20
3926071.212
 10
2743584.691
 20
3926072.325
 10
2743630.865
 20
3926051.576
 10
2743633.424
 20
3925998.156
 10
2743593.52
 20
3925965.311
 10
2743695.349
 20
3925858.914
 10
2743803.012
 20
3925882.397
 10
2743823.277
 20
3925836.826
 10
2743867.827
 20
3925807.477
 10
2743853.289
 20
3925759.813
 10
2743778.658
 20
3925740.366
 10
2743755.3
 20
3925730.92
 10
2743791.15
 20
3925686.11
 10
2743845.521
 20
3925671.796
 10
2743876.999
 20
3925640.305
 10
2743919.923
 20
3925657.482
 10
2743962.847
 20
3925663.207
 10
2743994.324
 20
3925651.756
 10
2744014.356
 20
3925625.991
 10
2744022.94
 20
3925583.048
 10
2744002.909
 20
3925520.066
 10
2744028.664
 20
3925488.575
 10
2744054.418
 20
3925437.044
 10
2744028.664
 20
3925394.102
 10
2744048.695
 20
3925351.16
 10
2744131.681
 20
3925336.846
 10
2744194.637
 20
3925331.12
 10
2744194.637
 20
3925271.001
 10
2744237.561
 20
3925259.549
 10
2744309.101
 20
3925239.51
 10
2744377.779
 20
3925222.333
 10
2744406.395
 20
3925210.881
 10
2744437.873
 20
3925185.116
 10
2744437.873
 20
3925130.722
 10
2744386.364
 20
3925119.271
 10
2744334.855
 20
3925133.585
 10
2744228.976
 20
3925082.055
 10
2744143.128
 20
3925059.152
 10
2744045.833
 20
3925036.249
 10
2743971.431
 20
3925004.758
 10
2743922.784
 20
3924978.993
 10
2743908.476
 20
3924921.736
 10
2743882.722
 20
3924878.794
 10
2743839.798
 20
3924838.715
 10
2743879.86
 20
3924781.458
 10
2744040.11
 20
3924724.202
 10
2744168.882
 20
3924772.87
 10
2744223.253
 20
3924810.086
 10
2744266.177
 20
3924810.086
 10
2744323.409
 20
3924758.556
 10
2744357.748
 20
3924735.653
 10
2744389.226
 20
3924672.671
 10
2744429.288
 20
3924638.317
 10
2744577.546
 20
3924443.528
 10
2744635.811
 20
3924445.203
 10
2744553.087
 20
3924359.958
 10
2744497.045
 20
3924341.523
 10
2744363.946
 20
3924219.648
 10
2744318.195
 20
3924181.493
 10
2744291.273
 20
3924126.555
 10
2744149.591
 20
3924104.046
 10
2744074.789
 20
3924134.072
 10
2744005.77
 20
3924085.792
 10
2743919.922
 20
3924011.359
 10
2743891.306
 20
3923928.337
 10
2743879.86
 20
3923839.59
 10
2743888.445
 20
3923802.373
 10
2743911.337
 20
3923770.882
 10
2743928.507
 20
3923710.763
 10
2743968.57
 20
3923630.604
 10
2743974.293
 20
3923596.25
 10
2743937.092
 20
3923550.445
 10
2743905.614
 20
3923501.777
 10
2743891.306
 20
3923418.755
 10
2743899.891
 20
3923364.361
 10
2743888.445
 20
3923309.968
 10
2743911.337
 20
3923252.711
 10
2743919.922
 20
3923206.906
 10
2743922.784
 20
3923166.826
 10
2743919.922
 20
3923135.335
 10
2743939.953
 20
3923055.176
 10
2743962.846
 20
3923026.548
 10
2743959.985
 20
3922969.292
 10
2744008.632
 20
3922934.938
 10
2744020.078
 20
3922849.053
 10
2744048.694
 20
3922757.443
 10
2744089.924
 20
3922719.474
 10
2744112.825
 20
3922664.457
 10
2744131.913
 20
3922576.524
 10
2744128.819
 20
3922522.692
 10
2744100.203
 20
3922433.944
 10
2744042.971
 20
3922379.551
 10
2743980.016
 20
3922348.06
 10
2743931.369
 20
3922342.334
 10
2743854.105
 20
3922296.529
 10
2743799.735
 20
3922253.587
 10
2743748.226
 20
3922230.684
 10
2743676.686
 20
3922210.644
 10
2743656.655
 20
3922210.644
 10
2743619.454
 20
3922164.839
 10
2743562.222
 20
3922133.348
 10
2743493.543
 20
3922144.799
 10
2743459.204
 20
3922133.348
 10
2743401.972
 20
3922078.955
 10
2743193.075
 20
3922001.658
 10
2743127.258
 20
3922013.11
 10
2743055.718
 20
3921973.03
 10
2742978.455
 20
3921932.951
 10
2742934.743
 20
3921875.536
 10
2742892.342
 20
3921834.767
 10
2742831.53
 20
3921830.906
 10
2742786.488
 20
3921786.773
 10
2742753.763
 20
3921733.444
 10
2742666.678
 20
3921712.532
 10
2742580.302
 20
3921685.641
 10
2742463.499
 20
3921649.117
 10
2742399.002
 20
3921658.564
 10
2742340.08
 20
3921648.638
 10
2742222.829
 20
3921680.903
 10
2742199.165
 20
3921622.171
 10
2742077.018
 20
3921622.786
 10
2742026.028
 20
3921593.312
 10
2741956.978
 20
3921530.778
 10
2741870.172
 20
3921446.424
 10
2741748.411
 20
3921355.135
 10
2741667.018
 20
3921308.914
 10
2741587.275
 20
3921268.498
 10
2741524.908
 20
3921260.009
 10
2741480.337
 20
3921221.769
 10
2741379.534
 20
3921162.738
 10
2741275.8
 20
3921159.989
 10
2741212.845
 20
3921148.538
 10
2741172.782
 20
3921151.401
 10
2741101.243
 20
3921157.126
 10
2741032.564
 20
3921157.126
 10
2740983.917
 20
3921159.989
 10
2740889.484
 20
3921188.617
 10
2740820.805
 20
3921214.382
 10
2740749.265
 20
3921225.834
 10
2740709.203
 20
3921222.971
 10
2740651.971
 20
3921220.108
 10
2740606.185
 20
3921174.303
 10
2740637.663
 20
3921119.909
 10
2740574.707
 20
3921145.675
 10
2740609.047
 20
3921205.794
 10
2740591.877
 20
3921257.325
 10
2740531.783
 20
3921248.736
 10
2740474.551
 20
3921225.834
 10
2740417.319
 20
3921177.166
 10
2740360.087
 20
3921137.086
 10
2740321.632
 20
3921047.883
 10
2740192.826
 20
3921078.921
 10
2740065.184
 20
3921039.941
 10
2740039.588
 20
3920982.494
 10
2740039.588
 20
3920930.963
 10
2740108.266
 20
3920899.472
 10
2740154.052
 20
3920928.1
 10
2740208.422
 20
3920905.198
 10
2740251.346
 20
3920836.49
 10
2740257.069
 20
3920756.331
 10
2740257.069
 20
3920707.663
 10
2740217.007
 20
3920590.287
 10
2740195.108
 20
3920408.023
 10
2740197.431
 20
3920320.184
 10
2740211.34
 20
3920229.729
 10
2740226.647
 20
3920173.051
 10
2740241.804
 20
3920115.203
 10
2740261.096
 20
3919997.285
 10
2740304.051
 20
3919951.506
 10
2740454.146
 20
3919964.039
 10
2740483.099
 20
3919971.204
 10
2740535.836
 20
3919945.665
 10
2740694.191
 20
3919891.504
 10
2740755.768
 20
3919897.023
 10
2740816.861
 20
3919884.216
 10
2740882.709
 20
3919841.959
 10
2740902.994
 20
3919788.974
 10
2740860.086
 20
3919737.172
 10
2740866.875
 20
3919679.161
 10
2740864.046
 20
3919588.38
 10
2740886.343
 20
3919535.014
 10
2740936.367
 20
3919460.969
 10
2740904.728
 20
3919345.733
 10
2740922.536
 20
3919289.939
 10
2740988.392
 20
3919227.649
 10
2741010.686
 20
3919206.446
 10
2741043.34
 20
3919154.788
 10
2741161.44
 20
3919136.706
 10
2741281.059
 20
3919130.348
 10
2741515.334
 20
3919189.719
 10
2741681.694
 20
3919129.973
 10
2741712.316
 20
3919182.197
 10
2741726.3
 20
3919124.492
 10
2741690.416
 20
3919077.678
 10
2741739.248
 20
3918966.853
 10
2741795.882
 20
3918861.024
 10
2741808.093
 20
3918851.054
 10
2741793.782
 20
3918815.626
 10
2741836.036
 20
3918755.748
 10
2741885.322
 20
3918715.138
 10
2741951.139
 20
3918703.687
 10
2741988.34
 20
3918672.196
 10
2742048.433
 20
3918700.824
 10
2742105.665
 20
3918689.372
 10
2742160.036
 20
3918666.47
 10
2742228.714
 20
3918692.235
 10
2742260.192
 20
3918723.726
 10
2742326.009
 20
3918740.903
 10
2742368.933
 20
3918760.943
 10
2742397.549
 20
3918823.925
 10
2742454.781
 20
3918835.376
 10
2742503.428
 20
3918792.434
 10
2742491.982
 20
3918738.04
 10
2742543.491
 20
3918706.549
 10
2742569.245
 20
3918652.156
 10
2742612.169
 20
3918594.899
 10
2742649.37
 20
3918589.174
 10
2742675.125
 20
3918560.546
 10
2742700.879
 20
3918529.054
 10
2742709.464
 20
3918497.563
 10
2742715.187
 20
3918471.798
 10
2742706.602
 20
3918431.719
 10
2742703.741
 20
3918411.679
 10
2742652.232
 20
3918380.188
 10
2742549.214
 20
3918368.736
 10
2742534.906
 20
3918302.892
 10
2742443.335
 20
3918245.635
 10
2742417.58
 20
3918188.379
 10
2742374.656
 20
3918139.711
 10
2742346.04
 20
3918062.415
 10
2742334.594
 20
3918022.335
 10
2742263.054
 20
3917939.313
 10
2742243.022
 20
3917873.468
 10
2742180.77
 20
3917739.268
 10
2742193.449
 20
3917653.134
 10
2742198.759
 20
3917592.92
 10
2742177.07
 20
3917536.024
 10
2742152.316
 20
3917483.077
 10
2742157.627
 20
3917422.865
 10
2742144.003
 20
3917363.786
 10
2742121.293
 20
3917308.205
 10
2742088.625
 20
3917258.613
 10
2742039.32
 20
3917230.115
 10
2741992.399
 20
3917240.825
 10
2741973.735
 20
3917185.284
 10
2741925.812
 20
3917149.66
 10
2741888.474
 20
3917068.216
 10
2741862.874
 20
3917014.96
 10
2741828.931
 20
3916931.488
 10
2741754.928
 20
3916799.374
 10
2741719.395
 20
3916748.026
 10
2741653.035
 20
3916689.446
 10
2741581.317
 20
3916630.663
 10
2741554.736
 20
3916617.191
 10
2741493.966
 20
3916628.739
 10
2741430.327
 20
3916616.688
 10
2741384.541
 20
3916599.512
 10
2741324.447
 20
3916599.512
 10
2741295.831
 20
3916616.688
 10
2741255.769
 20
3916651.042
 10
2741204.26
 20
3916659.631
 10
2741126.997
 20
3916639.591
 10
2741069.765
 20
3916639.591
 10
2740966.747
 20
3916691.122
 10
2740809.359
 20
3916659.631
 10
2740772.297
 20
3916610.325
 10
2740705.842
 20
3916572.376
 10
2740645.553
 20
3916510.169
 10
2740555.503
 20
3916429.999
 10
2740523.198
 20
3916376.211
 10
2740477.413
 20
3916338.995
 10
2740433.048
 20
3916218.435
 10
2740444.955
 20
3916159.477
 10
2740392.692
 20
3916128.912
 10
2740368.673
 20
3915992.591
 10
2740277.102
 20
3915949.649
 10
2740217.008
 20
3915958.238
 10
2740119.713
 20
3915900.981
 10
2740056.758
 20
3915923.884
 10
2740016.696
 20
3915966.826
 10
2739968.048
 20
3915961.1
 10
2739859.307
 20
3915869.49
 10
2739885.062
 20
3915817.959
 10
2739885.062
 20
3915763.566
 10
2739824.968
 20
3915766.428
 10
2739773.459
 20
3915714.898
 10
2739764.874
 20
3915663.367
 10
2739733.397
 20
3915603.248
 10
2739710.504
 20
3915545.991
 10
2739687.611
 20
3915503.049
 10
2739661.857
 20
3915325.554
 10
2739616.071
 20
3915316.965
 10
2739558.839
 20
3915302.651
 10
2739487.299
 20
3915245.395
 10
2739410.036
 20
3915193.864
 10
2739455.821
 20
3915145.196
 10
2739438.652
 20
3915090.803
 10
2739381.42
 20
3915087.94
 10
2739307.018
 20
3915059.312
 10
2739266.955
 20
3915047.86
 10
2739209.723
 20
3915050.723
 10
2739132.46
 20
3915019.232
 10
2739089.536
 20
3914984.878
 10
2739080.951
 20
3914944.799
 10
2739069.505
 20
3914910.445
 10
2739058.058
 20
3914878.954
 10
2739106.706
 20
3914844.6
 10
2739129.598
 20
3914790.206
 10
2739100.982
 20
3914712.91
 10
2739055.197
 20
3914675.693
 10
2738929.286
 20
3914649.928
 10
2738874.916
 20
3914609.849
 10
2738892.085
 20
3914538.278
 10
2738871.272
 20
3914474.127
 10
2738909.566
 20
3914423.345
 10
2738973.425
 20
3914404.468
 10
2738978.324
 20
3914340.304
 10
2738906.186
 20
3914268.624
 10
2738841.35
 20
3914196.727
 10
2738824.395
 20
3914134.518
 10
2738820.626
 20
3914066.69
 10
2738776.877
 20
3913939.95
 10
2738819.806
 20
3913850.49
 10
2738850.326
 20
3913754.864
 10
2738880.827
 20
3913691.248
 10
2738852.023
 20
3913630.764
 10
2738771.898
 20
3913544.879
 10
2738706.081
 20
3913476.172
 10
2738657.434
 20
3913453.269
 10
2738614.51
 20
3913401.738
 10
2738540.108
 20
3913361.659
 10
2738457.122
 20
3913301.539
 10
2738385.581
 20
3913278.637
 10
2738319.765
 20
3913281.5
 10
2738282.564
 20
3913241.42
 10
2738253.948
 20
3913218.518
 10
2738213.885
 20
3913195.615
 10
2738165.238
 20
3913192.752
 10
2738119.452
 20
3913172.712
 10
2738065.082
 20
3913124.044
 10
2737990.68
 20
3913095.416
 10
2737881.939
 20
3913104.005
 10
2737761.752
 20
3913043.885
 10
2737718.828
 20
3913089.691
 10
2737655.872
 20
3913095.416
 10
2737615.81
 20
3913052.474
 10
2737504.207
 20
3913000.943
 10
2737441.252
 20
3913029.571
 10
2737363.989
 20
3912998.08
 10
2737327.332
 20
3912972.977
 10
2737282.777
 20
3912922.037
 10
2737221.148
 20
3912902.96
 10
2737105.649
 20
3912941.658
 10
2737089.273
 20
3912880.704
 10
2737097.858
 20
3912817.722
 10
2737063.519
 20
3912757.603
 10
2737017.733
 20
3912711.798
 10
2736883.238
 20
3912671.718
 10
2736811.698
 20
3912634.502
 10
2736731.573
 20
3912571.52
 10
2736691.51
 20
3912531.44
 10
2736640.002
 20
3912465.595
 10
2736614.247
 20
3912414.064
 10
2736570.073
 20
3912338.245
 10
2736589.367
 20
3912235.766
 10
2736611.866
 20
3912105.102
 10
2736574.185
 20
3911915.933
 10
2736542.707
 20
3911807.146
 10
2736548.43
 20
3911735.576
 10
2736522.676
 20
3911678.319
 10
2736479.752
 20
3911623.926
 10
2736442.551
 20
3911563.806
 10
2736368.149
 20
3911437.842
 10
2736308.056
 20
3911240.308
 10
2736285.362
 20
3911181.282
 10
2736250.824
 20
3911117.205
 10
2736230.792
 20
3911057.086
 10
2736330.948
 20
3911045.635
 10
2736379.596
 20
3910971.201
 10
2736376.734
 20
3910830.923
 10
2736431.105
 20
3910802.295
 10
2736475.531
 20
3910755.946
 10
2736563.215
 20
3910653.86
 10
2736594.68
 20
3910573.212
 10
2736536.023
 20
3910537.657
 10
2736381.803
 20
3910642.589
 10
2736279.44
 20
3910590.446
 10
2736273.716
 20
3910527.464
 10
2736328.087
 20
3910490.247
 10
2736310.917
 20
3910221.142
 10
2736222.207
 20
3910126.669
 10
2736288.024
 20
3910040.784
 10
2736302.332
 20
3909966.351
 10
2736322.364
 20
3909854.701
 10
2736365.288
 20
3909763.091
 10
2736363.69
 20
3909655.3
 10
2736360.496
 20
3909555.905
 10
2736385.436
 20
3909496.694
 10
2736439.393
 20
3909467.909
 10
2736405.785
 20
3909395.52
 10
2736396.342
 20
3909332.811
 10
2736426.916
 20
3909269.841
 10
2736450.207
 20
3909208.244
 10
2736504.383
 20
3909172.479
 10
2736551.12
 20
3909128.951
 10
2736435.608
 20
3909067.331
 10
2736367.89
 20
3908953.031
 10
2736323.166
 20
3908901.206
 10
2736179.872
 20
3908736.105
 10
2736124.912
 20
3908735.337
 10
2736036.203
 20
3908689.532
 10
2736007.587
 20
3908615.099
 10
2735970.386
 20
3908520.626
 10
2735958.939
 20
3908463.369
 10
2735921.739
 20
3908388.936
 10
2735916.015
 20
3908328.817
 10
2735930.323
 20
3908205.715
 10
2735933.185
 20
3908105.517
 10
2735916.015
 20
3908051.123
 10
2735815.859
 20
3907962.376
 10
2735690.827
 20
3907821.017
 10
2735628.862
 20
3907736.089
 10
2735507.282
 20
3907675.835
 10
2735448.58
 20
3907660.705
 10
2735401.509
 20
3907614.126
 10
2735371.167
 20
3907549.107
 10
2735365.106
 20
3907479.946
 10
2735363.96
 20
3907413.351
 10
2735334.862
 20
3907279.103
 10
2735257.846
 20
3907275.299
 10
2735217.784
 20
3907289.613
 10
2735143.382
 20
3907346.869
 10
2735097.596
 20
3907352.595
 10
2735046.087
 20
3907352.595
 10
2734988.855
 20
3907364.046
 10
2734900.146
 20
3907306.79
 10
2734842.913
 20
3907269.573
 10
2734811.436
 20
3907249.534
 10
2734785.681
 20
3907212.317
 10
2734762.789
 20
3907212.317
 10
2734728.449
 20
3907169.375
 10
2734676.94
 20
3907097.804
 10
2734628.293
 20
3907014.782
 10
2734548.168
 20
3906931.76
 10
2734488.075
 20
3906897.406
 10
2734439.427
 20
3906897.406
 10
2734402.226
 20
3906911.721
 10
2734230.855
 20
3906854.15
 10
2734226.939
 20
3906805.183
 10
2734239.926
 20
3906768.231
 10
2734272.442
 20
3906719.524
 10
2734292.256
 20
3906587.543
 10
2734323.185
 20
3906541.192
 10
2734272.537
 20
3906502.43
 10
2734214.187
 20
3906493.81
 10
2734152.304
 20
3906484.101
 10
2734089.074
 20
3906493.081
 10
2734067.825
 20
3906552.377
 10
2734063.007
 20
3906615.921
 10
2734027.252
 20
3906663.434
 10
2733982.254
 20
3906621.942
 10
2733924.259
 20
3906553.078
 10
2733902.338
 20
3906532.307
 10
2733728.378
 20
3906482.802
 10
2733670.283
 20
3906479.137
 10
2733553.581
 20
3906439.543
 10
2733372.5
 20
3906330.743
 10
2733202.553
 20
3906246.914
 10
2733120.806
 20
3906200.201
 10
2733017.651
 20
3906131.451
 10
2732961.74
 20
3906102.855
 10
2732922.199
 20
3906054.914
 10
2732836.278
 20
3906028.252
 10
2732722.4
 20
3906031.998
 10
2732696.711
 20
3906021.384
 10
2732650.925
 20
3905984.167
 10
2732585.108
 20
3905929.774
 10
2732556.492
 20
3905901.146
 10
2732519.291
 20
3905878.243
 10
2732482.09
 20
3905843.889
 10
2732439.166
 20
3905806.672
 10
2732361.903
 20
3905792.358
 10
2732238.854
 20
3905752.279
 10
2732155.867
 20
3905663.531
 10
2732081.466
 20
3905514.665
 10
2732029.957
 20
3905425.917
 10
2731969.863
 20
3905368.661
 10
2731912.631
 20
3905308.541
 10
2731881.153
 20
3905259.874
 10
2731843.953
 20
3905202.617
 10
2731778.136
 20
3905153.949
 10
2731684.43
 20
3905276.556
 10
2731666.532
 20
3905299.954
 10
2731529.175
 20
3905394.427
 10
2731471.943
 20
3905351.485
 10
2731429.019
 20
3905248.423
 10
2731394.68
 20
3905228.384
 10
2731363.202
 20
3905225.521
 10
2731337.448
 20
3905282.777
 10
2731214.399
 20
3905294.229
 10
2731165.752
 20
3905340.034
 10
2731097.073
 20
3905351.485
 10
2731059.872
 20
3905322.857
 10
2730996.917
 20
3905317.131
 10
2730945.408
 20
3905345.759
 10
2730876.73
 20
3905340.034
 10
2730842.39
 20
3905371.525
 10
2730779.435
 20
3905362.936
 10
2730699.31
 20
3905322.857
 10
2730659.248
 20
3905317.131
 10
2730607.739
 20
3905319.994
 10
2730540.608
 20
3905417.931
 10
2730483.67
 20
3905414.217
 10
2730401.703
 20
3905357.211
 10
2730324.44
 20
3905325.72
 10
2730264.346
 20
3905317.131
 10
2730207.114
 20
3905319.994
 10
2730155.605
 20
3905348.622
 10
2730104.097
 20
3905385.839
 10
2730046.864
 20
3905417.33
 10
2729918.092
 20
3905445.958
 10
2729886.615
 20
3905486.038
 10
2729763.566
 20
3905474.586
 10
2729709.195
 20
3905503.215
 10
2729769.289
 20
3905514.666
 10
2729800.767
 20
3905637.767
 10
2729777.874
 20
3905695.024
 10
2729823.659
 20
3905789.497
 10
2729767.271
 20
3905767.52
 10
2729673.748
 20
3905745.53
 10
2729614.954
 20
3905725.178
 10
2729589.008
 20
3905712.201
 10
2729531.932
 20
3905747.497
 10
2729604.428
 20
3905856.527
 10
2729663.178
 20
3905874.268
 10
2729710.158
 20
3905915.625
 10
2729775.899
 20
3905915.017
 10
2729778.306
 20
3905984.211
 10
2729827.835
 20
3906032.075
 10
2729864.7
 20
3906122.499
 10
2729893.134
 20
3906218.225
 10
2729855.054
 20
3906269.513
 10
2729809.687
 20
3906392.695
 10
2729799.854
 20
3906458.085
 10
2729822.802
 20
3906517.948
 10
2729800.727
 20
3906579.534
 10
2729750.247
 20
3906617.875
 10
2729696.484
 20
3906536.096
 10
2729683.441
 20
3906493.751
 10
2729631.932
 20
3906548.144
 10
2729626.209
 20
3906613.989
 10
2729640.517
 20
3906674.108
 10
2729603.316
 20
3906725.639
 10
2729557.53
 20
3906742.816
 10
2729488.852
 20
3906777.17
 10
2729474.544
 20
3906840.152
 10
2729420.173
 20
3906857.329
 10
2729394.419
 20
3906923.174
 10
2729425.896
 20
3906968.979
 10
2729357.218
 20
3906968.979
 10
2729374.388
 20
3907034.824
 10
2729374.388
 20
3907100.669
 10
2729448.789
 20
3907195.142
 10
2729382.972
 20
3907198.005
 10
2729322.879
 20
3907240.947
 10
2729360.08
 20
3907309.655
 10
2729357.218
 20
3907369.774
 10
2729305.709
 20
3907421.305
 10
2729257.062
 20
3907401.265
 10
2729202.691
 20
3907435.619
 10
2729188.383
 20
3907498.601
 10
2729274.169
 20
3907608.302
 10
2729287.444
 20
3907672.172
 10
2729241.902
 20
3907714.387
 10
2729216.13
 20
3907773.394
 10
2729211.277
 20
3907839.276
 10
2729271.37
 20
3907919.435
 10
2729320.017
 20
3907988.142
 10
2729354.357
 20
3908197.128
 10
2729345.772
 20
3908303.053
 10
2729342.91
 20
3908386.075
 10
2729320.017
 20
3908517.764
 10
2729251.339
 20
3908683.808
 10
2729214.138
 20
3908763.967
 10
2729131.152
 20
3908861.303
 10
2729116.844
 20
3908964.365
 10
2729134.013
 20
3909096.054
 10
2729148.321
 20
3909147.585
 10
2729179.799
 20
3909250.647
 10
2729222.723
 20
3909322.217
 10
2729230.76
 20
3909401.825
 10
2729212.377
 20
3909536.512
 10
2729217.177
 20
3909603.073
 10
2729194.107
 20
3909712.137
 10
2729191.245
 20
3909869.592
 10
2729162.629
 20
3909949.752
 10
2729136.875
 20
3909986.968
 10
2729148.321
 20
3910058.539
 10
2729111.12
 20
3910150.149
 10
2729073.919
 20
3910213.131
 10
2729053.888
 20
3910230.308
 10
2729053.888
 20
3910316.193
 10
2729036.718
 20
3910419.254
 10
2729076.781
 20
3910479.374
 10
2729053.888
 20
3910602.475
 10
2728968.04
 20
3910645.417
 10
2728887.915
 20
3910711.262
 10
2728764.866
 20
3910851.54
 10
2728641.817
 20
3910986.093
 10
2728573.139
 20
3911034.761
 10
2728524.491
 20
3911066.253
 10
2728404.628
 20
3911101.5
 10
2728328.877
 20
3911157.053
 10
2728248.053
 20
3911200.898
 10
2728189.684
 20
3911183.628
 10
2728126.728
 20
3911217.982
 10
2728055.188
 20
3911203.668
 10
2727997.956
 20
3911238.022
 10
2727943.586
 20
3911212.257
 10
2727880.631
 20
3911220.845
 10
2727771.89
 20
3911301.004
 10
2727631.671
 20
3911309.593
 10
2727385.573
 20
3911366.849
 10
2727322.618
 20
3911352.535
 10
2727251.078
 20
3911361.123
 10
2727150.922
 20
3911355.398
 10
2727036.457
 20
3911398.34
 10
2726709.633
 20
3911448.912
 10
2726553.042
 20
3911441.219
 10
2726362.519
 20
3911442.982
 10
2726220.899
 20
3911415.516
 10
2726117.882
 20
3911389.751
 10
2725914.708
 20
3911361.123
 10
2725828.86
 20
3911332.494
 10
2725682.918
 20
3911298.141
 10
2725602.793
 20
3911258.061
 10
2725516.945
 20
3911177.902
 10
2725476.882
 20
3911109.194
 10
2725442.543
 20
3911000.407
 10
2725433.958
 20
3910951.739
 10
2725431.097
 20
3910911.66
 10
2725391.034
 20
3910848.678
 10
2725413.927
 20
3910797.147
 10
2725411.066
 20
3910725.576
 10
2725282.294
 20
3910585.297
 10
2725193.584
 20
3910522.315
 10
2725113.459
 20
3910456.47
 10
2724998.995
 20
3910407.802
 10
2724927.455
 20
3910367.723
 10
2724835.884
 20
3910287.564
 10
2724767.205
 20
3910218.856
 10
2724687.08
 20
3910184.502
 10
2724615.54
 20
3910098.617
 10
2724604.094
 20
3910069.989
 10
2724618.402
 20
3909918.26
 10
2724589.786
 20
3909806.61
 10
2724601.232
 20
3909637.703
 10
2724584.063
 20
3909568.995
 10
2724515.384
 20
3909471.66
 10
2724481.045
 20
3909371.461
 10
2724501.076
 20
3909216.868
 10
2724566.893
 20
3909151.023
 10
2724621.263
 20
3909105.218
 10
2724664.187
 20
3909053.688
 10
2724707.112
 20
3908984.98
 10
2724752.162
 20
3908855.057
 10
2724758.62
 20
3908711.581
 10
2724804.406
 20
3908665.776
 10
2724804.406
 20
3908522.635
 10
2724861.638
 20
3908413.848
 10
2724838.745
 20
3908327.963
 10
2724890.254
 20
3908219.176
 10
2724833.022
 20
3908093.211
 10
2724867.361
 20
3907972.973
 10
2724833.022
 20
3907898.539
 10
2724792.959
 20
3907818.38
 10
2724792.959
 20
3907721.044
 10
2724792.959
 20
3907623.708
 10
2724770.066
 20
3907537.824
 10
2724718.557
 20
3907406.134
 10
2724707.111
 20
3907297.347
 10
2724695.665
 20
3907188.559
 10
2724689.941
 20
3907159.931
 10
2724609.816
 20
3906953.808
 10
2724581.2
 20
3906850.746
 10
2724598.37
 20
3906776.313
 10
2724575.477
 20
3906747.685
 10
2724495.352
 20
3906684.703
 10
2724466.736
 20
3906661.8
 10
2724443.843
 20
3906598.818
 10
2724415.227
 20
3906593.092
 10
2724352.272
 20
3906610.269
 10
2724289.317
 20
3906593.092
 10
2724237.808
 20
3906684.703
 10
2724146.237
 20
3906782.039
 10
2724037.496
 20
3906787.764
 10
2723865.8
 20
3906747.685
 10
2723734.166
 20
3906684.703
 10
2723654.041
 20
3906627.446
 10
2723579.639
 20
3906558.738
 10
2723476.621
 20
3906495.756
 10
2723407.943
 20
3906364.067
 10
2723270.586
 20
3906272.456
 10
2723201.907
 20
3906329.713
 10
2723116.059
 20
3906381.243
 10
2723001.595
 20
3906375.518
 10
2723001.595
 20
3906449.951
 10
2722944.363
 20
3906415.597
 10
2722835.622
 20
3906444.226
 10
2722766.944
 20
3906386.969
 10
2722744.051
 20
3906341.164
 10
2722686.819
 20
3906346.89
 10
2722623.863
 20
3906266.731
 10
2722560.908
 20
3906192.297
 10
2722572.355
 20
3906123.589
 10
2722549.462
 20
3906031.979
 10
2722515.123
 20
3905951.82
 10
2722457.89
 20
3905877.387
 10
2722417.828
 20
3905865.935
 10
2722360.596
 20
3905900.289
 10
2722297.641
 20
3905940.369
 10
2722251.855
 20
3905940.369
 10
2722211.793
 20
3905991.9
 10
2722160.284
 20
3905980.448
 10
2722137.391
 20
3906031.979
 10
2722017.203
 20
3906049.156
 10
2721937.079
 20
3906072.059
 10
2721897.016
 20
3906072.059
 10
2721834.061
 20
3906049.156
 10
2721759.659
 20
3906066.333
 10
2721690.981
 20
3906140.766
 10
2721633.749
 20
3906243.828
 10
2721587.963
 20
3906301.084
 10
2721490.668
 20
3906341.164
 10
2721421.99
 20
3906312.536
 10
2721353.311
 20
3906261.005
 10
2721324.695
 20
3906192.297
 10
2721313.249
 20
3906140.766
 10
2721399.097
 20
3906123.589
 10
2721439.159
 20
3906094.961
 10
2721421.99
 20
3906014.802
 10
2721370.481
 20
3905940.369
 10
2721296.079
 20
3905802.953
 10
2721267.463
 20
3905739.971
 10
2721215.954
 20
3905688.44
 10
2721204.508
 20
3905648.361
 10
2721215.954
 20
3905579.653
 10
2721215.954
 20
3905505.22
 10
2721181.615
 20
3905488.043
 10
2721135.829
 20
3905499.494
 10
2721101.49
 20
3905556.751
 10
2721055.705
 20
3905493.769
 10
2721009.919
 20
3905436.512
 10
2720924.071
 20
3905327.725
 10
2720889.732
 20
3905276.194
 10
2720889.732
 20
3905196.035
 10
2720838.223
 20
3905155.955
 10
2720775.267
 20
3905155.955
 10
2720729.482
 20
3905087.248
 10
2720534.893
 20
3905001.363
 10
2720489.107
 20
3904961.284
 10
2720466.214
 20
3904909.753
 10
2720431.875
 20
3904858.222
 10
2720391.812
 20
3904858.222
 10
2720363.196
 20
3904869.673
 10
2720328.857
 20
3904881.125
 10
2720294.518
 20
3904858.222
 10
2720254.455
 20
3904852.496
 10
2720214.393
 20
3904858.222
 10
2720220.116
 20
3904915.478
 10
2720197.223
 20
3904938.381
 10
2720145.715
 20
3904978.461
 10
2720134.268
 20
3905064.345
 10
2720128.545
 20
3905184.584
 10
2720271.625
 20
3905367.804
 10
2720408.982
 20
3905591.105
 10
2720489.107
 20
3905705.617
 10
2720523.446
 20
3905797.228
 10
2720477.661
 20
3905934.643
 10
2720408.982
 20
3906094.961
 10
2720328.857
 20
3906186.572
 10
2720214.393
 20
3906243.828
 10
2720071.313
 20
3906272.456
 10
2719996.911
 20
3906306.81
 10
2719169.305
 20
3905849.879
 10
2718933.624
 20
3905840.524
 10
2718817.662
 20
3905968.137
 10
2718597.335
 20
3905968.137
 10
2718411.796
 20
3905863.726
 10
2718272.642
 20
3905689.71
 10
2718226.257
 20
3905620.103
 10
2718307.43
 20
3905399.682
 10
2718179.873
 20
3905364.879
 10
2717843.584
 20
3905364.879
 10
2717774.007
 20
3905573.699
 10
2717507.295
 20
3905538.895
 10
2717263.775
 20
3905411.283
 10
2717147.813
 20
3905214.064
 10
2716985.467
 20
3905028.446
 10
2716846.313
 20
3904842.829
 10
2716718.755
 20
3904680.413
 10
2716591.197
 20
3904599.205
 10
2716463.639
 20
3904680.413
 10
2716289.697
 20
3904773.222
 10
2716150.543
 20
3904726.818
 10
2716022.985
 20
3904587.604
 10
2716069.37
 20
3904459.992
 10
2716011.389
 20
3904343.981
 10
2715907.023
 20
3904285.975
 10
2715779.465
 20
3904181.565
 10
2715733.081
 20
3904065.554
 10
2715709.888
 20
3903926.341
 10
2715709.888
 20
3903833.532
 10
2715791.061
 20
3903717.521
 10
2715883.831
 20
3903613.111
 10
2715976.6
 20
3903566.706
 10
2715988.196
 20
3903508.701
 10
2715907.023
 20
3903415.892
 10
2715872.235
 20
3903323.083
 10
2715860.638
 20
3903195.471
 10
2715883.831
 20
3903125.864
 10
2715802.658
 20
3903044.656
 10
2715721.484
 20
3903009.853
 10
2715709.888
 20
3902893.842
 10
2715501.157
 20
3902905.443
 10
2715477.965
 20
3902905.443
 10
2715373.599
 20
3902940.246
 10
2715234.445
 20
3902893.842
 10
2715002.522
 20
3902847.438
 10
2714944.541
 20
3902847.438
 10
2715037.31
 20
3903021.454
 10
2715118.484
 20
3903299.881
 10
2715060.503
 20
3903497.1
 10
2714967.733
 20
3903531.903
 10
2714805.387
 20
3903462.296
 10
2714735.81
 20
3903462.296
 10
2714631.444
 20
3903392.69
 10
2714538.675
 20
3903195.471
 10
2714376.329
 20
3903067.859
 10
2714213.982
 20
3902940.246
 10
2714109.617
 20
3902870.64
 10
2714179.194
 20
3902777.831
 10
2714098.021
 20
3902696.623
 10
2713982.059
 20
3902627.016
 10
2713912.482
 20
3902638.618
 10
2713900.886
 20
3902743.028
 10
2713947.27
 20
3902824.235
 10
2713924.078
 20
3902905.443
 10
2713784.924
 20
3902882.241
 10
2713668.962
 20
3902835.836
 10
2713564.597
 20
3902754.629
 10
2713344.269
 20
3902812.634
 10
2713274.692
 20
3902870.64
 10
2713181.923
 20
3902870.64
 10
2713054.365
 20
3902859.039
 10
2712952.75
 20
3902790.323
 10
2712885.325
 20
3902688.48
 10
2712828.476
 20
3902622.349
 10
2712782.204
 20
3902581.348
 10
2712778.238
 20
3902532.411
 10
2712780.882
 20
3902491.409
 10
2712758.407
 20
3902439.827
 10
2712803.357
 20
3902450.408
 10
2712861.528
 20
3902435.859
 10
2712858.884
 20
3902376.341
 10
2712815.256
 20
3902312.855
 10
2712829.271
 20
3902254.008
 10
2712874.748
 20
3902207.045
 10
2712884.003
 20
3902129.01
 10
2712922.343
 20
3902088.009
 10
2712983.158
 20
3902050.975
 10
2713127.262
 20
3902072.137
 10
2713186.755
 20
3902027.168
 10
2713125.94
 20
3901999.393
 10
2713049.261
 20
3902013.942
 10
2712988.446
 20
3902007.328
 10
2712881.359
 20
3901935.907
 10
2712831.12
 20
3901984.844
 10
2712836.408
 20
3902052.298
 10
2712796.747
 20
3902110.493
 10
2712779.56
 20
3902162.076
 10
2712763.695
 20
3902234.82
 10
2712700.236
 20
3902245.401
 10
2712636.777
 20
3902294.338
 10
2712687.015
 20
3902349.888
 10
2712730.643
 20
3902384.277
 10
2712746.508
 20
3902438.504
 10
2712701.558
 20
3902491.409
 10
2712679.083
 20
3902459.666
 10
2712623.556
 20
3902421.31
 10
2712573.318
 20
3902406.761
 10
2712579.928
 20
3902455.698
 10
2712632.811
 20
3902512.571
 10
2712657.93
 20
3902566.799
 10
2712668.506
 20
3902630.285
 10
2712634.133
 20
3902706.997
 10
2712594.259
 20
3902813.704
 10
2712531.012
 20
3902857.117
 10
2712462.265
 20
3902920.603
 10
2712377.653
 20
3902968.218
 10
2712293.041
 20
3903036.994
 10
2712197.852
 20
3903095.19
 10
2712107.952
 20
3903100.481
 10
2712002.187
 20
3903058.156
 10
2711864.692
 20
3902999.961
 10
2711795.945
 20
3902989.38
 10
2711727.197
 20
3902973.508
 10
2711647.874
 20
3902941.765
 10
2711594.991
 20
3902883.57
 10
2711404.614
 20
3902751.307
 10
2711203.66
 20
3902682.531
 10
2711113.76
 20
3902693.112
 10
2711108.472
 20
3902751.307
 10
2711182.507
 20
3902851.827
 10
2711214.237
 20
3902936.475
 10
2711219.525
 20
3903058.156
 10
2711214.237
 20
3903116.352
 10
2711124.336
 20
3903137.514
 10
2711066.166
 20
3903132.224
 10
2711018.571
 20
3903158.676
 10
2711018.571
 20
3903243.324
 10
2710939.248
 20
3903243.324
 10
2710844.059
 20
3903179.838
 10
2710796.465
 20
3903100.481
 10
2710807.041
 20
3903036.994
 10
2710780.6
 20
3902999.961
 10
2710738.294
 20
3902994.67
 10
2710680.123
 20
3903031.704
 10
2710643.105
 20
3903036.994
 10
2710547.917
 20
3902978.799
 10
2710510.899
 20
3902947.056
 10
2710463.305
 20
3902915.313
 10
2710426.287
 20
3902920.603
 10
2710405.134
 20
3902962.927
 10
2710378.693
 20
3903058.156
 10
2710336.387
 20
3903137.514
 10
2710315.234
 20
3903190.419
 10
2710283.504
 20
3903211.581
 10
2710235.91
 20
3903206.291
 10
2710204.18
 20
3903095.19
 10
2710146.009
 20
3903031.704
 10
2710103.703
 20
3902989.38
 10
2710066.686
 20
3902941.765
 10
2710040.244
 20
3902878.279
 10
2709955.632
 20
3902835.955
 10
2709837.374
 20
3902820.32
 10
2709702.284
 20
3902734.058
 10
2709673.402
 20
3902787.369
 10
2709675.354
 20
3902841.245
 10
2709569.589
 20
3902915.312
 10
2709458.536
 20
3903031.703
 10
2709400.365
 20
3903137.513
 10
2709421.518
 20
3903248.614
 10
2709410.941
 20
3903343.843
 10
2709469.112
 20
3903417.91
 10
2709590.742
 20
3903518.43
 10
2709712.372
 20
3903682.435
 10
2709791.696
 20
3903761.793
 10
2709918.614
 20
3903761.793
 10
2709992.649
 20
3903777.665
 10
2710098.414
 20
3903835.86
 10
2710156.585
 20
3903894.056
 10
2710220.044
 20
3904132.129
 10
2710241.197
 20
3904237.939
 10
2710309.945
 20
3904290.844
 10
2710373.404
 20
3904349.039
 10
2710383.98
 20
3904428.397
 10
2710389.268
 20
3904465.43
 10
2710458.016
 20
3904518.336
 10
2710516.186
 20
3904571.241
 10
2710558.492
 20
3904793.442
 10
2710569.069
 20
3904962.738
 10
2710569.069
 20
3905089.71
 10
2710569.069
 20
3905174.358
 10
2710495.033
 20
3905280.169
 10
2710479.169
 20
3905327.783
 10
2710479.169
 20
3905391.269
 10
2710410.421
 20
3905401.85
 10
2710394.557
 20
3905454.755
 10
2710389.268
 20
3905629.342
 10
2710389.268
 20
3905761.605
 10
2710346.962
 20
3905925.61
 10
2710272.927
 20
3906195.961
 10
2710267.639
 20
3906476.358
 10
2710357.539
 20
3906719.721
 10
2710447.439
 20
3906963.084
 10
2710357.539
 20
3907217.028
 10
2710124.856
 20
3907375.744
 10
2709918.614
 20
3907322.839
 10
2709765.255
 20
3907423.358
 10
2709643.625
 20
3907582.073
 10
2709590.742
 20
3907687.884
 10
2709537.86
 20
3907719.627
 10
2709537.86
 20
3907661.431
 10
2709479.689
 20
3907687.884
 10
2709336.906
 20
3907888.923
 10
2709315.753
 20
3908005.314
 10
2709315.753
 20
3908126.996
 10
2709294.6
 20
3908179.901
 10
2709294.6
 20
3908232.806
 10
2709373.924
 20
3908354.487
 10
2709416.23
 20
3908449.717
 10
2709432.095
 20
3908539.655
 10
2709432.095
 20
3908555.527
 10
2709373.924
 20
3908592.56
 10
2709310.465
 20
3908624.303
 10
2709268.159
 20
3908671.918
 10
2709209.988
 20
3908830.633
 10
2709151.817
 20
3908962.896
 10
2709104.223
 20
3909142.773
 10
2709039.875
 20
3909445.287
 10
2709030.187
 20
3909592.467
 10
2709024.899
 20
3909714.149
 10
2708829.233
 20
3909777.635
 10
2708559.532
 20
3909793.506
 10
2708432.614
 20
3909793.506
 10
2708342.714
 20
3909740.601
 10
2708242.237
 20
3909777.635
 10
2708173.49
 20
3909756.473
 10
2708062.436
 20
3909640.082
 10
2707972.536
 20
3909534.272
 10
2707924.942
 20
3909486.657
 10
2707882.636
 20
3909497.238
 10
2707835.041
 20
3909539.562
 10
2707787.447
 20
3909550.143
 10
2707750.429
 20
3909571.305
 10
2707734.565
 20
3909634.791
 10
2707708.123
 20
3909687.696
 10
2707708.123
 20
3909724.73
 10
2707702.835
 20
3909761.763
 10
2707649.953
 20
3909788.216
 10
2707628.8
 20
3909825.249
 10
2707623.511
 20
3909888.735
 10
2707591.782
 20
3909952.222
 10
2707560.052
 20
3909989.255
 10
2707538.899
 20
3910015.708
 10
2707565.341
 20
3910079.194
 10
2707560.052
 20
3910190.294
 10
2707459.575
 20
3910343.719
 10
2707385.54
 20
3910423.077
 10
2707279.775
 20
3910470.691
 10
2707195.163
 20
3910465.401
 10
2707147.568
 20
3910438.948
 10
2707115.839
 20
3910375.462
 10
2707062.956
 20
3910296.105
 10
2707015.362
 20
3910259.071
 10
2706925.462
 20
3910195.585
 10
2706862.003
 20
3910132.099
 10
2706830.273
 20
3910068.613
 10
2706798.544
 20
3910036.87
 10
2706745.661
 20
3910031.579
 10
2706703.355
 20
3910042.16
 10
2706645.184
 20
3910105.646
 10
2706602.878
 20
3910153.261
 10
2706528.843
 20
3910190.294
 10
2706375.483
 20
3910211.456
 10
2706290.871
 20
3910158.551
 10
2706211.547
 20
3910089.775
 10
2706153.377
 20
3910015.708
 10
2706100.494
 20
3909925.769
 10
2706068.765
 20
3909867.573
 10
2706063.476
 20
3909819.959
 10
2706000.017
 20
3909767.054
 10
2705936.558
 20
3909719.439
 10
2705888.964
 20
3909703.568
 10
2705814.928
 20
3909698.277
 10
2705709.163
 20
3909587.177
 10
2705603.398
 20
3909470.785
 10
2705498.464
 20
3909390.646
 10
2705522.05
 20
3909334.816
 10
2705476.48
 20
3909280.328
 10
2705476.48
 20
3909185.099
 10
2705471.192
 20
3909153.356
 10
2705402.444
 20
3909137.484
 10
2705354.85
 20
3909116.322
 10
2705307.256
 20
3909116.322
 10
2705264.95
 20
3909116.322
 10
2705243.797
 20
3909121.613
 10
2705233.22
 20
3909153.356
 10
2705180.338
 20
3909111.032
 10
2705180.338
 20
3909084.579
 10
2705143.32
 20
3909068.707
 10
2705111.59
 20
3909052.836
 10
2705106.302
 20
3909005.221
 10
2705085.149
 20
3908952.316
 10
2705063.996
 20
3908952.316
 10
2705053.419
 20
3908989.35
 10
2705069.284
 20
3909031.674
 10
2705074.572
 20
3909058.126
 10
2705053.419
 20
3909084.579
 10
2705090.437
 20
3909121.613
 10
2705116.879
 20
3909158.646
 10
2705106.302
 20
3909211.551
 10
2705085.149
 20
3909232.713
 10
2705048.131
 20
3909222.132
 10
2705026.978
 20
3909222.132
 10
2705021.69
 20
3909253.875
 10
2705000.537
 20
3909216.842
 10
2704979.384
 20
3909216.842
 10
2704974.096
 20
3909232.713
 10
2704942.366
 20
3909238.004
 10
2704915.925
 20
3909216.842
 10
2704905.348
 20
3909232.713
 10
2704894.772
 20
3909211.551
 10
2704894.772
 20
3909174.518
 10
2704841.889
 20
3909158.646
 10
2704826.025
 20
3909216.842
 10
2704831.313
 20
3909248.585
 10
2704847.178
 20
3909296.199
 10
2704863.042
 20
3909375.557
 10
2704751.989
 20
3909460.205
 10
2704709.683
 20
3909486.658
 10
2704656.8
 20
3909428.462
 10
2704625.071
 20
3909380.847
 10
2704593.341
 20
3909386.138
 10
2704582.765
 20
3909417.881
 10
2704524.594
 20
3909412.59
 10
2704413.541
 20
3909391.428
 10
2704276.046
 20
3909349.104
 10
2704239.028
 20
3909301.49
 10
2704207.299
 20
3909216.842
 10
2704207.299
 20
3909153.356
 10
2704170.281
 20
3909068.707
 10
2704059.228
 20
3909031.674
 10
2703979.904
 20
3909031.674
 10
2703969.327
 20
3909068.707
 10
2703995.769
 20
3909121.613
 10
2704022.21
 20
3909163.937
 10
2704022.21
 20
3909211.551
 10
2703995.769
 20
3909248.585
 10
2703958.751
 20
3909290.909
 10
2703974.616
 20
3909312.071
 10
2703995.769
 20
3909317.361
 10
2703995.769
 20
3909359.685
 10
2703979.904
 20
3909412.59
 10
2703927.021
 20
3909454.914
 10
2703884.715
 20
3909454.914
 10
2703874.139
 20
3909407.3
 10
2703874.139
 20
3909370.266
 10
2703858.274
 20
3909333.233
 10
2703815.968
 20
3909306.78
 10
2703789.527
 20
3909280.328
 10
2703784.238
 20
3909216.842
 10
2703747.221
 20
3909174.518
 10
2703683.762
 20
3909179.808
 10
2703683.762
 20
3909232.713
 10
2703715.491
 20
3909243.294
 10
2703715.491
 20
3909264.456
 10
2703699.626
 20
3909312.071
 10
2703662.609
 20
3909275.037
 10
2703636.167
 20
3909259.166
 10
2703588.573
 20
3909275.037
 10
2703567.42
 20
3909322.652
 10
2703567.42
 20
3909354.395
 10
2703572.708
 20
3909375.557
 10
2703546.267
 20
3909423.171
 10
2703519.826
 20
3909497.239
 10
2703503.961
 20
3909544.853
 10
2703456.367
 20
3909592.468
 10
2703387.619
 20
3909618.92
 10
2703297.719
 20
3909587.177
 10
2703303.007
 20
3909539.563
 10
2703303.007
 20
3909486.658
 10
2703260.701
 20
3909444.333
 10
2703234.26
 20
3909454.914
 10
2703218.395
 20
3909476.077
 10
2703250.125
 20
3909523.691
 10
2703239.548
 20
3909550.144
 10
2703218.395
 20
3909560.725
 10
2703181.377
 20
3909581.887
 10
2703202.53
 20
3909613.63
 10
2703202.53
 20
3909650.663
 10
2703160.224
 20
3909677.116
 10
2703133.783
 20
3909645.373
 10
2703117.918
 20
3909640.082
 10
2703102.054
 20
3909650.663
 10
2703117.918
 20
3909692.987
 10
2703133.783
 20
3909703.568
 10
2703133.783
 20
3909756.473
 10
2703128.495
 20
3909819.959
 10
2703128.495
 20
3909862.284
 10
2703173.527
 20
3909962.665
 10
2703154.936
 20
3910031.58
 10
2703112.63
 20
3910058.032
 10
2703059.748
 20
3910105.647
 10
2703065.036
 20
3910190.295
 10
2703049.171
 20
3910306.686
 10
2702985.712
 20
3910370.172
 10
2702901.1
 20
3910454.82
 10
2702842.929
 20
3910491.854
 10
2702811.2
 20
3910539.468
 10
2702774.182
 20
3910587.083
 10
2702731.876
 20
3910602.954
 10
2702663.129
 20
3910618.826
 10
2702610.246
 20
3910618.826
 10
2702520.346
 20
3910587.083
 10
2702525.634
 20
3910491.854
 10
2702509.769
 20
3910433.658
 10
2702478.04
 20
3910401.915
 10
2702441.022
 20
3910433.658
 10
2702404.004
 20
3910454.82
 10
2702366.986
 20
3910444.239
 10
2702356.41
 20
3910481.273
 10
2702298.239
 20
3910513.016
 10
2702255.933
 20
3910507.725
 10
2702181.897
 20
3910486.563
 10
2702118.438
 20
3910491.854
 10
2702091.997
 20
3910518.306
 10
2702049.691
 20
3910534.178
 10
2702007.385
 20
3910518.306
 10
2701970.367
 20
3910513.016
 10
2701922.773
 20
3910528.887
 10
2701880.467
 20
3910565.921
 10
2701790.567
 20
3910581.792
 10
2701774.702
 20
3910592.373
 10
2701721.819
 20
3910666.441
 10
2701594.901
 20
3910714.055
 10
2701547.307
 20
3910803.994
 10
2701404.524
 20
3910782.832
 10
2701359.823
 20
3910842.527
 10
2701251.165
 20
3910856.899
 10
2701187.706
 20
3910893.932
 10
2701166.553
 20
3910904.513
 10
2701113.67
 20
3910867.48
 10
2701055.499
 20
3910846.318
 10
2700986.752
 20
3910841.027
 10
2700918.005
 20
3910851.608
 10
2700838.681
 20
3910835.737
 10
2700775.222
 20
3910830.446
 10
2700701.186
 20
3910862.189
 10
2700627.151
 20
3910867.48
 10
2700563.692
 20
3910867.48
 10
2700309.855
 20
3910999.742
 10
2700278.126
 20
3911042.066
 10
2700241.108
 20
3910999.742
 10
2700135.343
 20
3911020.904
 10
2700024.29
 20
3911005.033
 10
2699907.948
 20
3910989.161
 10
2699733.436
 20
3910952.128
 10
2699669.977
 20
3910899.223
 10
2699569.5
 20
3910819.865
 10
2699521.906
 20
3910772.251
 10
2699495.464
 20
3910719.346
 10
2699426.717
 20
3910671.731
 10
2699368.546
 20
3910703.474
 10
2699289.222
 20
3910655.859
 10
2699215.187
 20
3910639.988
 10
2699119.998
 20
3910534.178
 10
2699045.963
 20
3910518.306
 10
2699035.386
 20
3910449.53
 10
2699024.81
 20
3910396.625
 10
2699019.521
 20
3910343.72
 10
2699008.945
 20
3910290.815
 10
2699003.657
 20
3910227.328
 10
2699040.674
 20
3910147.971
 10
2699072.404
 20
3910089.775
 10
2699072.404
 20
3910010.418
 10
2699035.386
 20
3909957.513
 10
2698998.368
 20
3909909.898
 10
2698956.062
 20
3909878.155
 10
2698908.468
 20
3909835.831
 10
2698871.45
 20
3909830.54
 10
2698797.415
 20
3909825.25
 10
2698744.532
 20
3909809.378
 10
2698665.208
 20
3909767.054
 10
2698612.326
 20
3909719.44
 10
2698570.02
 20
3909698.278
 10
2698511.849
 20
3909719.44
 10
2698443.102
 20
3909708.859
 10
2698363.778
 20
3909708.859
 10
2698263.301
 20
3909719.44
 10
2698178.689
 20
3909756.473
 10
2698120.518
 20
3909809.378
 10
2698046.483
 20
3909894.027
 10
2697998.888
 20
3909989.256
 10
2697935.429
 20
3910020.999
 10
2697866.682
 20
3910052.742
 10
2697787.358
 20
3910095.066
 10
2697713.323
 20
3910095.066
 10
2697649.864
 20
3910047.451
 10
2697602.269
 20
3910026.289
 10
2697549.387
 20
3910031.58
 10
2697501.792
 20
3910089.775
 10
2697422.469
 20
3910137.39
 10
2697396.027
 20
3910190.295
 10
2697359.01
 20
3910237.909
 10
2697353.721
 20
3910311.977
 10
2697316.704
 20
3910386.044
 10
2697284.974
 20
3910438.949
 10
2697210.939
 20
3910507.725
 10
2697142.192
 20
3910507.725
 10
2697105.174
 20
3910491.853
 10
2697099.886
 20
3910465.401
 10
2697084.021
 20
3910460.11
 10
2697068.156
 20
3910465.401
 10
2697068.156
 20
3910502.434
 10
2697068.156
 20
3910534.177
 10
2697025.85
 20
3910544.758
 10
2696988.832
 20
3910534.177
 10
2696967.679
 20
3910523.596
 10
2696925.373
 20
3910565.92
 10
2696888.355
 20
3910602.954
 10
2696877.779
 20
3910629.407
 10
2696840.761
 20
3910645.278
 10
2696777.302
 20
3910624.116
 10
2696713.843
 20
3910624.116
 10
2696655.672
 20
3910634.697
 10
2696592.213
 20
3910639.988
 10
2696592.213
 20
3910671.731
 10
2696518.178
 20
3910698.183
 10
2696433.566
 20
3910698.183
 10
2696364.818
 20
3910666.44
 10
2696322.512
 20
3910629.407
 10
2696259.053
 20
3910613.535
 10
2696195.594
 20
3910629.407
 10
2696137.423
 20
3910692.893
 10
2696058.1
 20
3910687.602
 10
2696021.082
 20
3910666.44
 10
2695984.064
 20
3910645.278
 10
2695952.334
 20
3910666.44
 10
2695862.434
 20
3910634.697
 10
2695830.705
 20
3910634.697
 10
2695783.11
 20
3910639.988
 10
2695730.228
 20
3910666.44
 10
2695661.481
 20
3910661.15
 10
2695650.904
 20
3910629.407
 10
2695666.769
 20
3910581.792
 10
2695661.481
 20
3910560.63
 10
2695592.733
 20
3910539.468
 10
2695576.868
 20
3910518.306
 10
2695555.715
 20
3910475.982
 10
2695592.733
 20
3910423.077
 10
2695576.868
 20
3910401.915
 10
2695523.986
 20
3910401.915
 10
2695513.409
 20
3910433.658
 10
2695502.833
 20
3910444.239
 10
2695492.256
 20
3910444.239
 10
2695471.103
 20
3910417.786
 10
2695449.95
 20
3910407.205
 10
2695434.086
 20
3910412.496
 10
2695449.95
 20
3910449.529
 10
2695465.815
 20
3910454.82
 10
2695444.662
 20
3910475.982
 10
2695428.797
 20
3910486.563
 10
2695412.933
 20
3910470.691
 10
2695391.78
 20
3910449.529
 10
2695375.915
 20
3910465.401
 10
2695360.05
 20
3910539.468
 10
2695317.744
 20
3910534.177
 10
2695275.438
 20
3910634.697
 10
2695185.538
 20
3910698.183
 10
2695074.484
 20
3910714.055
 10
2695048.043
 20
3910777.541
 10
2694958.143
 20
3910830.446
 10
2694942.278
 20
3910899.222
 10
2694884.107
 20
3910967.999
 10
2694825.936
 20
3911036.776
 10
2694815.36
 20
3911079.1
 10
2694672.577
 20
3911079.1
 10
2694598.541
 20
3911052.647
 10
2694556.235
 20
3911020.904
 10
2694503.353
 20
3910999.742
 10
2694450.47
 20
3910983.87
 10
2694387.011
 20
3910936.256
 10
2694339.417
 20
3910920.384
 10
2694297.111
 20
3910909.803
 10
2694254.805
 20
3910936.256
 10
2694228.364
 20
3910888.641
 10
2694207.211
 20
3910878.06
 10
2694170.193
 20
3910893.932
 10
2694117.31
 20
3910936.256
 10
2694112.022
 20
3910967.999
 10
2694085.581
 20
3911005.033
 10
2694006.257
 20
3911057.938
 10
2693937.51
 20
3911057.938
 10
2693852.898
 20
3911057.938
 10
2693800.015
 20
3911036.776
 10
2693794.727
 20
3910989.161
 10
2693784.15
 20
3910983.87
 10
2693768.285
 20
3910983.87
 10
2693710.115
 20
3910978.58
 10
2693554.381
 20
3910846.299
 10
2693408.684
 20
3910698.183
 10
2693244.748
 20
3910481.272
 10
2693112.542
 20
3910264.362
 10
2693006.777
 20
3910026.289
 10
2692969.759
 20
3909740.601
 10
2693012.065
 20
3909507.819
 10
2693075.524
 20
3909380.847
 10
2693154.848
 20
3909238.003
 10
2693186.578
 20
3909232.713
 10
2693197.154
 20
3909243.294
 10
2693197.154
 20
3909275.037
 10
2693197.154
 20
3909312.07
 10
2693202.442
 20
3909317.361
 10
2693234.172
 20
3909317.361
 10
2693276.478
 20
3909269.746
 10
2693297.631
 20
3909222.132
 10
2693334.649
 20
3909190.389
 10
2693345.225
 20
3909148.065
 10
2693361.09
 20
3909105.741
 10
2693419.261
 20
3909063.417
 10
2693478.314
 20
3908931.132
 10
2693556.756
 20
3908894.12
 10
2693625.503
 20
3908851.796
 10
2693673.097
 20
3908851.796
 10
2693710.115
 20
3908841.215
 10
2693784.151
 20
3908751.276
 10
2693895.204
 20
3908671.919
 10
2693969.24
 20
3908645.466
 10
2694032.699
 20
3908619.014
 10
2694117.311
 20
3908518.494
 10
2694180.77
 20
3908465.589
 10
2694196.635
 20
3908455.008
 10
2694196.635
 20
3908428.556
 10
2694170.193
 20
3908423.265
 10
2694149.04
 20
3908423.265
 10
2694127.887
 20
3908396.813
 10
2694112.023
 20
3908380.941
 10
2694143.752
 20
3908359.779
 10
2694154.329
 20
3908359.779
 10
2694154.329
 20
3908317.455
 10
2694154.329
 20
3908238.097
 10
2694175.482
 20
3908137.578
 10
2694217.788
 20
3908079.382
 10
2694270.67
 20
3908079.382
 10
2694275.958
 20
3908042.349
 10
2694355.282
 20
3907989.444
 10
2694402.877
 20
3907994.734
 10
2694450.471
 20
3908010.606
 10
2694471.624
 20
3908037.058
 10
2694513.93
 20
3908047.639
 10
2694540.371
 20
3908021.187
 10
2694582.677
 20
3907984.153
 10
2694619.695
 20
3907941.829
 10
2694651.425
 20
3907910.086
 10
2694683.154
 20
3907873.052
 10
2694709.595
 20
3907873.052
 10
2694736.037
 20
3907878.343
 10
2694767.766
 20
3907878.343
 10
2694820.649
 20
3907862.471
 10
2694862.955
 20
3907841.309
 10
2694884.108
 20
3907830.728
 10
2694878.819
 20
3907809.566
 10
2694873.531
 20
3907788.404
 10
2694926.414
 20
3907783.114
 10
2694984.585
 20
3907772.533
 10
2695000.449
 20
3907730.209
 10
2695016.314
 20
3907661.432
 10
2695011.026
 20
3907613.818
 10
2694974.008
 20
3907582.075
 10
2694915.837
 20
3907582.075
 10
2694820.649
 20
3907576.784
 10
2694757.19
 20
3907560.912
 10
2694693.731
 20
3907560.912
 10
2694667.289
 20
3907481.555
 10
2694688.442
 20
3907423.359
 10
2694693.731
 20
3907349.292
 10
2694751.901
 20
3907243.482
 10
2694841.802
 20
3907153.543
 10
2694915.837
 20
3907095.348
 10
2694974.008
 20
3907037.152
 10
2695005.738
 20
3907015.99
 10
2695053.332
 20
3907010.7
 10
2695090.35
 20
3907000.119
 10
2695132.656
 20
3906941.924
 10
2695127.368
 20
3906910.181
 10
2695153.809
 20
3906894.309
 10
2695169.674
 20
3906878.438
 10
2695169.674
 20
3906857.276
 10
2695196.115
 20
3906862.566
 10
2695201.403
 20
3906814.951
 10
2695174.962
 20
3906788.499
 10
2695180.25
 20
3906751.465
 10
2695201.403
 20
3906751.465
 10
2695222.556
 20
3906735.594
 10
2695259.574
 20
3906687.979
 10
2695275.439
 20
3906650.946
 10
2695238.421
 20
3906635.074
 10
2695254.286
 20
3906576.879
 10
2695259.574
 20
3906518.683
 10
2695227.845
 20
3906476.359
 10
2695201.403
 20
3906476.359
 10
2695196.115
 20
3906428.744
 10
2695206.692
 20
3906412.873
 10
2695180.25
 20
3906402.292
 10
2695153.809
 20
3906386.42
 10
2695116.791
 20
3906338.806
 10
2695058.62
 20
3906291.191
 10
2695026.891
 20
3906264.739
 10
2695037.467
 20
3906217.124
 10
2695042.756
 20
3906195.962
 10
2695074.485
 20
3906185.381
 10
2695042.756
 20
3906148.348
 10
2695053.332
 20
3906100.733
 10
2695032.179
 20
3906095.443
 10
2695000.45
 20
3906127.186
 10
2694974.008
 20
3906106.024
 10
2694884.108
 20
3906016.085
 10
2694831.226
 20
3905952.599
 10
2694788.919
 20
3905889.113
 10
2694757.19
 20
3905820.336
 10
2694714.884
 20
3905778.012
 10
2694672.578
 20
3905735.688
 10
2694635.56
 20
3905693.364
 10
2694614.407
 20
3905614.006
 10
2694577.389
 20
3905582.263
 10
2694519.219
 20
3905529.358
 10
2694487.489
 20
3905481.744
 10
2694439.895
 20
3905428.839
 10
2694418.742
 20
3905323.029
 10
2694397.589
 20
3905201.347
 10
2694402.877
 20
3905153.732
 10
2694418.742
 20
3905111.408
 10
2694466.336
 20
3905058.503
 10
2694482.201
 20
3905021.47
 10
2694455.759
 20
3905010.889
 10
2694424.03
 20
3905032.051
 10
2694408.165
 20
3905016.179
 10
2694392.3
 20
3904989.727
 10
2694371.147
 20
3904989.727
 10
2694365.859
 20
3905016.179
 10
2694328.841
 20
3905010.889
 10
2694328.841
 20
3904984.436
 10
2694344.706
 20
3904910.369
 10
2694334.13
 20
3904846.883
 10
2694302.4
 20
3904820.43
 10
2694270.671
 20
3904820.43
 10
2694233.653
 20
3904788.687
 10
2694249.518
 20
3904730.492
 10
2694265.382
 20
3904645.844
 10
2694260.094
 20
3904571.777
 10
2694254.806
 20
3904529.453
 10
2694302.4
 20
3904503.0
 10
2694318.265
 20
3904471.257
 10
2694291.824
 20
3904423.642
 10
2694302.4
 20
3904354.866
 10
2694376.436
 20
3904317.832
 10
2694445.183
 20
3904338.994
 10
2694476.912
 20
3904338.994
 10
2694513.93
 20
3904301.961
 10
2694513.93
 20
3904264.927
 10
2694535.083
 20
3904222.603
 10
2694603.831
 20
3904132.665
 10
2694609.119
 20
3904069.179
 10
2694651.425
 20
3904053.307
 10
2694624.984
 20
3904021.564
 10
2694593.254
 20
3903995.111
 10
2694598.542
 20
3903942.206
 10
2694577.389
 20
3903947.497
 10
2694566.813
 20
3904000.402
 10
2694529.795
 20
3903995.111
 10
2694513.93
 20
3903968.659
 10
2694471.624
 20
3903958.078
 10
2694408.165
 20
3903915.754
 10
2694397.589
 20
3903857.558
 10
2694365.859
 20
3903820.525
 10
2694328.841
 20
3903862.849
 10
2694291.824
 20
3903926.335
 10
2694238.941
 20
3903926.335
 10
2694249.518
 20
3903873.43
 10
2694244.229
 20
3903820.525
 10
2694223.076
 20
3903762.329
 10
2694238.941
 20
3903725.296
 10
2694233.653
 20
3903624.776
 10
2694180.77
 20
3903624.776
 10
2694196.635
 20
3903577.162
 10
2694154.329
 20
3903550.709
 10
2694143.752
 20
3903630.067
 10
2694122.599
 20
3903656.519
 10
2694069.717
 20
3903709.424
 10
2694085.582
 20
3903778.201
 10
2694064.429
 20
3903778.201
 10
2694048.564
 20
3903884.011
 10
2694064.429
 20
3903926.335
 10
2694032.699
 20
3903910.464
 10
2693995.681
 20
3903873.43
 10
2693953.375
 20
3903841.687
 10
2693979.816
 20
3903894.592
 10
2693979.816
 20
3903958.078
 10
2693963.952
 20
3904032.145
 10
2693905.781
 20
3904069.179
 10
2693858.187
 20
3904069.179
 10
2693837.034
 20
3904032.145
 10
2693815.881
 20
3903989.821
 10
2693773.575
 20
3903958.078
 10
2693773.575
 20
3903915.754
 10
2693715.404
 20
3903878.721
 10
2693662.521
 20
3903841.687
 10
2693641.368
 20
3903868.14
 10
2693614.927
 20
3903884.011
 10
2693630.792
 20
3903831.106
 10
2693599.062
 20
3903767.62
 10
2693551.468
 20
3903735.877
 10
2693525.027
 20
3903735.877
 10
2693503.874
 20
3903767.62
 10
2693503.874
 20
3903825.816
 10
2693440.415
 20
3903757.039
 10
2693440.415
 20
3903794.072
 10
2693482.721
 20
3903841.687
 10
2693461.568
 20
3903868.14
 10
2693435.126
 20
3903831.106
 10
2693382.244
 20
3903804.654
 10
2693371.667
 20
3903836.397
 10
2693424.55
 20
3903873.43
 10
2693403.397
 20
3903910.464
 10
2693339.938
 20
3903926.335
 10
2693271.19
 20
3903952.788
 10
2693260.614
 20
3903995.112
 10
2693250.037
 20
3904016.274
 10
2693228.884
 20
3903973.95
 10
2693207.731
 20
3903958.078
 10
2693186.578
 20
3903989.821
 10
2693154.849
 20
3904048.017
 10
2693144.272
 20
3903989.821
 10
2693128.408
 20
3903958.078
 10
2693101.966
 20
3903958.078
 10
2693043.795
 20
3903926.335
 10
2692980.336
 20
3903905.173
 10
2692953.895
 20
3903921.045
 10
2692922.166
 20
3903910.464
 10
2692911.589
 20
3903884.011
 10
2692879.86
 20
3903873.43
 10
2692853.418
 20
3903958.078
 10
2692811.112
 20
3903926.335
 10
2692774.095
 20
3903873.43
 10
2692705.347
 20
3903804.654
 10
2692673.618
 20
3903772.91
 10
2692631.312
 20
3903746.458
 10
2692610.159
 20
3903735.877
 10
2692604.87
 20
3903688.262
 10
2692599.582
 20
3903651.229
 10
2692573.141
 20
3903635.357
 10
2692541.411
 20
3903651.229
 10
2692546.7
 20
3903608.905
 10
2692557.276
 20
3903571.871
 10
2692573.141
 20
3903545.419
 10
2692589.006
 20
3903534.838
 10
2692567.853
 20
3903503.095
 10
2692530.835
 20
3903497.804
 10
2692504.394
 20
3903450.19
 10
2692472.664
 20
3903450.19
 10
2692477.952
 20
3903481.933
 10
2692488.529
 20
3903503.095
 10
2692440.934
 20
3903481.933
 10
2692382.764
 20
3903423.737
 10
2692308.728
 20
3903413.156
 10
2692303.44
 20
3903370.832
 10
2692282.287
 20
3903376.122
 10
2692255.846
 20
3903413.156
 10
2692250.557
 20
3903455.48
 10
2692213.54
 20
3903444.899
 10
2692197.675
 20
3903471.352
 10
2692150.081
 20
3903444.899
 10
2692128.927
 20
3903423.737
 10
2692160.657
 20
3903413.156
 10
2692128.927
 20
3903397.284
 10
2692097.198
 20
3903397.284
 10
2692123.639
 20
3903434.318
 10
2692128.927
 20
3903471.352
 10
2692049.604
 20
3903471.352
 10
2692012.586
 20
3903407.865
 10
2692023.162
 20
3903344.379
 10
2691996.721
 20
3903333.798
 10
2691811.632
 20
3903249.15
 10
2691684.714
 20
3903222.698
 10
2691658.273
 20
3903243.86
 10
2691626.543
 20
3903196.245
 10
2691568.373
 20
3903190.955
 10
2691467.896
 20
3903111.597
 10
2691362.131
 20
3903053.402
 10
2691272.23
 20
3903005.787
 10
2691198.195
 20
3902947.591
 10
2691113.583
 20
3902910.558
 10
2691055.412
 20
3902905.267
 10
2691018.394
 20
3902921.139
 10
2690944.359
 20
3902884.105
 10
2690912.629
 20
3902852.362
 10
2690843.882
 20
3902831.2
 10
2690790.999
 20
3902815.329
 10
2690769.846
 20
3902773.005
 10
2690785.711
 20
3902741.262
 10
2690806.864
 20
3902704.228
 10
2690785.711
 20
3902677.776
 10
2690753.981
 20
3902672.485
 10
2690743.405
 20
3902635.452
 10
2690716.964
 20
3902651.323
 10
2690738.117
 20
3902704.228
 10
2690738.117
 20
3902725.39
 10
2690674.658
 20
3902730.681
 10
2690653.505
 20
3902730.681
 10
2690521.298
 20
3902773.005
 10
2690457.839
 20
3902778.296
 10
2690426.109
 20
3902804.748
 10
2690404.956
 20
3902831.201
 10
2690352.074
 20
3902836.491
 10
2690346.785
 20
3902815.329
 10
2690320.344
 20
3902810.039
 10
2690262.173
 20
3902841.782
 10
2690193.426
 20
3902804.748
 10
2690198.714
 20
3902751.843
 10
2690166.985
 20
3902698.938
 10
2690129.967
 20
3902651.324
 10
2690077.084
 20
3902556.095
 10
2690029.49
 20
3902497.899
 10
2689939.59
 20
3902471.446
 10
2689849.69
 20
3902423.832
 10
2689817.96
 20
3902360.346
 10
2689807.384
 20
3902291.569
 10
2689796.807
 20
3902265.117
 10
2689765.077
 20
3902280.988
 10
2689765.077
 20
3902302.15
 10
2689701.618
 20
3902318.022
 10
2689680.465
 20
3902302.15
 10
2689632.871
 20
3902302.15
 10
2689590.565
 20
3902318.022
 10
2689590.565
 20
3902360.346
 10
2689542.971
 20
3902392.089
 10
2689542.971
 20
3902429.122
 10
2689527.106
 20
3902460.865
 10
2689490.088
 20
3902455.575
 10
2689474.223
 20
3902466.156
 10
2689479.512
 20
3902524.352
 10
2689447.782
 20
3902519.061
 10
2689426.629
 20
3902466.156
 10
2689410.764
 20
3902418.541
 10
2689368.458
 20
3902386.798
 10
2689368.458
 20
3902365.636
 10
2689368.458
 20
3902344.474
 10
2689320.864
 20
3902344.474
 10
2689294.423
 20
3902349.765
 10
2689230.964
 20
3902333.893
 10
2689209.811
 20
3902323.312
 10
2689220.387
 20
3902370.927
 10
2689230.964
 20
3902444.994
 10
2689236.252
 20
3902466.156
 10
2689199.234
 20
3902503.19
 10
2689162.216
 20
3902524.352
 10
2689109.334
 20
3902540.223
 10
2689093.469
 20
3902582.547
 10
2689045.875
 20
3902587.838
 10
2688998.281
 20
3902529.642
 10
2689003.569
 20
3902439.703
 10
2689003.569
 20
3902392.089
 10
2689019.434
 20
3902349.765
 10
2689045.875
 20
3902328.603
 10
2689045.875
 20
3902280.988
 10
2689014.145
 20
3902265.117
 10
2689003.569
 20
3902233.374
 10
2688982.416
 20
3902201.631
 10
2688934.822
 20
3902238.664
 10
2688897.804
 20
3902185.759
 10
2688881.939
 20
3902127.564
 10
2688892.516
 20
3902090.53
 10
2688903.092
 20
3902058.787
 10
2688876.651
 20
3902042.915
 10
2688844.921
 20
3901990.01
 10
2688839.633
 20
3901968.848
 10
2688802.615
 20
3901984.72
 10
2688807.903
 20
3902027.044
 10
2688802.615
 20
3902079.949
 10
2688802.615
 20
3902111.692
 10
2688723.291
 20
3902085.239
 10
2688718.003
 20
3902048.206
 10
2688680.985
 20
3902021.753
 10
2688654.544
 20
3902021.753
 10
2688638.679
 20
3902037.625
 10
2688585.797
 20
3902027.044
 10
2688538.202
 20
3902005.882
 10
2688511.761
 20
3902005.882
 10
2688538.202
 20
3902032.334
 10
2688564.644
 20
3902064.077
 10
2688522.338
 20
3902048.206
 10
2688464.167
 20
3902011.172
 10
2688432.437
 20
3902037.625
 10
2688368.978
 20
3901974.139
 10
2688321.384
 20
3901926.524
 10
2688305.519
 20
3901873.619
 10
2688279.078
 20
3901804.843
 10
2688252.637
 20
3901778.39
 10
2688231.484
 20
3901773.1
 10
2688252.637
 20
3901815.424
 10
2688252.637
 20
3901836.586
 10
2688183.889
 20
3901831.295
 10
2688178.601
 20
3901831.295
 10
2688194.466
 20
3901894.781
 10
2688078.124
 20
3901884.2
 10
2688035.818
 20
3901847.167
 10
2688014.665
 20
3901884.2
 10
2688041.107
 20
3901968.848
 10
2688009.377
 20
3901968.848
 10
2687945.918
 20
3902000.591
 10
2687924.765
 20
3902037.625
 10
2687930.053
 20
3902101.111
 10
2687861.306
 20
3902111.692
 10
2687834.865
 20
3902122.273
 10
2687771.406
 20
3902122.273
 10
2687744.964
 20
3902196.34
 10
2687718.523
 20
3902154.016
 10
2687723.811
 20
3902111.692
 10
2687702.658
 20
3902111.692
 10
2687676.217
 20
3902132.854
 10
2687665.641
 20
3902164.597
 10
2687612.758
 20
3902111.692
 10
2687596.893
 20
3902090.53
 10
2687501.705
 20
3902048.206
 10
2687401.228
 20
3902011.172
 10
2687269.021
 20
3901990.01
 10
2687237.292
 20
3902005.882
 10
2687226.715
 20
3901942.396
 10
2687147.392
 20
3901889.491
 10
2687131.527
 20
3901847.167
 10
2687099.797
 20
3901810.134
 10
2687078.644
 20
3901804.844
 10
2687073.356
 20
3901826.006
 10
2687025.761
 20
3901826.006
 10
2687025.761
 20
3901863.039
 10
2686978.167
 20
3901836.587
 10
2686957.014
 20
3901773.101
 10
2686914.708
 20
3901725.486
 10
2686861.825
 20
3901709.615
 10
2686872.402
 20
3901810.134
 10
2686782.502
 20
3901741.358
 10
2686766.637
 20
3901757.229
 10
2686740.196
 20
3901751.939
 10
2686703.178
 20
3901730.777
 10
2686687.313
 20
3901767.81
 10
2686682.025
 20
3901878.911
 10
2686623.854
 20
3901841.877
 10
2686586.836
 20
3901836.587
 10
2686560.395
 20
3901783.682
 10
2686560.395
 20
3901751.939
 10
2686576.26
 20
3901730.777
 10
2686539.242
 20
3901720.196
 10
2686523.377
 20
3901730.777
 10
2686507.512
 20
3901767.81
 10
2686449.342
 20
3901757.229
 10
2686412.324
 20
3901736.067
 10
2686354.153
 20
3901736.067
 10
2686301.27
 20
3901704.324
 10
2686253.676
 20
3901672.581
 10
2686232.523
 20
3901656.71
 10
2686216.658
 20
3901672.581
 10
2686153.199
 20
3901672.581
 10
2686089.74
 20
3901667.291
 10
2686031.569
 20
3901677.872
 10
2685968.11
 20
3901662.0
 10
2685872.922
 20
3901603.804
 10
2685804.175
 20
3901561.48
 10
2685751.292
 20
3901556.19
 10
2685751.292
 20
3901662.0
 10
2685682.545
 20
3901693.743
 10
2685597.933
 20
3901662.0
 10
2685560.915
 20
3901603.804
 10
2685465.726
 20
3901519.156
 10
2685391.691
 20
3901445.089
 10
2685381.114
 20
3901402.765
 10
2685259.484
 20
3901323.408
 10
2685217.178
 20
3901291.665
 10
2685037.378
 20
3901323.408
 10
2684751.812
 20
3901344.57
 10
2684614.317
 20
3901344.57
 10
2684587.876
 20
3901386.894
 10
2684587.876
 20
3901418.637
 10
2684545.57
 20
3901376.313
 10
2684540.282
 20
3901344.57
 10
2684508.552
 20
3901371.022
 10
2684450.381
 20
3901386.894
 10
2684397.499
 20
3901360.441
 10
2684339.328
 20
3901349.86
 10
2684260.004
 20
3901376.313
 10
2684212.41
 20
3901376.313
 10
2684170.104
 20
3901376.313
 10
2684154.239
 20
3901397.475
 10
2684106.645
 20
3901397.475
 10
2684080.204
 20
3901360.441
 10
2684032.609
 20
3901355.151
 10
2683985.015
 20
3901397.475
 10
2683407.518
 20
3901798.662
 10
2683225.426
 20
3901434.323
 10
2682982.636
 20
3901495.046
 10
2682982.636
 20
3901737.939
 10
2682011.479
 20
3901677.216
 10
2681950.782
 20
3902041.555
 10
2681465.203
 20
3902102.278
 10
2680918.927
 20
3902102.278
 10
2680251.256
 20
3902041.555
 10
2680069.164
 20
3901737.939
 10
2679887.072
 20
3901373.6
 10
2679158.704
 20
3901373.6
 10
2678491.033
 20
3901434.323
 10
2678187.547
 20
3901555.769
 10
2677519.876
 20
3901737.939
 10
2676730.81
 20
3901737.939
 10
2676063.14
 20
3901737.939
 10
2675698.956
 20
3901737.939
 10
2675213.377
 20
3902041.555
 10
2674545.706
 20
3902223.724
 10
2673331.759
 20
3902041.555
 10
2672724.786
 20
3902102.278
 10
2671875.023
 20
3901920.108
 10
2670054.103
 20
3901616.492
 10
2669447.129
 20
3901373.6
 10
2668779.459
 20
3900887.814
 10
2668293.88
 20
3900584.198
 10
2668293.88
 20
3900280.582
 10
2668354.577
 20
3899673.35
 10
2668354.577
 20
3899248.287
 10
2668597.367
 20
3898883.948
 10
2668658.064
 20
3898276.716
 10
2668658.064
 20
3897730.207
 10
2668111.788
 20
3897305.145
 10
2667626.209
 20
3897183.699
 10
2667262.025
 20
3897183.699
 10
2666655.052
 20
3896940.806
 10
2666655.052
 20
3896819.359
 10
2665926.684
 20
3896880.083
 10
2665319.71
 20
3896940.806
 10
2664712.737
 20
3896455.02
 10
2664287.855
 20
3895787.065
 10
2663984.369
 20
3895969.234
 10
2663923.671
 20
3896272.851
 10
2663559.487
 20
3896212.127
 10
2663559.487
 20
3895665.618
 10
2663134.606
 20
3895362.002
 10
2662649.027
 20
3895362.002
 10
2662042.054
 20
3895483.449
 10
2661981.356
 20
3896029.958
 10
2661981.356
 20
3896394.297
 10
2660888.804
 20
3896029.958
 10
2660039.042
 20
3896151.404
 10
2659128.581
 20
3896151.404
 10
2658521.608
 20
3895726.342
 10
2657914.635
 20
3895847.788
 10
2657671.845
 20
3896151.404
 10
2657004.174
 20
3896455.02
 10
2656336.504
 20
3896697.913
 10
2655608.136
 20
3897001.529
 10
2654697.676
 20
3897487.315
 10
2653787.215
 20
3898033.823
 10
2653058.847
 20
3898398.163
 10
2652148.387
 20
3898701.779
 10
2651784.203
 20
3898883.948
 10
2651541.414
 20
3899187.564
 10
2651420.019
 20
3898883.948
 10
2651298.624
 20
3898641.055
 10
2650752.348
 20
3898944.671
 10
2650266.77
 20
3899187.564
 10
2650084.678
 20
3899551.904
 10
2649599.099
 20
3900159.136
 10
2648749.336
 20
3900705.644
 10
2648020.968
 20
3901252.153
 10
2647231.903
 20
3901677.216
 10
2646503.534
 20
3901859.385
 10
2646078.653
 20
3901859.385
 10
2645823.471
 20
3902041.555
 10
2645944.866
 20
3902588.064
 10
2645641.379
 20
3903134.573
 10
2644973.708
 20
3903984.697
 10
2644730.919
 20
3904288.313
 10
2644730.919
 20
3904895.545
 10
2644366.735
 20
3905016.992
 10
2644063.248
 20
3905927.84
 10
2643395.577
 20
3906595.795
 10
2642485.117
 20
3907203.027
 10
2641453.262
 20
3907506.643
 10
2640421.408
 20
3907628.09
 10
2639875.131
 20
3907688.813
 10
2639025.369
 20
3908113.875
 10
2638539.79
 20
3908538.938
 10
2637811.422
 20
3908903.277
 10
2636779.567
 20
3909085.446
 10
2635808.41
 20
3909146.17
 10
2634715.857
 20
3909206.893
 10
2633501.911
 20
3909206.893
 10
2632409.359
 20
3909389.062
 10
2631013.32
 20
3910178.464
 10
2630163.557
 20
3910482.08
 10
2629374.491
 20
3910724.973
 10
2628464.031
 20
3911332.205
 10
2628039.15
 20
3911635.821
 10
2627189.387
 20
3911575.098
 10
2626521.716
 20
3911575.098
 10
2625793.348
 20
3911878.714
 10
2625429.164
 20
3912060.883
 10
2624275.915
 20
3912546.669
 10
2623365.455
 20
3912728.839
 10
2623061.968
 20
3913153.901
 10
2622394.297
 20
3913275.348
 10
2621969.416
 20
3913214.624
 10
2621605.232
 20
3913518.24
 10
2621483.837
 20
3914004.026
 10
2620694.772
 20
3913821.856
 10
2620351.599
 20
3914130.107
 10
2620104.445
 20
3914352.641
 10
2619807.86
 20
3914451.544
 10
2619684.284
 20
3914402.092
 10
2619511.276
 20
3914649.352
 10
2619338.268
 20
3914896.611
 10
2618992.253
 20
3914871.885
 10
2618670.952
 20
3914896.611
 10
2618621.522
 20
3915119.144
 10
2618176.645
 20
3915168.596
 10
2617781.198
 20
3915267.5
 10
2617385.752
 20
3915143.87
 10
2617089.167
 20
3915193.322
 10
2616792.583
 20
3915193.322
 10
2616693.721
 20
3915069.692
 10
2616298.275
 20
3914995.515
 10
2616174.698
 20
3915292.226
 10
2615754.536
 20
3915242.774
 10
2615556.813
 20
3915267.5
 10
2615161.367
 20
3915391.129
 10
2614815.351
 20
3915341.678
 10
2614518.766
 20
3915366.404
 10
2614073.889
 20
3915465.307
 10
2613950.312
 20
3915440.581
 10
2613678.443
 20
3915638.389
 10
2613208.851
 20
3916034.003
 10
2612640.397
 20
3916108.181
 10
2612393.243
 20
3916034.003
 10
2611997.796
 20
3916479.07
 10
2611374.216
 20
3916309.786
 10
2611335.334
 20
3916323.902
 10
2611291.493
 20
3916329.385
 10
2611192.849
 20
3916362.28
 10
2610781.832
 20
3916735.095
 10
2610633.866
 20
3916817.333
 10
2610540.703
 20
3916773.473
 10
2610332.454
 20
3916784.438
 10
2610283.132
 20
3916828.298
 10
2610250.251
 20
3916872.159
 10
2610222.85
 20
3916905.054
 10
2610157.087
 20
3916828.298
 10
2610124.206
 20
3916789.92
 10
2610146.127
 20
3916762.507
 10
2610200.929
 20
3916718.647
 10
2610261.211
 20
3916663.821
 10
2610305.053
 20
3916587.065
 10
2610321.494
 20
3916510.309
 10
2610370.816
 20
3916439.036
 10
2610409.177
 20
3916406.141
 10
2610496.861
 20
3916389.693
 10
2610540.703
 20
3916351.315
 10
2610579.064
 20
3916285.524
 10
2610650.307
 20
3916137.495
 10
2610732.51
 20
3916093.634
 10
2610781.832
 20
3916060.739
 10
2610770.872
 20
3916000.431
 10
2610683.188
 20
3915912.71
 10
2610639.346
 20
3915918.192
 10
2610551.663
 20
3915989.466
 10
2610431.098
 20
3916049.774
 10
2610316.014
 20
3916104.6
 10
2610217.37
 20
3916175.873
 10
2610107.765
 20
3916219.733
 10
2609976.24
 20
3916274.559
 10
2609910.477
 20
3916307.454
 10
2609872.116
 20
3916389.693
 10
2609833.754
 20
3916460.966
 10
2609833.754
 20
3916548.687
 10
2609839.234
 20
3916625.443
 10
2609855.675
 20
3916691.234
 10
2609850.195
 20
3916735.095
 10
2609833.754
 20
3916778.955
 10
2609877.596
 20
3916806.368
 10
2609926.918
 20
3916811.85
 10
2609965.28
 20
3916839.263
 10
2610009.121
 20
3916987.293
 10
2609965.28
 20
3917014.705
 10
2609921.438
 20
3917091.461
 10
2609844.715
 20
3917146.287
 10
2609746.071
 20
3917228.525
 10
2609735.11
 20
3917277.869
 10
2609735.11
 20
3917349.142
 10
2609784.432
 20
3917393.002
 10
2609894.037
 20
3917420.415
 10
2609954.319
 20
3917431.38
 10
2610036.522
 20
3917425.898
 10
2610157.087
 20
3917393.002
 10
2610244.771
 20
3917382.037
 10
2610337.934
 20
3917321.729
 10
2610376.296
 20
3917261.421
 10
2610447.539
 20
3917184.665
 10
2610507.821
 20
3917118.874
 10
2610557.143
 20
3917075.014
 10
2610590.025
 20
3917014.705
 10
2610661.267
 20
3916948.915
 10
2610732.51
 20
3916916.019
 10
2610770.872
 20
3916861.194
 10
2610770.872
 20
3916839.263
 10
2610803.753
 20
3916817.333
 10
2610858.555
 20
3916828.298
 10
2610885.956
 20
3916877.641
 10
2610885.956
 20
3916954.397
 10
2610880.476
 20
3917025.671
 10
2610869.516
 20
3917064.049
 10
2610710.589
 20
3917168.217
 10
2610688.668
 20
3917244.973
 10
2610683.188
 20
3917310.764
 10
2610683.188
 20
3917365.59
 10
2610672.228
 20
3917425.898
 10
2610617.426
 20
3917535.549
 10
2610650.307
 20
3917573.927
 10
2610666.748
 20
3917617.788
 10
2610666.748
 20
3917678.096
 10
2610677.708
 20
3917716.474
 10
2610683.188
 20
3917749.369
 10
2610672.228
 20
3917760.334
 10
2610661.267
 20
3917776.782
 10
2610655.787
 20
3917837.09
 10
2610655.787
 20
3917875.468
 10
2610611.945
 20
3917935.776
 10
2610562.623
 20
3917941.259
 10
2610463.979
 20
3917941.259
 10
2610485.9
 20
3918018.015
 10
2610480.42
 20
3918039.945
 10
2610436.578
 20
3918045.428
 10
2610431.098
 20
3918083.806
 10
2610431.098
 20
3918187.974
 10
2610447.539
 20
3918215.387
 10
2610447.539
 20
3918259.248
 10
2610420.138
 20
3918286.661
 10
2610354.375
 20
3918346.969
 10
2610398.217
 20
3918270.213
 10
2610387.256
 20
3918242.8
 10
2610414.657
 20
3918209.905
 10
2610392.737
 20
3918177.009
 10
2610370.816
 20
3918144.114
 10
2610348.895
 20
3918100.253
 10
2610387.256
 20
3917957.707
 10
2610376.296
 20
3917875.468
 10
2610343.415
 20
3917815.16
 10
2610200.929
 20
3917804.195
 10
2610080.364
 20
3917815.16
 10
2609992.681
 20
3917837.09
 10
2609828.274
 20
3917880.951
 10
2609724.15
 20
3917897.398
 10
2609647.427
 20
3917924.811
 10
2609570.704
 20
3917908.364
 10
2609565.224
 20
3917820.643
 10
2609548.783
 20
3917798.712
 10
2609515.902
 20
3917782.265
 10
2609493.981
 20
3917743.887
 10
2609450.139
 20
3917716.474
 10
2609422.738
 20
3917721.956
 10
2609362.455
 20
3917738.404
 10
2609351.495
 20
3917705.509
 10
2609378.896
 20
3917639.718
 10
2609406.297
 20
3917606.822
 10
2609439.178
 20
3917590.375
 10
2609477.54
 20
3917562.962
 10
2609477.54
 20
3917524.584
 10
2609461.099
 20
3917497.171
 10
2609433.698
 20
3917464.276
 10
2609406.297
 20
3917425.898
 10
2609455.619
 20
3917327.212
 10
2609472.06
 20
3917255.938
 10
2609493.981
 20
3917201.113
 10
2609543.303
 20
3917173.7
 10
2609581.664
 20
3917151.77
 10
2609587.144
 20
3917102.426
 10
2609570.704
 20
3917080.496
 10
2609532.342
 20
3917058.566
 10
2609493.981
 20
3917020.188
 10
2609472.06
 20
3916987.293
 10
2609444.659
 20
3916916.019
 10
2609411.777
 20
3916861.194
 10
2609450.139
 20
3916850.228
 10
2609417.258
 20
3916828.298
 10
2609378.896
 20
3916811.85
 10
2609400.817
 20
3916789.92
 10
2609444.659
 20
3916811.85
 10
2609455.619
 20
3916828.298
 10
2609532.342
 20
3916894.089
 10
2609576.184
 20
3916948.915
 10
2609609.065
 20
3916943.432
 10
2609707.709
 20
3916910.537
 10
2609762.511
 20
3916926.984
 10
2609833.754
 20
3916943.432
 10
2609691.269
 20
3916817.333
 10
2609532.342
 20
3916718.647
 10
2609461.099
 20
3916630.926
 10
2609406.297
 20
3916570.618
 10
2609351.495
 20
3916521.275
 10
2609318.614
 20
3916493.862
 10
2609318.614
 20
3916450.001
 10
2609318.614
 20
3916417.106
 10
2609291.213
 20
3916384.21
 10
2609258.331
 20
3916340.35
 10
2609307.653
 20
3916285.524
 10
2609335.054
 20
3916258.111
 10
2609367.936
 20
3916170.39
 10
2609367.936
 20
3916110.082
 10
2609346.015
 20
3916038.809
 10
2609302.173
 20
3916011.396
 10
2609258.331
 20
3916011.396
 10
2609159.687
 20
3916016.879
 10
2609061.043
 20
3916022.361
 10
2608989.8
 20
3916033.326
 10
2608907.597
 20
3916049.774
 10
2608852.795
 20
3916060.739
 10
2608808.953
 20
3916093.634
 10
2608792.513
 20
3916132.012
 10
2608792.513
 20
3916164.908
 10
2608759.631
 20
3916236.181
 10
2608578.784
 20
3916444.519
 10
2608469.18
 20
3916493.862
 10
2608337.654
 20
3916592.548
 10
2608266.412
 20
3916680.269
 10
2608277.372
 20
3916740.577
 10
2608277.372
 20
3916784.438
 10
2608277.372
 20
3916855.711
 10
2608211.609
 20
3916883.124
 10
2608096.525
 20
3916905.054
 10
2608036.242
 20
3916916.019
 10
2607888.276
 20
3916921.502
 10
2607795.114
 20
3917025.67
 10
2607751.273
 20
3917042.118
 10
2607701.951
 20
3917075.014
 10
2607636.188
 20
3917113.391
 10
2607592.346
 20
3917157.252
 10
2607553.985
 20
3917195.63
 10
2607526.584
 20
3917239.49
 10
2607537.544
 20
3917283.351
 10
2607570.425
 20
3917294.316
 10
2607581.386
 20
3917277.868
 10
2607597.826
 20
3917277.868
 10
2607619.747
 20
3917305.281
 10
2607608.787
 20
3917354.624
 10
2607575.906
 20
3917387.52
 10
2607532.064
 20
3917403.967
 10
2607493.702
 20
3917436.863
 10
2607493.702
 20
3917469.758
 10
2607510.143
 20
3917524.584
 10
2607510.143
 20
3917562.962
 10
2607499.183
 20
3917573.927
 10
2607422.459
 20
3917590.375
 10
2607323.815
 20
3917601.34
 10
2607203.251
 20
3917650.683
 10
2607099.127
 20
3917716.474
 10
2606995.002
 20
3917776.782
 10
2606929.24
 20
3917798.712
 10
2606901.839
 20
3917848.055
 10
2606885.398
 20
3917880.951
 10
2606857.997
 20
3917875.468
 10
2606879.918
 20
3917820.642
 10
2606814.155
 20
3917787.747
 10
2606759.353
 20
3917716.474
 10
2606836.076
 20
3917721.956
 10
2606896.358
 20
3917727.439
 10
2606923.759
 20
3917694.543
 10
2606956.641
 20
3917678.096
 10
2606995.002
 20
3917645.2
 10
2607027.884
 20
3917623.27
 10
2607088.166
 20
3917590.375
 10
2607093.646
 20
3917551.997
 10
2607121.047
 20
3917524.584
 10
2607142.968
 20
3917491.688
 10
2607115.567
 20
3917491.688
 10
2607099.127
 20
3917486.206
 10
2607071.725
 20
3917453.311
 10
2607126.528
 20
3917431.38
 10
2607159.409
 20
3917376.555
 10
2607197.77
 20
3917310.764
 10
2607258.053
 20
3917190.147
 10
2607258.053
 20
3917064.048
 10
2607274.494
 20
3917009.223
 10
2607329.296
 20
3916981.81
 10
2607351.217
 20
3916965.362
 10
2607389.578
 20
3916888.606
 10
2607406.019
 20
3916800.885
 10
2607438.9
 20
3916751.542
 10
2607449.861
 20
3916696.716
 10
2607449.861
 20
3916658.339
 10
2607559.465
 20
3916559.652
 10
2607608.787
 20
3916515.792
 10
2607658.109
 20
3916515.792
 10
2607701.951
 20
3916488.379
 10
2607800.595
 20
3916477.414
 10
2607904.719
 20
3916477.414
 10
2607986.922
 20
3916433.553
 10
2608030.764
 20
3916367.763
 10
2608041.724
 20
3916323.902
 10
2607959.521
 20
3916274.559
 10
2607877.318
 20
3916252.629
 10
2607696.47
 20
3916280.042
 10
2607564.945
 20
3916301.972
 10
2607510.143
 20
3916323.902
 10
2607488.222
 20
3916384.21
 10
2607455.341
 20
3916450.001
 10
2607416.979
 20
3916521.274
 10
2607351.217
 20
3916581.583
 10
2607279.974
 20
3916630.926
 10
2607175.85
 20
3916652.856
 10
2607071.725
 20
3916658.339
 10
2606962.121
 20
3916696.716
 10
2606847.036
 20
3916806.368
 10
2606825.116
 20
3916888.606
 10
2606781.274
 20
3916959.88
 10
2606737.432
 20
3917014.705
 10
2606737.432
 20
3917085.979
 10
2606731.952
 20
3917124.357
 10
2606775.794
 20
3917266.903
 10
2606742.912
 20
3917349.142
 10
2606720.991
 20
3917436.863
 10
2606649.749
 20
3917524.584
 10
2606534.664
 20
3917590.375
 10
2606501.783
 20
3917590.375
 10
2606507.263
 20
3917656.165
 10
2606562.065
 20
3917678.096
 10
2606540.144
 20
3917727.439
 10
2606507.263
 20
3917760.334
 10
2606474.382
 20
3917798.712
 10
2606452.461
 20
3917897.398
 10
2606403.139
 20
3917963.189
 10
2606260.653
 20
3918018.015
 10
2606151.049
 20
3918056.393
 10
2606140.088
 20
3918105.736
 10
2606090.766
 20
3918160.561
 10
2605959.241
 20
3918160.561
 10
2605866.077
 20
3918198.939
 10
2605789.354
 20
3918237.317
 10
2605756.473
 20
3918264.73
 10
2605729.072
 20
3918308.591
 10
2605729.072
 20
3918352.451
 10
2605712.631
 20
3918401.794
 10
2605668.789
 20
3918440.172
 10
2605564.665
 20
3918511.446
 10
2605493.422
 20
3918527.893
 10
2605438.62
 20
3918555.306
 10
2605372.857
 20
3918593.684
 10
2605307.095
 20
3918593.684
 10
2605279.694
 20
3918566.271
 10
2605263.253
 20
3918555.306
 10
2605181.05
 20
3918571.754
 10
2605137.208
 20
3918626.58
 10
2605071.445
 20
3918659.475
 10
2605131.728
 20
3918582.719
 10
2605197.49
 20
3918544.341
 10
2605263.253
 20
3918516.928
 10
2605334.496
 20
3918511.446
 10
2605427.66
 20
3918500.481
 10
2605509.863
 20
3918445.655
 10
2605559.185
 20
3918434.69
 10
2605630.428
 20
3918423.725
 10
2605603.027
 20
3918357.934
 10
2605619.467
 20
3918297.626
 10
2605613.987
 20
3918248.283
 10
2605575.626
 20
3918193.457
 10
2605597.546
 20
3918127.666
 10
2605641.388
 20
3918050.91
 10
2605701.671
 20
3917968.672
 10
2605679.75
 20
3917919.329
 10
2605624.948
 20
3917919.329
 10
2605526.304
 20
3917941.259
 10
2605455.061
 20
3917913.846
 10
2605400.259
 20
3917886.433
 10
2605356.417
 20
3917886.433
 10
2605268.733
 20
3918045.428
 10
2604868.677
 20
3918264.73
 10
2604797.434
 20
3918237.317
 10
2604780.994
 20
3918209.905
 10
2604770.033
 20
3918215.387
 10
2604808.395
 20
3918275.695
 10
2604797.434
 20
3918286.66
 10
2604726.192
 20
3918226.352
 10
2604709.751
 20
3918226.352
 10
2604649.468
 20
3918259.248
 10
2604600.147
 20
3918292.143
 10
2604578.226
 20
3918325.038
 10
2604561.785
 20
3918363.416
 10
2604523.423
 20
3918390.829
 10
2604446.7
 20
3918445.655
 10
2604419.299
 20
3918456.62
 10
2604419.299
 20
3918494.998
 10
2604391.898
 20
3918489.515
 10
2604408.339
 20
3918440.172
 10
2604474.101
 20
3918385.347
 10
2604534.384
 20
3918346.969
 10
2604583.706
 20
3918264.73
 10
2604682.35
 20
3918204.422
 10
2604819.355
 20
3918149.596
 10
2604901.559
 20
3918149.596
 10
2604983.762
 20
3918133.149
 10
2605060.485
 20
3918094.771
 10
2605137.208
 20
3918039.945
 10
2605164.609
 20
3918001.567
 10
2605164.609
 20
3917952.224
 10
2605126.248
 20
3917908.363
 10
2605011.163
 20
3917908.363
 10
2604907.039
 20
3917913.846
 10
2604852.237
 20
3917913.846
 10
2604808.395
 20
3917952.224
 10
2604759.073
 20
3918001.567
 10
2604660.429
 20
3918028.98
 10
2604479.582
 20
3918078.323
 10
2604430.26
 20
3918078.323
 10
2604364.497
 20
3918039.945
 10
2604271.333
 20
3918034.462
 10
2604260.373
 20
3918023.497
 10
2604369.977
 20
3918007.05
 10
2604375.458
 20
3917979.637
 10
2604342.576
 20
3917968.672
 10
2604276.814
 20
3917957.707
 10
2604211.051
 20
3917957.707
 10
2604211.051
 20
3918023.497
 10
2604156.249
 20
3918028.98
 10
2604156.249
 20
3918001.567
 10
2604046.644
 20
3917990.602
 10
2603997.322
 20
3918001.567
 10
2603964.441
 20
3918034.462
 10
2604002.803
 20
3918078.323
 10
2604024.723
 20
3918111.218
 10
2603969.921
 20
3918083.806
 10
2603920.599
 20
3918050.91
 10
2603893.198
 20
3918023.497
 10
2603838.396
 20
3918018.015
 10
2603800.034
 20
3918023.497
 10
2603800.034
 20
3918012.532
 10
2603827.436
 20
3918001.567
 10
2603931.56
 20
3917957.707
 10
2604019.243
 20
3917919.329
 10
2604068.565
 20
3917880.951
 10
2604139.808
 20
3917859.02
 10
2604200.091
 20
3917837.09
 10
2604271.333
 20
3917853.538
 10
2604342.576
 20
3917831.608
 10
2604435.74
 20
3917804.195
 10
2604506.983
 20
3917776.782
 10
2604545.344
 20
3917727.439
 10
2604572.745
 20
3917727.439
 10
2604578.226
 20
3917754.852
 10
2604611.107
 20
3917749.369
 10
2604643.988
 20
3917738.404
 10
2604643.988
 20
3917716.474
 10
2604654.949
 20
3917694.543
 10
2604687.83
 20
3917710.991
 10
2604742.632
 20
3917700.026
 10
2604748.112
 20
3917689.061
 10
2604802.915
 20
3917667.131
 10
2604808.395
 20
3917617.787
 10
2604879.638
 20
3917568.444
 10
2604934.44
 20
3917535.549
 10
2604961.841
 20
3917502.654
 10
2605022.123
 20
3917464.276
 10
2605104.327
 20
3917371.072
 10
2605241.332
 20
3917223.043
 10
2605345.456
 20
3917157.252
 10
2605427.66
 20
3917107.909
 10
2605548.224
 20
3917064.048
 10
2605712.631
 20
3917047.601
 10
2605794.834
 20
3917020.188
 10
2605838.676
 20
3917042.118
 10
2605877.038
 20
3917080.496
 10
2605920.879
 20
3917107.909
 10
2605986.642
 20
3917107.909
 10
2605997.602
 20
3917075.014
 10
2605970.201
 20
3917036.636
 10
2605997.602
 20
3917003.74
 10
2606134.608
 20
3916921.502
 10
2606266.133
 20
3916800.885
 10
2606331.896
 20
3916762.507
 10
2606370.257
 20
3916707.682
 10
2606403.139
 20
3916625.443
 10
2606408.619
 20
3916559.652
 10
2606403.139
 20
3916510.309
 10
2606331.896
 20
3916515.792
 10
2606266.133
 20
3916537.722
 10
2606211.331
 20
3916581.583
 10
2606151.049
 20
3916619.961
 10
2605981.162
 20
3916636.408
 10
2605860.597
 20
3916691.234
 10
2605723.591
 20
3916718.647
 10
2605570.145
 20
3916751.542
 10
2605449.581
 20
3916795.403
 10
2605290.654
 20
3916855.711
 10
2605181.05
 20
3916872.159
 10
2605038.564
 20
3916822.815
 10
2604907.039
 20
3916773.472
 10
2604775.514
 20
3916713.164
 10
2604682.35
 20
3916636.408
 10
2604605.627
 20
3916543.205
 10
2604435.74
 20
3916439.036
 10
2604375.458
 20
3916411.623
 10
2604315.175
 20
3916417.106
 10
2604287.774
 20
3916334.867
 10
2604189.13
 20
3916312.937
 10
2604046.644
 20
3916280.042
 10
2604008.283
 20
3916241.664
 10
2603997.322
 20
3916208.768
 10
2603964.441
 20
3916208.768
 10
2603964.441
 20
3916247.146
 10
2603920.599
 20
3916258.111
 10
2603810.995
 20
3916225.216
 10
2603722.196
 20
3916137.495
 10
2603667.394
 20
3916099.117
 10
2603607.112
 20
3916099.117
 10
2603563.27
 20
3916099.117
 10
2603530.388
 20
3916110.082
 10
2603497.507
 20
3916110.082
 10
2603459.146
 20
3916088.152
 10
2603431.744
 20
3916071.704
 10
2603393.383
 20
3916060.739
 10
2603355.021
 20
3916071.704
 10
2603349.541
 20
3916099.117
 10
2603404.343
 20
3916126.53
 10
2603415.304
 20
3916170.39
 10
2603409.824
 20
3916214.251
 10
2603393.383
 20
3916236.181
 10
2603442.705
 20
3916241.664
 10
2603464.626
 20
3916230.698
 10
2603497.507
 20
3916269.076
 10
2603497.507
 20
3916323.902
 10
2603437.225
 20
3916291.007
 10
2603387.903
 20
3916274.559
 10
2603333.101
 20
3916280.042
 10
2603283.779
 20
3916351.315
 10
2603228.976
 20
3916411.623
 10
2603168.694
 20
3916411.623
 10
2603185.135
 20
3916378.728
 10
2603218.016
 20
3916351.315
 10
2603228.976
 20
3916312.937
 10
2603201.575
 20
3916274.559
 10
2603157.734
 20
3916192.32
 10
2603141.293
 20
3916137.495
 10
2603179.654
 20
3916055.256
 10
2603228.976
 20
3915978.5
 10
2603272.818
 20
3915951.088
 10
2603316.66
 20
3915907.227
 10
2603289.259
 20
3915868.849
 10
2603168.694
 20
3915863.367
 10
2603102.931
 20
3915835.954
 10
2603037.169
 20
3915814.023
 10
2602993.327
 20
3915824.989
 10
2602889.203
 20
3915912.71
 10
2602741.237
 20
3915951.088
 10
2602560.39
 20
3915978.5
 10
2602428.864
 20
3915989.466
 10
2602248.017
 20
3915940.122
 10
2602138.413
 20
3915874.332
 10
2602028.808
 20
3915896.262
 10
2602006.887
 20
3915994.948
 10
2601957.565
 20
3916192.32
 10
2601886.323
 20
3916367.763
 10
2601754.797
 20
3916548.687
 10
2601689.035
 20
3916663.821
 10
2601606.831
 20
3916718.647
 10
2601562.99
 20
3916757.025
 10
2601546.549
 20
3916784.438
 10
2601524.628
 20
3916833.781
 10
2601480.786
 20
3916855.711
 10
2601442.425
 20
3916883.124
 10
2601398.583
 20
3916910.537
 10
2601343.781
 20
3916910.537
 10
2601250.617
 20
3916855.711
 10
2601173.894
 20
3916839.263
 10
2601102.651
 20
3916872.159
 10
2601014.968
 20
3916905.054
 10
2600899.883
 20
3916910.537
 10
2600845.081
 20
3916877.641
 10
2600768.358
 20
3916850.228
 10
2600686.155
 20
3916844.746
 10
2600614.912
 20
3916855.711
 10
2600549.149
 20
3916883.124
 10
2600466.946
 20
3916866.676
 10
2600412.144
 20
3916855.711
 10
2600297.059
 20
3916872.159
 10
2600231.296
 20
3916872.159
 10
2600176.494
 20
3916817.333
 10
2600127.172
 20
3916828.298
 10
2600072.37
 20
3916839.263
 10
2600066.89
 20
3916883.124
 10
2600088.811
 20
3916883.124
 10
2600088.811
 20
3916905.054
 10
2600072.37
 20
3916948.915
 10
2600077.85
 20
3917009.223
 10
2599973.726
 20
3917025.67
 10
2599957.285
 20
3917113.391
 10
2599880.562
 20
3917135.322
 10
2599853.161
 20
3917157.252
 10
2599858.642
 20
3917217.56
 10
2599951.805
 20
3917338.177
 10
2599962.766
 20
3917414.933
 10
2600034.009
 20
3917431.38
 10
2600132.652
 20
3917425.898
 10
2600264.178
 20
3917458.793
 10
2600291.579
 20
3917513.619
 10
2600297.059
 20
3917568.444
 10
2600291.579
 20
3917606.822
 10
2600242.257
 20
3917634.235
 10
2600242.257
 20
3917710.991
 10
2600269.658
 20
3917809.677
 10
2600264.178
 20
3917864.503
 10
2600225.816
 20
3917902.881
 10
2600231.296
 20
3917952.224
 10
2600187.455
 20
3918023.497
 10
2600066.89
 20
3918072.84
 10
2599940.845
 20
3918122.184
 10
2599880.562
 20
3918155.079
 10
2599853.161
 20
3918193.457
 10
2599770.958
 20
3918193.457
 10
2599694.235
 20
3918220.87
 10
2599633.953
 20
3918264.73
 10
2599568.19
 20
3918292.143
 10
2599507.907
 20
3918275.695
 10
2599475.026
 20
3918379.864
 10
2599475.026
 20
3918445.655
 10
2599485.987
 20
3918516.928
 10
2599496.947
 20
3918621.097
 10
2599442.145
 20
3918560.789
 10
2599319.031
 20
3918550.789
 10
2599249.767
 20
3918565.725
 10
2599178.525
 20
3918598.621
 10
2599118.242
 20
3918593.138
 10
2599052.48
 20
3918593.138
 10
2599003.158
 20
3918593.138
 10
2598953.836
 20
3918593.138
 10
2598920.954
 20
3918598.621
 10
2598899.033
 20
3918560.243
 10
2598942.875
 20
3918510.9
 10
2598981.237
 20
3918467.039
 10
2599030.559
 20
3918450.592
 10
2599090.841
 20
3918395.766
 10
2599123.722
 20
3918357.388
 10
2599167.564
 20
3918357.388
 10
2599173.044
 20
3918291.597
 10
2599173.044
 20
3918225.806
 10
2599123.722
 20
3918187.428
 10
2599052.48
 20
3918176.463
 10
2598959.316
 20
3918154.533
 10
2598833.271
 20
3918154.533
 10
2598734.627
 20
3918176.463
 10
2598663.384
 20
3918231.289
 10
2598553.78
 20
3918313.527
 10
2598394.853
 20
3918368.353
 10
2598323.61
 20
3918340.94
 10
2598230.447
 20
3918340.94
 10
2598153.724
 20
3918362.871
 10
2598104.402
 20
3918412.214
 10
2598077.001
 20
3918456.074
 10
2598005.758
 20
3918516.382
 10
2597939.995
 20
3918538.313
 10
2597846.831
 20
3918510.9
 10
2597759.148
 20
3918494.452
 10
2597682.425
 20
3918494.452
 10
2597567.34
 20
3918505.417
 10
2597474.176
 20
3918532.83
 10
2597402.934
 20
3918532.83
 10
2597326.211
 20
3918532.83
 10
2597216.606
 20
3918543.795
 10
2597178.245
 20
3918527.347
 10
2597123.442
 20
3918499.935
 10
2597052.2
 20
3918510.9
 10
2596942.595
 20
3918499.935
 10
2596854.912
 20
3918461.557
 10
2596772.708
 20
3918395.766
 10
2596739.827
 20
3918384.801
 10
2596679.545
 20
3918428.661
 10
2596663.104
 20
3918494.452
 10
2596685.025
 20
3918565.725
 10
2596690.505
 20
3918697.307
 10
2596685.025
 20
3918839.854
 10
2596641.183
 20
3918944.022
 10
2596564.46
 20
3919042.709
 10
2596553.5
 20
3919130.43
 10
2596613.782
 20
3919234.598
 10
2596657.624
 20
3919344.25
 10
2596630.223
 20
3919448.418
 10
2596564.46
 20
3919571.788
 10
2596432.935
 20
3919730.782
 10
2596284.969
 20
3919878.812
 10
2596186.325
 20
3919955.568
 10
2596082.201
 20
3919955.568
 10
2595983.557
 20
3919955.568
 10
2595895.873
 20
3919922.672
 10
2595846.551
 20
3919873.329
 10
2595780.789
 20
3919796.573
 10
2595693.105
 20
3919659.509
 10
2595693.105
 20
3919626.614
 10
2595698.585
 20
3919560.823
 10
2595660.224
 20
3919478.584
 10
2595539.659
 20
3919374.416
 10
2595457.456
 20
3919325.073
 10
2595402.654
 20
3919292.177
 10
2595375.252
 20
3919259.282
 10
2595298.529
 20
3919259.282
 10
2595205.366
 20
3919259.282
 10
2595128.643
 20
3919193.491
 10
2595051.919
 20
3919149.631
 10
2594991.637
 20
3919083.84
 10
2594936.835
 20
3919039.979
 10
2594871.072
 20
3919001.601
 10
2594860.112
 20
3918930.328
 10
2594810.79
 20
3918853.572
 10
2594766.948
 20
3918820.677
 10
2594679.264
 20
3918743.92
 10
2594591.581
 20
3918705.542
 10
2594520.338
 20
3918678.13
 10
2594449.095
 20
3918645.234
 10
2594388.812
 20
3918606.856
 10
2594290.168
 20
3918557.513
 10
2594142.203
 20
3918524.618
 10
2594076.44
 20
3918486.24
 10
2593983.276
 20
3918480.757
 10
2593868.192
 20
3918480.757
 10
2593632.542
 20
3918436.897
 10
2593424.294
 20
3918414.967
 10
2593254.407
 20
3918409.484
 10
2593073.56
 20
3918387.554
 10
2592805.029
 20
3918310.798
 10
2592695.425
 20
3918283.385
 10
2592503.617
 20
3918310.798
 10
2592399.493
 20
3918338.211
 10
2592361.131
 20
3918299.833
 10
2592339.21
 20
3918223.077
 10
2592333.73
 20
3918135.356
 10
2592295.369
 20
3918080.53
 10
2592246.047
 20
3918036.669
 10
2592185.764
 20
3917959.914
 10
2592081.64
 20
3917916.053
 10
2592026.838
 20
3917916.053
 10
2591966.555
 20
3917976.361
 10
2591917.234
 20
3918003.774
 10
2591851.471
 20
3917992.809
 10
2591807.629
 20
3918031.187
 10
2591747.347
 20
3918069.565
 10
2591571.98
 20
3918042.152
 10
2591445.935
 20
3918020.222
 10
2591287.008
 20
3918036.669
 10
2591188.364
 20
3917970.879
 10
2591144.523
 20
3917910.57
 10
2591045.879
 20
3917855.745
 10
2590919.834
 20
3917784.471
 10
2590848.591
 20
3917746.094
 10
2590815.709
 20
3917718.681
 10
2590782.828
 20
3917669.338
 10
2590640.342
 20
3917565.169
 10
2590404.692
 20
3917428.104
 10
2590289.608
 20
3917373.279
 10
2590251.246
 20
3917351.348
 10
2590196.444
 20
3917356.831
 10
2590141.642
 20
3917323.936
 10
2590092.32
 20
3917291.04
 10
2590010.117
 20
3917247.18
 10
2589812.829
 20
3917164.941
 10
2589697.744
 20
3917121.081
 10
2589604.58
 20
3917060.773
 10
2589478.535
 20
3917038.842
 10
2589390.852
 20
3917044.325
 10
2589292.208
 20
3917066.255
 10
2589160.683
 20
3917033.36
 10
2588946.954
 20
3916945.639
 10
2588886.672
 20
3916934.674
 10
2588798.988
 20
3916962.086
 10
2588651.022
 20
3916907.261
 10
2588519.497
 20
3916879.848
 10
2588442.774
 20
3916825.022
 10
2588327.689
 20
3916748.266
 10
2588152.322
 20
3916753.749
 10
2587971.475
 20
3916775.679
 10
2587779.667
 20
3916770.197
 10
2587670.063
 20
3916808.575
 10
2587478.255
 20
3916770.197
 10
2587237.126
 20
3916808.575
 10
2587127.521
 20
3916803.092
 10
2587050.798
 20
3916814.057
 10
2586595.94
 20
3916764.714
 10
2586442.494
 20
3916759.231
 10
2586272.607
 20
3916781.162
 10
2585959.119
 20
3916759.231
 10
2585887.876
 20
3916759.231
 10
2585822.114
 20
3916720.853
 10
2585783.752
 20
3916759.231
 10
2585696.069
 20
3916731.819
 10
2585624.826
 20
3916726.336
 10
2585537.142
 20
3916720.853
 10
2585531.662
 20
3916671.51
 10
2585476.86
 20
3916671.51
 10
2585383.696
 20
3916633.132
 10
2585191.889
 20
3916528.964
 10
2585093.245
 20
3916545.411
 10
2585049.403
 20
3916589.272
 10
2584950.759
 20
3916616.685
 10
2584830.194
 20
3916605.72
 10
2584775.392
 20
3916545.411
 10
2584698.669
 20
3916501.551
 10
2584452.059
 20
3916496.068
 10
2584298.613
 20
3916501.551
 10
2584178.048
 20
3916490.586
 10
2584046.523
 20
3916485.103
 10
2583997.201
 20
3916485.103
 10
2583953.359
 20
3916528.964
 10
2583657.427
 20
3916589.272
 10
2583553.303
 20
3916616.685
 10
2583471.1
 20
3916616.685
 10
2583219.01
 20
3916660.545
 10
2583071.044
 20
3916726.336
 10
2582901.157
 20
3916819.54
 10
2582780.592
 20
3916973.051
 10
2582698.389
 20
3917121.081
 10
2582605.225
 20
3917159.459
 10
2582446.299
 20
3917197.837
 10
2582336.694
 20
3917280.075
 10
2582210.649
 20
3917318.453
 10
2582144.887
 20
3917312.971
 10
2582013.337
 20
3917334.901
 10
2581958.535
 20
3917307.488
 10
2581898.253
 20
3917334.901
 10
2581827.01
 20
3917334.901
 10
2581772.208
 20
3917334.901
 10
2581695.485
 20
3917307.488
 10
2581558.479
 20
3917269.11
 10
2581503.677
 20
3917263.627
 10
2581454.355
 20
3917247.18
 10
2581372.152
 20
3917247.18
 10
2581311.869
 20
3917225.249
 10
2581235.146
 20
3917225.249
 10
2581147.463
 20
3917219.767
 10
2581103.621
 20
3917274.593
 10
2581037.858
 20
3917247.18
 10
2580972.096
 20
3917291.04
 10
2580873.452
 20
3917291.04
 10
2580807.689
 20
3917274.593
 10
2580747.407
 20
3917340.383
 10
2580643.282
 20
3917439.07
 10
2580561.079
 20
3917455.517
 10
2580385.712
 20
3917504.86
 10
2580287.068
 20
3917493.895
 10
2580215.825
 20
3917466.482
 10
2580221.306
 20
3917422.622
 10
2580166.503
 20
3917417.139
 10
2580078.82
 20
3917345.866
 10
2579958.255
 20
3917291.04
 10
2579865.091
 20
3917280.075
 10
2579799.329
 20
3917340.383
 10
2579744.527
 20
3917389.726
 10
2579618.481
 20
3917373.279
 10
2579547.239
 20
3917373.279
 10
2579497.917
 20
3917433.587
 10
2579404.753
 20
3917510.343
 10
2579317.069
 20
3917521.308
 10
2579284.188
 20
3917581.616
 10
2579218.425
 20
3917614.512
 10
2579174.584
 20
3917680.302
 10
2579075.94
 20
3917702.233
 10
2579130.742
 20
3917806.401
 10
2579048.539
 20
3917735.128
 10
2579015.657
 20
3917789.954
 10
2578873.172
 20
3917855.745
 10
2578785.488
 20
3917910.57
 10
2578725.206
 20
3917910.57
 10
2578686.844
 20
3918025.704
 10
2578615.601
 20
3918107.943
 10
2578560.799
 20
3918091.495
 10
2578505.997
 20
3918146.32
 10
2578368.991
 20
3918107.943
 10
2578286.788
 20
3918140.838
 10
2578221.026
 20
3918195.664
 10
2578084.02
 20
3918184.698
 10
2577941.534
 20
3918250.489
 10
2577831.93
 20
3918321.763
 10
2577755.207
 20
3918360.141
 10
2577667.523
 20
3918404.001
 10
2577640.122
 20
3918398.518
 10
2577590.8
 20
3918425.931
 10
2577508.597
 20
3918491.722
 10
2577404.473
 20
3918508.17
 10
2577108.161
 20
3918624.325
 10
2577026.307
 20
3918632.207
 10
2577012.148
 20
3918630.086
 10
2576998.949
 20
3918622.541
 10
2576978.206
 20
3918613.11
 10
2576914.094
 20
3918611.223
 10
2576880.153
 20
3918628.2
 10
2576846.211
 20
3918647.062
 10
2576795.298
 20
3918662.152
 10
2576757.585
 20
3918664.038
 10
2576723.643
 20
3918684.787
 10
2576674.616
 20
3918692.332
 10
2576627.475
 20
3918726.284
 10
2576555.82
 20
3918764.009
 10
2576529.421
 20
3918792.302
 10
2576474.737
 20
3918803.62
 10
2576406.854
 20
3918852.662
 10
2576346.513
 20
3918886.614
 10
2576321.999
 20
3918899.818
 10
2576272.972
 20
3918896.045
 10
2576240.916
 20
3918911.135
 10
2576174.919
 20
3918962.063
 10
2576103.264
 20
3919031.854
 10
2576080.636
 20
3919046.944
 10
2576048.58
 20
3919062.034
 10
2576014.638
 20
3919084.669
 10
2575961.84
 20
3919133.71
 10
2575927.898
 20
3919169.549
 10
2575876.985
 20
3919195.956
 10
2575837.387
 20
3919246.884
 10
2575794.017
 20
3919339.31
 10
2575773.274
 20
3919375.149
 10
2575724.247
 20
3919439.281
 10
2575660.135
 20
3919482.664
 10
2575594.137
 20
3919501.526
 10
2575548.882
 20
3919514.73
 10
2575494.198
 20
3919537.365
 10
2575462.142
 20
3919558.113
 10
2575411.229
 20
3919575.09
 10
2575362.202
 20
3919609.042
 10
2575296.204
 20
3919642.994
 10
2575252.834
 20
3919671.288
 10
2575215.121
 20
3919684.491
 10
2575190.608
 20
3919686.378
 10
2575171.751
 20
3919697.695
 10
2575145.352
 20
3919693.922
 10
2575135.924
 20
3919675.06
 10
2575118.953
 20
3919659.97
 10
2575094.44
 20
3919648.653
 10
2575075.583
 20
3919641.108
 10
2575049.184
 20
3919641.108
 10
2575022.785
 20
3919631.677
 10
2574975.643
 20
3919609.042
 10
2574920.96
 20
3919597.724
 10
2574893.802
 20
3919601.222
 10
2574819.026
 20
3919667.71
 10
2574769.175
 20
3919673.25
 10
2574758.097
 20
3919687.102
 10
2574686.091
 20
3919670.48
 10
2574655.627
 20
3919670.48
 10
2574644.549
 20
3919659.399
 10
2574627.932
 20
3919645.547
 10
2574605.777
 20
3919640.006
 10
2574597.468
 20
3919648.317
 10
2574578.082
 20
3919651.088
 10
2574558.696
 20
3919637.236
 10
2574547.618
 20
3919640.006
 10
2574522.693
 20
3919640.006
 10
2574506.076
 20
3919637.236
 10
2574481.15
 20
3919617.844
 10
2574456.225
 20
3919590.14
 10
2574431.3
 20
3919576.289
 10
2574369.9
 20
3919566.351
 10
2574295.905
 20
3919618.1
 10
2574240.384
 20
3919665.275
 10
2574211.773
 20
3919675.313
 10
2574175.755
 20
3919638.951
 10
2574155.673
 20
3919644.157
 10
2574077.186
 20
3919710.792
 10
2574053.843
 20
3919731.573
 10
2574003.035
 20
3919766.141
 10
2573952.09
 20
3919769.452
 10
2573918.948
 20
3919750.819
 10
2573896.792
 20
3919770.212
 10
2573874.636
 20
3919781.293
 10
2573849.711
 20
3919789.604
 10
2573822.017
 20
3919795.145
 10
2573788.783
 20
3919803.456
 10
2573772.166
 20
3919811.767
 10
2573752.78
 20
3919811.767
 10
2573725.085
 20
3919806.226
 10
2573719.546
 20
3919789.604
 10
2573716.777
 20
3919772.982
 10
2573733.393
 20
3919761.901
 10
2573727.855
 20
3919748.049
 10
2573714.007
 20
3919745.279
 10
2573680.774
 20
3919745.279
 10
2573697.39
 20
3919734.197
 10
2573700.16
 20
3919717.576
 10
2573694.621
 20
3919714.805
 10
2573669.696
 20
3919717.576
 10
2573628.154
 20
3919742.508
 10
2573625.384
 20
3919742.508
 10
2573647.54
 20
3919684.332
 10
2573639.232
 20
3919662.169
 10
2573614.306
 20
3919640.006
 10
2573600.459
 20
3919626.155
 10
2573594.92
 20
3919606.762
 10
2573569.995
 20
3919628.925
 10
2573525.683
 20
3919617.844
 10
2573506.297
 20
3919617.844
 10
2573473.063
 20
3919620.614
 10
2573459.216
 20
3919620.614
 10
2573420.443
 20
3919648.317
 10
2573395.518
 20
3919662.169
 10
2573376.132
 20
3919662.169
 10
2573359.515
 20
3919662.169
 10
2573342.898
 20
3919634.466
 10
2573304.126
 20
3919620.614
 10
2573298.587
 20
3919603.992
 10
2573287.509
 20
3919576.289
 10
2573281.97
 20
3919584.6
 10
2573273.661
 20
3919612.303
 10
2573262.584
 20
3919617.844
 10
2573245.967
 20
3919609.533
 10
2573229.35
 20
3919590.14
 10
2573201.655
 20
3919590.14
 10
2573151.805
 20
3919576.289
 10
2573107.493
 20
3919531.964
 10
2573093.646
 20
3919512.571
 10
2573096.415
 20
3919487.638
 10
2573085.337
 20
3919462.705
 10
2573041.026
 20
3919454.394
 10
2572969.02
 20
3919435.002
 10
2572927.695
 20
3919443.777
 10
2572912.452
 20
3919430.36
 10
2572904.426
 20
3919411.522
 10
2572899.897
 20
3919391.665
 10
2572896.834
 20
3919369.889
 10
2572881.928
 20
3919355.683
 10
2572862.403
 20
3919351.297
 10
2572843.103
 20
3919345.556
 10
2572823.239
 20
3919339.929
 10
2572803.041
 20
3919340.734
 10
2572783.752
 20
3919349.663
 10
2572764.002
 20
3919346.293
 10
2572743.467
 20
3919349.13
 10
2572724.176
 20
3919356.141
 10
2572707.484
 20
3919367.324
 10
2572694.519
 20
3919382.906
 10
2572674.882
 20
3919378.633
 10
2572654.679
 20
3919373.119
 10
2572634.817
 20
3919370.652
 10
2572615.186
 20
3919375.632
 10
2572600.528
 20
3919390.538
 10
2572592.079
 20
3919409.389
 10
2572582.614
 20
3919427.338
 10
2572565.357
 20
3919437.619
 10
2572545.607
 20
3919433.008
 10
2572530.588
 20
3919418.914
 10
2572510.393
 20
3919423.217
 10
2572498.218
 20
3919439.588
 10
2572490.898
 20
3919459.228
 10
2572487.19
 20
3919479.768
 10
2572482.13
 20
3919503.243
 10
2572476.392
 20
3919525.703
 10
2572470.991
 20
3919546.357
 10
2572464.801
 20
3919566.786
 10
2572458.158
 20
3919587.215
 10
2572451.741
 20
3919606.742
 10
2572444.534
 20
3919625.479
 10
2572436.649
 20
3919644.103
 10
2572428.652
 20
3919663.518
 10
2572418.848
 20
3919681.693
 10
2572409.045
 20
3919700.545
 10
2572400.258
 20
3919719.058
 10
2572389.1
 20
3919737.121
 10
2572377.154
 20
3919756.426
 10
2572366.561
 20
3919775.278
 10
2572355.967
 20
3919792.438
 10
2572346.388
 20
3919810.049
 10
2572335.907
 20
3919827.434
 10
2572323.958
 20
3919843.579
 10
2572310.543
 20
3919859.726
 10
2572293.738
 20
3919871.7
 10
2572273.204
 20
3919875.101
 10
2572253.236
 20
3919881.548
 10
2572234.396
 20
3919888.332
 10
2572214.421
 20
3919885.075
 10
2572203.462
 20
3919868.157
 10
2572183.494
 20
3919873.589
 10
2572154.044
 20
3919876.319
 10
2572134.856
 20
3919869.337
 10
2572113.638
 20
3919865.066
 10
2572092.537
 20
3919864.63
 10
2572072.787
 20
3919861.147
 10
2572053.599
 20
3919854.278
 10
2572038.468
 20
3919840.523
 10
2572024.577
 20
3919825.3
 10
2572010.459
 20
3919809.513
 10
2571995.101
 20
3919794.291
 10
2571978.843
 20
3919781.778
 10
2571960.105
 20
3919773.442
 10
2571938.328
 20
3919774.925
 10
2571919.263
 20
3919781.823
 10
2571899.065
 20
3919783.079
 10
2571882.129
 20
3919770.567
 10
2571864.179
 20
3919759.522
 10
2571843.643
 20
3919760.327
 10
2571824.465
 20
3919767.79
 10
2571805.289
 20
3919776.041
 10
2571785.772
 20
3919783.052
 10
2571765.801
 20
3919785.324
 10
2571745.379
 20
3919788.386
 10
2571724.618
 20
3919791.11
 10
2571703.857
 20
3919792.819
 10
2571683.887
 20
3919796.67
 10
2571665.048
 20
3919804.245
 10
2571644.173
 20
3919804.825
 10
2571625.886
 20
3919796.376
 10
2571608.612
 20
3919784.202
 10
2571592.354
 20
3919772.479
 10
2571574.291
 20
3919760.531
 10
2571553.303
 20
3919761.111
 10
2571532.653
 20
3919761.466
 10
2571512.91
 20
3919766.897
 10
2571495.766
 20
3919777.63
 10
2571479.187
 20
3919789.604
 10
2571460.689
 20
3919799.548
 10
2571440.946
 20
3919805.656
 10
2571422.884
 20
3919794.95
 10
2571407.978
 20
3919781.307
 10
2571392.96
 20
3919767.778
 10
2571374.673
 20
3919758.313
 10
2571354.022
 20
3919756.749
 10
2571335.747
 20
3919764.887
 10
2571318.152
 20
3919774.83
 10
2571302.929
 20
3919788.721
 10
2571285.559
 20
3919798.89
 10
2571266.268
 20
3919806.239
 10
2571246.638
 20
3919811.332
 10
2571228.576
 20
3919801.867
 10
2571215.023
 20
3919786.305
 10
2571198.427
 20
3919774.131
 10
2571180.59
 20
3919764.215
 10
2571162.865
 20
3919752.267
 10
2571145.591
 20
3919739.867
 10
2571128.205
 20
3919728.371
 10
2571108.679
 20
3919722.969
 10
2571089.387
 20
3919728.513
 10
2571070.663
 20
3919738.119
 10
2571053.294
 20
3919748.964
 10
2571035.359
 20
3919758.57
 10
2571016.183
 20
3919768.401
 10
2570994.294
 20
3919770.223
 10
2570974.428
 20
3919763.355
 10
2570954.901
 20
3919755.922
 10
2570936.952
 20
3919746.119
 10
2570917.763
 20
3919737.783
 10
2570898.687
 20
3919730.575
 10
2570878.6
 20
3919729.349
 10
2570858.515
 20
3919729.365
 10
2570839.337
 20
3919737.052
 10
2570821.179
 20
3919749.479
 10
2570805.052
 20
3919761.678
 10
2570789.265
 20
3919775.005
 10
2570774.154
 20
3919788.557
 10
2570759.608
 20
3919802.335
 10
2570743.03
 20
3919815.211
 10
2570733.001
 20
3919818.002
 10
2570713.155
 20
3919823.735
 10
2570692.801
 20
3919824.659
 10
2570674.149
 20
3919816.941
 10
2570656.234
 20
3919807.864
 10
2570636.484
 20
3919804.344
 10
2570619.671
 20
3919792.796
 10
2570601.756
 20
3919783.719
 10
2570580.908
 20
3919784.52
 10
2570560.677
 20
3919785.196
 10
2570540.202
 20
3919786.736
 10
2570517.486
 20
3919781.374
 10
2570497.975
 20
3919775.386
 10
2570475.521
 20
3919775.205
 10
2570454.552
 20
3919776.5
 10
2570433.711
 20
3919779.769
 10
2570413.614
 20
3919783.899
 10
2570394.387
 20
3919790.494
 10
2570374.044
 20
3919795.118
 10
2570353.56
 20
3919793.574
 10
2570334.908
 20
3919785.98
 10
2570315.28
 20
3919781.966
 10
2570295.402
 20
3919776.596
 10
2570274.423
 20
3919774.93
 10
2570253.7
 20
3919775.854
 10
2570232.732
 20
3919777.889
 10
2570212.63
 20
3919780.539
 10
2570192.651
 20
3919782.941
 10
2570172.924
 20
3919787.07
 10
2570157.169
 20
3919799.577
 10
2570144.754
 20
3919815.282
 10
2570127.636
 20
3919825.818
 10
2570107.788
 20
3919830.811
 10
2570092.9
 20
3919844.673
 10
2570073.299
 20
3919849.912
 10
2570055.066
 20
3919858.724
 10
2570038.323
 20
3919870.864
 10
2570018.477
 20
3919876.597
 10
2569999.007
 20
3919884.55
 10
2569985.356
 20
3919899.271
 10
2569974.303
 20
3919916.575
 10
2569971.551
 20
3919925.317
 10
2569959.099
 20
3919941.038
 10
2569945.732
 20
3919956.998
 10
2569930.85
 20
3919970.451
 10
2569916.322
 20
3919985.046
 10
2569897.358
 20
3919991.776
 10
2569876.963
 20
3919993.246
 10
2569857.081
 20
3919988.748
 10
2569837.204
 20
3919984.824
 10
2569815.303
 20
3919984.704
 10
2569795.27
 20
3919987.89
 10
2569777.013
 20
3919996.562
 10
2569785.115
 20
3920015.169
 10
2569800.157
 20
3920028.43
 10
2569807.006
 20
3920047.852
 10
2569807.44
 20
3920067.913
 10
2569790.012
 20
3920056.74
 10
2569778.941
 20
3920039.311
 10
2569764.461
 20
3920024.897
 10
2569745.033
 20
3920019.936
 10
2569729.35
 20
3920033.626
 10
2569713.309
 20
3920045.945
 10
2569693.014
 20
3920045.923
 10
2569672.832
 20
3920045.786
 10
2569652.289
 20
3920043.932
 10
2569630.269
 20
3920043.469
 10
2569609.862
 20
3920043.678
 10
2569589.11
 20
3920043.89
 10
2569571.33
 20
3920054.277
 10
2569558.079
 20
3920070.35
 10
2569543.319
 20
3920084.605
 10
2569523.773
 20
3920090.538
 10
2569503.722
 20
3920092.004
 10
2569483.947
 20
3920097.94
 10
2569464.76
 20
3920105.36
 10
2569446.154
 20
3920113.576
 10
2569426.018
 20
3920117.91
 10
2569406.049
 20
3920116.165
 10
2569385.909
 20
3920120.04
 10
2569366.468
 20
3920125.055
 10
2569346.904
 20
3920129.268
 10
2569328.658
 20
3920138.972
 10
2569312.036
 20
3920150.608
 10
2569295.762
 20
3920162.585
 10
2569276.322
 20
3920167.599
 10
2569256.038
 20
3920168.724
 10
2569235.983
 20
3920169.732
 10
2569215.953
 20
3920173.262
 10
2569194.972
 20
3920173.362
 10
2569174.205
 20
3920172.084
 10
2569153.213
 20
3920171.152
 10
2569131.39
 20
3920167.477
 10
2569111.724
 20
3920161.716
 10
2569091.62
 20
3920158.023
 10
2569071.328
 20
3920158.231
 10
2569019.75
 20
3920159.311
 10
2568999.827
 20
3920162.573
 10
2568979.779
 20
3920167.119
 10
2568958.971
 20
3920168.111
 10
2568938.491
 20
3920172.378
 10
2568917.987
 20
3920174.791
 10
2568898.677
 20
3920181.182
 10
2568882.023
 20
3920194.24
 10
2568864.331
 20
3920204.318
 10
2568843.855
 20
3920208.87
 10
2568823.465
 20
3920209.143
 10
2568802.647
 20
3920209.421
 10
2568782.543
 20
3920209.833
 10
2568761.866
 20
3920209.967
 10
2568741.457
 20
3920208.814
 10
2568721.213
 20
3920209.37
 10
2568700.121
 20
3920210.508
 10
2568679.417
 20
3920208.645
 10
2568659.395
 20
3920204.492
 10
2568639.793
 20
3920199.763
 10
2568619.623
 20
3920195.184
 10
2568598.501
 20
3920194.04
 10
2568577.826
 20
3920194.317
 10
2568557.72
 20
3920194.586
 10
2568536.902
 20
3920194.864
 10
2568516.655
 20
3920195.135
 10
2568496.47
 20
3920200.112
 10
2568476.587
 20
3920206.367
 10
2568456.412
 20
3920212.057
 10
2568436.185
 20
3920213.896
 10
2568415.647
 20
3920213.743
 10
2568395.46
 20
3920218.577
 10
2568376.448
 20
3920225.962
 10
2568357.444
 20
3920233.917
 10
2568341.201
 20
3920245.687
 10
2568327.869
 20
3920261.838
 10
2568314.247
 20
3920277.708
 10
2568301.495
 20
3920294.564
 10
2568289.6
 20
3920311.552
 10
2568274.815
 20
3920325.726
 10
2568261.756
 20
3920341.018
 10
2568249.719
 20
3920358.008
 10
2568235.383
 20
3920373.744
 10
2568223.071
 20
3920391.593
 10
2568207.993
 20
3920405.201
 10
2568193.781
 20
3920419.51
 10
2568181.593
 20
3920435.931
 10
2568166.226
 20
3920449.257
 10
2568147.101
 20
3920458.783
 10
2568126.436
 20
3920459.915
 10
2568106.829
 20
3920454.758
 10
2568089.009
 20
3920444.586
 10
2568071.04
 20
3920433.987
 10
2568052.243
 20
3920425.397
 10
2568035.686
 20
3920413.781
 10
2568016.891
 20
3920405.333
 10
2567968.321
 20
3920399.28
 10
2567955.701
 20
3920404.726
 10
2567935.328
 20
3920406.282
 10
2567914.228
 20
3920406.849
 10
2567892.982
 20
3920407.134
 10
2567872.172
 20
3920407.982
 10
2567851.639
 20
3920408.257
 10
2567828.553
 20
3920409.564
 10
2567808.469
 20
3920411.402
 10
2567783.962
 20
3920413.156
 10
2567764.019
 20
3920414.849
 10
2567743.646
 20
3920416.405
 10
2567725.928
 20
3920403.236
 10
2567711.324
 20
3920388.314
 10
2567697.005
 20
3920373.388
 10
2567676.415
 20
3920369.386
 10
2567655.89
 20
3920370.231
 10
2567635.979
 20
3920374.348
 10
2567615.685
 20
3920371.196
 10
2567595.175
 20
3920373.182
 10
2567575.314
 20
3920381.006
 10
2567555.087
 20
3920382.846
 10
2567534.554
 20
3920383.12
 10
2567513.936
 20
3920387.675
 10
2567495.067
 20
3920395.058
 10
2567474.593
 20
3920399.753
 10
2567456.622
 20
3920410.262
 10
2567437.623
 20
3920418.645
 10
2567420.684
 20
3920431.707
 10
2567400.95
 20
3920438.389
 10
2567381.49
 20
3920444.211
 10
2567365.551
 20
3920457.402
 10
2567354.53
 20
3920475.804
 10
2567339.449
 20
3920489.127
 10
2567321.92
 20
3920500.77
 10
2567307.995
 20
3920515.218
 10
2567295.223
 20
3920530.649
 10
2567281.022
 20
3920545.813
 10
2567265.811
 20
3920560.136
 10
2567250.009
 20
3920572.897
 10
2567235.23
 20
3920587.499
 10
2567221.747
 20
3920603.082
 10
2567207.544
 20
3920618.104
 10
2567192.46
 20
3920631.284
 10
2567176.223
 20
3920643.481
 10
2567157.082
 20
3920651.866
 10
2567136.448
 20
3920655.279
 10
2567117.017
 20
3920663.241
 10
2567100.34
 20
3920674.588
 10
2567085.547
 20
3920688.191
 10
2567066.591
 20
3920699.712
 10
2567048.034
 20
3920709.087
 10
2567029.773
 20
3920719.315
 10
2567011.338
 20
3920727.12
 10
2566990.322
 20
3920733.961
 10
2566970.383
 20
3920735.94
 10
2566951.238
 20
3920744.039
 10
2566931.213
 20
3920750.297
 10
2566911.001
 20
3920753.277
 10
2566890.041
 20
3920753.558
 10
2566869.65
 20
3920753.831
 10
2566849.403
 20
3920754.101
 10
2566829.297
 20
3920754.37
 10
2566808.765
 20
3920754.645
 10
2566788.089
 20
3920754.922
 10
2566767.412
 20
3920755.056
 10
2566746.818
 20
3920750.768
 10
2566730.955
 20
3920737.717
 10
2566712.939
 20
3920723.553
 10
2566693.195
 20
3920718.826
 10
2566671.989
 20
3920711.409
 10
2566656.398
 20
3920697.356
 10
2566639.973
 20
3920684.883
 10
2566621.178
 20
3920676.435
 10
2566602.943
 20
3920667.266
 10
2566584.851
 20
3920658.095
 10
2566563.884
 20
3920657.948
 10
2566541.212
 20
3920658.251
 10
2566520.537
 20
3920658.528
 10
2566500.316
 20
3920660.795
 10
2566480.258
 20
3920664.629
 10
2566461.258
 20
3920672.869
 10
2566443.724
 20
3920684.085
 10
2566423.418
 20
3920690.632
 10
2566402.985
 20
3920687.768
 10
2566383.633
 20
3920680.326
 10
2566363.526
 20
3920680.452
 10
2566346.571
 20
3920692.373
 10
2566328.001
 20
3920700.751
 10
2566307.614
 20
3920701.309
 10
2566285.844
 20
3920705.023
 10
2566269.313
 20
3920716.653
 10
2566253.363
 20
3920728.989
 10
2566232.674
 20
3920728.267
 10
2566213.595
 20
3920719.966
 10
2566205.216
 20
3920701.252
 10
2566194.422
 20
3920683.285
 10
2566183.35
 20
3920665.891
 10
2566173.131
 20
3920648.201
 10
2566162.911
 20
3920630.511
 10
2566152.264
 20
3920612.826
 10
2566139.77
 20
3920595.737
 10
2566127.008
 20
3920579.935
 10
2566113.249
 20
3920564.146
 10
2566096.968
 20
3920551.814
 10
2566079.566
 20
3920540.923
 10
2566059.417
 20
3920537.912
 10
2566040.989
 20
3920546.288
 10
2566021.361
 20
3920550.258
 10
2566000.399
 20
3920550.396
 10
2565980.121
 20
3920548.385
 10
2565974.415
 20
3920547.976
 10
2565959.993
 20
3920546.943
 10
2565939.032
 20
3920547.224
 10
2565919.043
 20
3920545.495
 10
2565899.142
 20
3920539.771
 10
2565880.771
 20
3920531.032
 10
2565840.381
 20
3920498.297
 10
2565819.867
 20
3920500.592
 10
2565799.197
 20
3920498.754
 10
2565778.403
 20
3920499.948
 10
2565758.161
 20
3920501.553
 10
2565737.903
 20
3920499.438
 10
2565715.985
 20
3920495.54
 10
2565698.447
 20
3920485.562
 10
2565685.566
 20
3920469.64
 10
2565675.155
 20
3920451.504
 10
2565670.106
 20
3920431.002
 10
2565663.41
 20
3920411.747
 10
2565659.325
 20
3920391.241
 10
2565658.544
 20
3920370.445
 10
2565650.878
 20
3920350.092
 10
2565633.886
 20
3920338.872
 10
2565616.622
 20
3920328.479
 10
2565598.53
 20
3920317.677
 10
2565580.718
 20
3920307.976
 10
2565562.085
 20
3920299.518
 10
2565543.589
 20
3920290.784
 10
2565523.998
 20
3920283.845
 10
2565503.735
 20
3920280.628
 10
2565483.074
 20
3920280.72
 10
2565462.691
 20
3920281.498
 10
2565442.73
 20
3920284.203
 10
2565424.733
 20
3920295.165
 10
2565406.32
 20
3920305.301
 10
2565387.621
 20
3920312.96
 10
2565369.344
 20
3920322.958
 10
2565355.361
 20
3920338.034
 10
2565338.612
 20
3920350.78
 10
2565322.133
 20
3920362.148
 10
2565303.591
 20
3920374.351
 10
2565283.783
 20
3920380.5
 10
2565264.388
 20
3920386.646
 10
2565244.989
 20
3920391.966
 10
2565225.869
 20
3920398.111
 10
2565207.034
 20
3920406.321
 10
2565186.522
 20
3920409.029
 10
2565165.861
 20
3920409.12
 10
2565145.466
 20
3920407.281
 10
2565017.91
 20
3920309.065
 10
2564837.399
 20
3920293.443
 10
2564748.508
 20
3920419.425
 10
2564659.617
 20
3920463.89
 10
2564570.727
 20
3920582.461
 10
2564474.428
 20
3920671.39
 10
2564437.391
 20
3920723.265
 10
2564311.462
 20
3920827.015
 10
2564259.609
 20
3920856.658
 10
2564200.349
 20
3920871.48
 10
2564118.866
 20
3920878.891
 10
2563926.269
 20
3921004.873
 10
2563829.971
 20
3920990.051
 10
2563778.118
 20
3920990.051
 10
2563696.635
 20
3921027.105
 10
2563578.114
 20
3921056.748
 10
2563467.001
 20
3921101.212
 10
2563348.48
 20
3921175.32
 10
2563089.215
 20
3921123.445
 10
2562978.102
 20
3921101.212
 10
2562889.211
 20
3921101.212
 10
2562829.951
 20
3921012.284
 10
2562792.913
 20
3920982.641
 10
2562674.392
 20
3920982.641
 10
2562481.796
 20
3920982.641
 10
2562378.09
 20
3921012.284
 10
2562155.863
 20
3920990.051
 10
2562096.603
 20
3920960.409
 10
2562052.157
 20
3920997.462
 10
2562015.119
 20
3921049.337
 10
2561992.897
 20
3921130.855
 10
2561970.674
 20
3921256.838
 10
2561874.376
 20
3921323.534
 10
2561852.153
 20
3921375.409
 10
2561726.225
 20
3921382.82
 10
2561629.926
 20
3921382.82
 10
2561555.851
 20
3921523.624
 10
2561429.922
 20
3921642.196
 10
2561341.032
 20
3921671.839
 10
2561303.994
 20
3921738.535
 10
2561200.288
 20
3921790.41
 10
2561111.397
 20
3921834.875
 10
2561089.175
 20
3921857.107
 10
2560992.877
 20
3921938.625
 10
2560763.242
 20
3922183.179
 10
2560570.646
 20
3922338.804
 10
2560452.125
 20
3922427.733
 10
2560289.159
 20
3922501.84
 10
2560007.671
 20
3922627.823
 10
2559755.815
 20
3922709.341
 10
2559652.109
 20
3922753.805
 10
2559289.138
 20
3922842.734
 10
2559222.47
 20
3922864.966
 10
2559192.84
 20
3922931.662
 10
2558822.462
 20
3923028.002
 10
2558578.013
 20
3923146.574
 10
2558407.639
 20
3923176.217
 10
2558014.258
 20
3923346.663
 10
2557754.994
 20
3923487.467
 10
2557510.545
 20
3923598.628
 10
2557406.839
 20
3923613.45
 10
2557251.28
 20
3923561.574
 10
2557147.574
 20
3923576.396
 10
2557125.352
 20
3923620.86
 10
2557073.499
 20
3923680.146
 10
2557043.868
 20
3923732.021
 10
2556821.642
 20
3923769.075
 10
2556488.302
 20
3923858.004
 10
2555969.773
 20
3923976.575
 10
2555629.025
 20
3923998.807
 10
2555388.246
 20
3924058.166
 10
2555363.821
 20
3924071.324
 10
2555290.426
 20
3924124.725
 10
2555237.048
 20
3924178.126
 10
2555183.671
 20
3924204.826
 10
2555103.604
 20
3924264.902
 10
2555010.193
 20
3924331.652
 10
2554896.765
 20
3924311.627
 10
2554816.698
 20
3924324.977
 10
2554729.959
 20
3924338.328
 10
2554703.271
 20
3924304.952
 10
2554643.221
 20
3924284.927
 10
2554636.548
 20
3924298.277
 10
2554596.515
 20
3924358.353
 10
2554536.465
 20
3924371.703
 10
2554463.07
 20
3924378.378
 10
2554376.332
 20
3924365.028
 10
2554276.248
 20
3924358.353
 10
2554202.854
 20
3924351.678
 10
2554162.82
 20
3924331.652
 10
2554122.787
 20
3924291.602
 10
2554089.426
 20
3924264.902
 10
2554029.376
 20
3924271.577
 10
2553929.293
 20
3924304.952
 10
2553855.898
 20
3924331.652
 10
2553755.815
 20
3924371.703
 10
2553709.109
 20
3924418.428
 10
2553695.765
 20
3924371.703
 10
2553589.009
 20
3924365.028
 10
2553508.943
 20
3924371.703
 10
2553395.515
 20
3924385.053
 10
2553288.759
 20
3924498.529
 10
2553222.037
 20
3924511.88
 10
2553182.004
 20
3924498.529
 10
2553128.626
 20
3924498.529
 10
2553061.904
 20
3924491.854
 10
2552981.837
 20
3924491.854
 10
2552901.77
 20
3924491.854
 10
2552801.687
 20
3924505.204
 10
2552721.62
 20
3924558.605
 10
2552514.782
 20
3924632.031
 10
2552428.043
 20
3924618.681
 10
2552307.943
 20
3924612.006
 10
2552187.843
 20
3924632.031
 10
2552074.415
 20
3924645.381
 10
2552027.709
 20
3924645.381
 10
2551967.659
 20
3924645.381
 10
2551954.315
 20
3924678.757
 10
2551920.954
 20
3924718.807
 10
2551807.526
 20
3924745.507
 10
2551794.182
 20
3924778.883
 10
2551707.443
 20
3924798.908
 10
2551587.343
 20
3924838.958
 10
2551507.276
 20
3924852.309
 10
2551433.881
 20
3924899.034
 10
2551380.504
 20
3924932.41
 10
2551213.698
 20
3924992.485
 10
2551146.976
 20
3925025.861
 10
2551106.943
 20
3925072.586
 10
2551040.22
 20
3925146.012
 10
2551000.187
 20
3925186.063
 10
2550940.137
 20
3925266.163
 10
2550873.415
 20
3925326.239
 10
2550820.037
 20
3925366.29
 10
2550813.365
 20
3925459.74
 10
2550773.332
 20
3925513.14
 10
2550726.626
 20
3925586.566
 10
2550666.576
 20
3925673.342
 10
2550566.493
 20
3925793.493
 10
2550506.443
 20
3925873.594
 10
2550453.065
 20
3925940.345
 10
2550386.343
 20
3925993.746
 10
2550326.293
 20
3925980.396
 10
2550312.949
 20
3925947.02
 10
2550252.899
 20
3925980.396
 10
2550179.504
 20
3925993.746
 10
2550152.815
 20
3926033.796
 10
2550119.454
 20
3926093.872
 10
2549919.288
 20
3926314.15
 10
2549852.565
 20
3926367.55
 10
2549819.204
 20
3926434.301
 10
2549772.499
 20
3926501.052
 10
2549672.415
 20
3926574.478
 10
2549538.971
 20
3926647.904
 10
2549438.888
 20
3926714.654
 10
2549392.182
 20
3926781.405
 10
2549398.854
 20
3926834.806
 10
2549432.215
 20
3926841.481
 10
2549465.576
 20
3926874.856
 10
2549512.282
 20
3926868.181
 10
2549565.66
 20
3926841.481
 10
2549565.66
 20
3926870.257
 10
2549565.66
 20
3926874.785
 10
2549555.448
 20
3926887.157
 10
2549548.948
 20
3926906.954
 10
2549557.722
 20
3926935.627
 10
2549533.178
 20
3926936.232
 10
2549509.028
 20
3926936.574
 10
2549487.421
 20
3926936.879
 10
2549466.222
 20
3926936.12
 10
2549445.438
 20
3926934.718
 10
2549423.583
 20
3926932.485
 10
2549402.336
 20
3926928.336
 10
2549382.137
 20
3926923.324
 10
2549362.005
 20
3926915.092
 10
2549331.371
 20
3926877.631
 10
2549330.152
 20
3926876.855
 10
2549322.684
 20
3926871.439
 10
2549314.81
 20
3926864.044
 10
2549307.151
 20
3926855.471
 10
2549300.683
 20
3926847.819
 10
2549293.734
 20
3926839.47
 10
2549286.557
 20
3926831.594
 10
2549278.69
 20
3926824.67
 10
2549269.171
 20
3926817.302
 10
2549259.428
 20
3926810.642
 10
2549249.469
 20
3926805.161
 10
2549235.509
 20
3926799.275
 10
2549224.629
 20
3926794.984
 10
2549213.991
 20
3926791.159
 10
2549204.093
 20
3926789.438
 10
2549193.046
 20
3926789.38
 10
2549182.473
 20
3926789.549
 10
2549169.785
 20
3926789.753
 10
2549159.446
 20
3926789.919
 10
2549148.873
 20
3926790.088
 10
2549105.687
 20
3926793.718
 10
2549106.174
 20
3926838.717
 10
2549089.628
 20
3926876.821
 10
2549047.392
 20
3926902.998
 10
2549006.052
 20
3926941.147
 10
2548976.425
 20
3926969.59
 10
2548957.476
 20
3926996.028
 10
2548933.95
 20
3927002.43
 10
2548855.439
 20
3927044.427
 10
2548734.549
 20
3927106.175
 10
2548626.677
 20
3927145.402
 10
2548580.912
 20
3927179.441
 10
2548527.229
 20
3927223.209
 10
2548476.063
 20
3927243.886
 10
2548440.734
 20
3927279.159
 10
2548418.806
 20
3927294.971
 10
2548396.878
 20
3927299.836
 10
2548378.605
 20
3927315.648
 10
2548355.458
 20
3927333.892
 10
2548331.094
 20
3927350.921
 10
2548307.37
 20
3927357.55
 10
2548282.52
 20
3927359.61
 10
2548269.68
 20
3927360.83
 10
2548218.72
 20
3927338.22
 10
2548211.02
 20
3927334.71
 10
2548159.44
 20
3927316.46
 10
2548159.07
 20
3927313.1
 10
2548157.27
 20
3927312.43
 10
2548152.7
 20
3927312.45
 10
2548149.69
 20
3927308.76
 10
2548150.83
 20
3927303.07
 10
2548144.76
 20
3927298.05
 10
2548145.27
 20
3927292.15
 10
2548146.8
 20
3927286.88
 10
2548147.76
 20
3927280.04
 10
2548149.53
 20
3927273.39
 10
2548150.6
 20
3927268.81
 10
2548157.1
 20
3927250.38
 10
2548162.565
 20
3927234.345
 10
2548165.075
 20
3927226.88
 10
2548164.874
 20
3927221.917
 10
2548162.205
 20
3927218.089
 10
2548156.72
 20
3927213.51
 10
2548152.425
 20
3927211.005
 10
2548139.49
 20
3927207.3
 10
2548137.96
 20
3927207.03
 10
2548123.366
 20
3927204.155
 10
2548110.81
 20
3927195.77
 10
2548104.93
 20
3927190.95
 10
2548090.13
 20
3927180.12
 10
2548072.74
 20
3927171.07
 10
2548055.82
 20
3927167.31
 10
2548037.73
 20
3927163.98
 10
2547959.689
 20
3927166.758
 10
2547903.463
 20
3927155.975
 10
2547847.238
 20
3927140.399
 10
2547821.44
 20
3927147.37
 10
2547818.0
 20
3927165.8
 10
2547817.78
 20
3927185.58
 10
2547793.06
 20
3927202.28
 10
2547784.48
 20
3927207.2
 10
2547769.737
 20
3927228.162
 10
2547743.976
 20
3927227.61
 10
2547718.535
 20
3927218.905
 10
2547687.56
 20
3927215.29
 10
2547654.716
 20
3927221.638
 10
2547655.239
 20
3927206.667
 10
2547655.01
 20
3927205.525
 10
2547652.82
 20
3927201.08
 10
2547646.36
 20
3927195.79
 10
2547640.6
 20
3927193.785
 10
2547635.25
 20
3927187.77
 10
2547633.93
 20
3927187.14
 10
2547624.45
 20
3927186.0
 10
2547617.23
 20
3927186.41
 10
2547611.095
 20
3927186.91
 10
2547599.94
 20
3927187.46
 10
2547595.2
 20
3927187.08
 10
2547590.22
 20
3927186.28
 10
2547583.38
 20
3927185.71
 10
2547576.31
 20
3927187.29
 10
2547571.75
 20
3927190.74
 10
2547561.69
 20
3927208.05
 10
2547558.36
 20
3927218.09
 10
2547553.78
 20
3927226.47
 10
2547548.16
 20
3927236.27
 10
2547540.485
 20
3927248.145
 10
2547537.8
 20
3927250.45
 10
2547528.04
 20
3927256.39
 10
2547519.13
 20
3927261.07
 10
2547508.05
 20
3927265.84
 10
2547501.085
 20
3927268.635
 10
2547490.93
 20
3927272.07
 10
2547481.36
 20
3927273.56
 10
2547473.435
 20
3927274.67
 10
2547463.085
 20
3927275.76
 10
2547458.28
 20
3927276.35
 10
2547454.07
 20
3927276.17
 10
2547448.13
 20
3927276.22
 10
2547445.79
 20
3927276.29
 10
2547439.17
 20
3927275.135
 10
2547436.08
 20
3927273.5
 10
2547435.04
 20
3927271.265
 10
2547432.685
 20
3927267.175
 10
2547430.63
 20
3927264.74
 10
2547427.57
 20
3927261.125
 10
2547422.03
 20
3927258.46
 10
2547417.51
 20
3927257.5
 10
2547410.59
 20
3927258.19
 10
2547407.765
 20
3927259.225
 10
2547404.88
 20
3927261.19
 10
2547400.865
 20
3927265.24
 10
2547395.85
 20
3927268.235
 10
2547389.36
 20
3927268.55
 10
2547387.385
 20
3927269.075
 10
2547383.61
 20
3927269.9
 10
2547377.26
 20
3927270.4
 10
2547372.535
 20
3927270.675
 10
2547365.87
 20
3927271.11
 10
2547327.26
 20
3927272.52
 10
2547289.03
 20
3927268.03
 10
2547262.719
 20
3927258.064
 10
2547236.42
 20
3927226.99
 10
2547221.07
 20
3927199.72
 10
2547216.635
 20
3927186.145
 10
2547204.37
 20
3927170.51
 10
2547189.195
 20
3927149.8
 10
2547188.72
 20
3927148.82
 10
2547188.05
 20
3927146.14
 10
2547193.256
 20
3927136.588
 10
2547188.73
 20
3927135.96
 10
2547183.79
 20
3927135.17
 10
2547181.17
 20
3927132.1
 10
2547176.964
 20
3927127.662
 10
2547177.351
 20
3927125.722
 10
2547176.576
 20
3927123.393
 10
2547173.86
 20
3927120.677
 10
2547169.981
 20
3927112.527
 10
2547164.55
 20
3927102.825
 10
2547160.283
 20
3927095.063
 10
2547156.792
 20
3927088.078
 10
2547156.016
 20
3927083.033
 10
2547157.18
 20
3927080.704
 10
2547160.283
 20
3927079.152
 10
2547159.507
 20
3927076.823
 10
2547157.568
 20
3927074.495
 10
2547155.24
 20
3927074.883
 10
2547153.689
 20
3927076.047
 10
2547151.749
 20
3927076.047
 10
2547150.197
 20
3927073.718
 10
2547152.913
 20
3927071.778
 10
2547155.628
 20
3927069.838
 10
2547155.24
 20
3927068.285
 10
2547150.973
 20
3927067.509
 10
2547147.87
 20
3927067.509
 10
2547144.767
 20
3927065.957
 10
2547146.706
 20
3927060.912
 10
2547150.197
 20
3927057.807
 10
2547148.646
 20
3927055.09
 10
2547144.767
 20
3927053.538
 10
2547143.215
 20
3927050.433
 10
2547143.603
 20
3927048.493
 10
2547140.112
 20
3927046.164
 10
2547136.232
 20
3927046.164
 10
2547132.353
 20
3927042.672
 10
2547128.862
 20
3927039.567
 10
2547128.086
 20
3927036.85
 10
2547131.189
 20
3927035.686
 10
2547128.862
 20
3927032.97
 10
2547123.043
 20
3927032.193
 10
2547116.449
 20
3927030.253
 10
2547110.63
 20
3927028.701
 10
2547107.914
 20
3927027.536
 10
2547105.587
 20
3927027.536
 10
2547098.992
 20
3927024.432
 10
2547098.217
 20
3927020.939
 10
2547099.38
 20
3927016.282
 10
2547094.725
 20
3927014.341
 10
2547089.682
 20
3927014.729
 10
2547087.355
 20
3927015.506
 10
2547085.415
 20
3927016.282
 10
2547083.088
 20
3927014.341
 10
2547083.088
 20
3927012.789
 10
2547079.984
 20
3927012.401
 10
2547076.493
 20
3927012.401
 10
2547075.329
 20
3927013.565
 10
2547072.614
 20
3927013.565
 10
2547068.347
 20
3927011.625
 10
2547061.364
 20
3927008.52
 10
2547053.994
 20
3927008.52
 10
2547047.787
 20
3927005.804
 10
2547047.012
 20
3927003.863
 10
2547043.908
 20
3927001.923
 10
2547043.52
 20
3927003.475
 10
2547039.253
 20
3927001.535
 10
2547037.314
 20
3927000.758
 10
2547040.029
 20
3926999.206
 10
2547041.581
 20
3926998.042
 10
2547041.193
 20
3926996.101
 10
2547037.702
 20
3926995.325
 10
2547032.659
 20
3926997.266
 10
2547032.271
 20
3926999.594
 10
2547028.004
 20
3927000.758
 10
2547024.125
 20
3926998.43
 10
2547018.694
 20
3926997.266
 10
2547013.651
 20
3926996.489
 10
2547008.608
 20
3926995.325
 10
2547003.565
 20
3926994.937
 10
2546999.686
 20
3926995.325
 10
2546996.195
 20
3926997.266
 10
2546995.419
 20
3927000.37
 10
2546991.927
 20
3927005.027
 10
2546990.376
 20
3927005.804
 10
2546983.393
 20
3927007.356
 10
2546974.471
 20
3927008.52
 10
2546969.428
 20
3927008.908
 10
2546958.567
 20
3927011.237
 10
2546952.748
 20
3927011.237
 10
2546949.645
 20
3927011.625
 10
2546941.11
 20
3927011.237
 10
2546936.067
 20
3927009.296
 10
2546934.516
 20
3927011.625
 10
2546930.249
 20
3927012.401
 10
2546926.757
 20
3927009.296
 10
2546929.473
 20
3927004.251
 10
2546927.145
 20
3927001.923
 10
2546924.042
 20
3926999.982
 10
2546919.775
 20
3926997.266
 10
2546912.405
 20
3926994.161
 10
2546901.6
 20
3926989.38
 10
2546892.215
 20
3926987.47
 10
2546883.635
 20
3926987.34
 10
2546873.04
 20
3926989.38
 10
2546864.12
 20
3926991.85
 10
2546855.595
 20
3926993.34
 10
2546846.53
 20
3926995.41
 10
2546838.495
 20
3926998.045
 10
2546833.85
 20
3926999.835
 10
2546824.05
 20
3927000.9
 10
2546812.7
 20
3927001.81
 10
2546800.64
 20
3927003.315
 10
2546788.835
 20
3927004.79
 10
2546777.41
 20
3927007.73
 10
2546772.92
 20
3927010.15
 10
2546764.99
 20
3927016.22
 10
2546756.17
 20
3927021.63
 10
2546754.52
 20
3927023.98
 10
2546753.78
 20
3927027.86
 10
2546759.11
 20
3927030.32
 10
2546756.64
 20
3927033.33
 10
2546752.26
 20
3927033.46
 10
2546747.715
 20
3927031.8
 10
2546743.32
 20
3927032.64
 10
2546738.84
 20
3927030.185
 10
2546735.64
 20
3927026.27
 10
2546730.22
 20
3927023.3
 10
2546724.68
 20
3927017.83
 10
2546722.31
 20
3927013.85
 10
2546715.642
 20
3927009.375
 10
2546707.86
 20
3927007.17
 10
2546692.74
 20
3927006.18
 10
2546686.18
 20
3927005.92
 10
2546676.95
 20
3927002.08
 10
2546673.17
 20
3926999.83
 10
2546670.91
 20
3926994.75
 10
2546668.794
 20
3926994.16
 10
2546666.855
 20
3926996.1
 10
2546666.467
 20
3926999.205
 10
2546662.976
 20
3926999.593
 10
2546660.26
 20
3926996.1
 10
2546658.321
 20
3926994.548
 10
2546656.381
 20
3926992.996
 10
2546654.441
 20
3926992.996
 10
2546652.114
 20
3926993.772
 10
2546645.132
 20
3926991.056
 10
2546630.779
 20
3926983.294
 10
2546619.918
 20
3926977.473
 10
2546613.711
 20
3926974.368
 10
2546605.953
 20
3926970.488
 10
2546603.237
 20
3926966.995
 10
2546598.194
 20
3926965.054
 10
2546594.703
 20
3926965.054
 10
2546593.151
 20
3926965.054
 10
2546586.56
 20
3926967.985
 10
2546581.93
 20
3926972.23
 10
2546579.865
 20
3926972.4
 10
2546575.74
 20
3926969.7
 10
2546569.26
 20
3926963.2
 10
2546560.6
 20
3926956.96
 10
2546549.14
 20
3926948.86
 10
2546541.42
 20
3926941.47
 10
2546534.29
 20
3926935.59
 10
2546523.64
 20
3926928.65
 10
2546514.81
 20
3926920.76
 10
2546510.43
 20
3926914.79
 10
2546500.72
 20
3926904.535
 10
2546491.535
 20
3926894.975
 10
2546486.425
 20
3926888.215
 10
2546482.585
 20
3926880.39
 10
2546479.88
 20
3926874.242
 10
2546486.22
 20
3926866.66
 10
2546493.31
 20
3926858.85
 10
2546499.47
 20
3926853.54
 10
2546505.09
 20
3926846.39
 10
2546507.75
 20
3926836.55
 10
2546507.085
 20
3926830.45
 10
2546502.7
 20
3926822.24
 10
2546494.79
 20
3926815.15
 10
2546483.46
 20
3926810.29
 10
2546471.015
 20
3926802.68
 10
2546448.46
 20
3926787.699
 10
2546434.64
 20
3926757.5
 10
2546421.74
 20
3926748.51
 10
2546421.06
 20
3926748.235
 10
2546411.5
 20
3926742.63
 10
2546400.125
 20
3926732.32
 10
2546389.88
 20
3926724.075
 10
2546374.3
 20
3926713.26
 10
2546370.56
 20
3926710.13
 10
2546367.76
 20
3926708.21
 10
2546362.84
 20
3926705.66
 10
2546333.75
 20
3926697.06
 10
2546331.609
 20
3926696.267
 10
2546327.24
 20
3926696.56
 10
2546324.76
 20
3926696.5
 10
2546320.58
 20
3926694.64
 10
2546316.43
 20
3926691.65
 10
2546309.895
 20
3926688.79
 10
2546306.785
 20
3926688.655
 10
2546301.51
 20
3926688.53
 10
2546297.955
 20
3926688.07
 10
2546295.49
 20
3926687.29
 10
2546288.31
 20
3926684.86
 10
2546277.42
 20
3926682.8
 10
2546274.705
 20
3926681.025
 10
2546266.03
 20
3926671.71
 10
2546256.64
 20
3926660.89
 10
2546244.21
 20
3926648.94
 10
2546230.68
 20
3926639.17
 10
2546225.79
 20
3926635.32
 10
2546214.97
 20
3926628.73
 10
2546196.05
 20
3926619.71
 10
2546177.935
 20
3926610.535
 10
2546170.33
 20
3926605.37
 10
2546159.86
 20
3926598.23
 10
2546150.165
 20
3926590.04
 10
2546141.55
 20
3926581.16
 10
2546139.79
 20
3926578.28
 10
2546130.01
 20
3926570.41
 10
2546127.58
 20
3926564.78
 10
2546124.34
 20
3926559.17
 10
2546119.74
 20
3926552.57
 10
2546113.75
 20
3926544.42
 10
2546111.885
 20
3926540.17
 10
2546110.195
 20
3926534.22
 10
2546107.3
 20
3926527.55
 10
2546106.12
 20
3926521.89
 10
2546103.56
 20
3926515.24
 10
2546100.56
 20
3926511.02
 10
2546097.72
 20
3926505.33
 10
2546094.74
 20
3926499.05
 10
2546091.71
 20
3926493.33
 10
2546090.55
 20
3926486.34
 10
2546091.185
 20
3926483.58
 10
2546095.38
 20
3926478.87
 10
2546093.26
 20
3926471.4
 10
2546084.63
 20
3926459.46
 10
2546081.95
 20
3926457.91
 10
2546080.44
 20
3926457.44
 10
2546077.78
 20
3926457.07
 10
2546073.17
 20
3926457.43
 10
2546068.635
 20
3926453.225
 10
2546060.583
 20
3926445.793
 10
2546045.059
 20
3926440.616
 10
2546031.928
 20
3926428.574
 10
2546017.702
 20
3926409.963
 10
2546011.136
 20
3926400.11
 10
2545998.005
 20
3926390.258
 10
2545985.968
 20
3926389.163
 10
2545979.402
 20
3926379.31
 10
2545966.271
 20
3926377.121
 10
2545950.951
 20
3926363.984
 10
2545935.631
 20
3926354.131
 10
2545924.689
 20
3926344.278
 10
2545918.123
 20
3926335.52
 10
2545913.746
 20
3926321.288
 10
2545899.01
 20
3926307.78
 10
2545893.69
 20
3926303.27
 10
2545833.6
 20
3926290.23
 10
2545829.28
 20
3926287.47
 10
2545824.54
 20
3926285.03
 10
2545817.435
 20
3926279.775
 10
2545801.525
 20
3926272.175
 10
2545796.055
 20
3926270.38
 10
2545792.03
 20
3926268.74
 10
2545779.63
 20
3926264.85
 10
2545763.08
 20
3926260.85
 10
2545754.89
 20
3926255.87
 10
2545752.05
 20
3926254.71
 10
2545741.595
 20
3926252.56
 10
2545721.535
 20
3926249.327
 10
2545705.91
 20
3926247.814
 10
2545692.049
 20
3926243.528
 10
2545670.88
 20
3926237.729
 10
2545655.44
 20
3926232.06
 10
2545645.43
 20
3926229.84
 10
2545634.21
 20
3926227.21
 10
2545611.73
 20
3926221.16
 10
2545604.54
 20
3926220.2
 10
2545591.25
 20
3926217.69
 10
2545540.66
 20
3926205.52
 10
2545520.91
 20
3926200.36
 10
2545486.72
 20
3926191.74
 10
2545465.485
 20
3926186.296
 10
2545439.19
 20
3926178.88
 10
2545418.6
 20
3926172.84
 10
2545405.505
 20
3926166.125
 10
2545405.52
 20
3926156.87
 10
2545405.96
 20
3926148.53
 10
2545406.25
 20
3926139.56
 10
2545405.78
 20
3926129.27
 10
2545408.9
 20
3926121.51
 10
2545343.51
 20
3926075.95
 10
2545338.93
 20
3926083.28
 10
2545371.36
 20
3926104.35
 10
2545359.46
 20
3926135.17
 10
2545351.22
 20
3926134.48
 10
2545346.33
 20
3926134.92
 10
2545335.05
 20
3926137.59
 10
2545327.775
 20
3926138.205
 10
2545318.89
 20
3926137.43
 10
2545308.515
 20
3926136.425
 10
2545300.29
 20
3926134.6
 10
2545291.135
 20
3926130.58
 10
2545281.39
 20
3926126.63
 10
2545273.5
 20
3926127.17
 10
2545265.43
 20
3926124.53
 10
2545244.08
 20
3926116.495
 10
2545231.551
 20
3926110.883
 10
2545221.14
 20
3926109.13
 10
2545217.0
 20
3926109.03
 10
2545197.17
 20
3926110.27
 10
2545188.51
 20
3926110.65
 10
2545178.69
 20
3926109.59
 10
2545176.13
 20
3926108.71
 10
2545168.08
 20
3926102.67
 10
2545161.425
 20
3926097.085
 10
2545153.6
 20
3926091.29
 10
2545142.935
 20
3926083.365
 10
2545127.905
 20
3926072.05
 10
2545119.26
 20
3926068.71
 10
2545106.0
 20
3926064.77
 10
2545100.19
 20
3926062.74
 10
2545083.01
 20
3926060.64
 10
2545061.93
 20
3926056.67
 10
2545045.85
 20
3926052.53
 10
2545031.17
 20
3926048.63
 10
2545023.9
 20
3926044.95
 10
2545010.6
 20
3926037.7
 10
2545004.21
 20
3926033.6
 10
2544986.99
 20
3926029.06
 10
2544979.99
 20
3926029.185
 10
2544970.85
 20
3926028.55
 10
2544965.32
 20
3926028.04
 10
2544957.46
 20
3926025.38
 10
2544951.03
 20
3926025.6
 10
2544941.88
 20
3926024.59
 10
2544919.21
 20
3926016.21
 10
2544892.7
 20
3926008.88
 10
2544873.43
 20
3926004.515
 10
2544866.71
 20
3926003.34
 10
2544864.73
 20
3926001.91
 10
2544857.78
 20
3925996.72
 10
2544848.645
 20
3925988.405
 10
2544846.335
 20
3925984.525
 10
2544841.77
 20
3925976.65
 10
2544838.075
 20
3925972.095
 10
2544833.84
 20
3925967.135
 10
2544831.04
 20
3925963.95
 10
2544830.66
 20
3925961.77
 10
2544830.99
 20
3925959.865
 10
2544831.75
 20
3925956.735
 10
2544832.1
 20
3925951.395
 10
2544831.15
 20
3925945.36
 10
2544827.82
 20
3925939.18
 10
2544823.21
 20
3925934.38
 10
2544804.283
 20
3925914.79
 10
2544886.326
 20
3925722.249
 10
2545302.989
 20
3925566.127
 10
2545288.097
 20
3925532.646
 10
2544684.949
 20
3925765.153
 10
2544657.13
 20
3925845.98
 10
2544624.98
 20
3925853.41
 10
2544613.22
 20
3925863.14
 10
2544549.775
 20
3925810.558
 10
2544494.19
 20
3925789.12
 10
2544454.929
 20
3925782.013
 10
2544425.243
 20
3925763.451
 10
2544414.11
 20
3925748.602
 10
2544402.978
 20
3925741.177
 10
2544384.424
 20
3925741.177
 10
2544370.817
 20
3925731.277
 10
2544357.211
 20
3925727.564
 10
2544348.553
 20
3925733.752
 10
2544329.998
 20
3925741.177
 10
2544306.497
 20
3925733.752
 10
2544292.89
 20
3925726.327
 10
2544285.469
 20
3925726.327
 10
2544273.099
 20
3925728.802
 10
2544269.389
 20
3925742.414
 10
2544259.493
 20
3925752.314
 10
2544247.124
 20
3925749.839
 10
2544235.991
 20
3925738.702
 10
2544229.807
 20
3925721.377
 10
2544222.385
 20
3925713.952
 10
2544181.566
 20
3925711.477
 10
2544170.434
 20
3925702.815
 10
2544156.827
 20
3925695.39
 10
2544143.221
 20
3925681.778
 10
2544126.746
 20
3925655.878
 10
2544108.425
 20
3925650.34
 10
2544099.225
 20
3925647.615
 10
2544090.69
 20
3925645.03
 10
2544081.35
 20
3925640.63
 10
2544073.91
 20
3925639.22
 10
2544064.67
 20
3925637.12
 10
2544057.69
 20
3925636.38
 10
2544049.71
 20
3925636.57
 10
2544038.4
 20
3925637.52
 10
2544035.21
 20
3925637.03
 10
2544033.14
 20
3925634.99
 10
2544031.85
 20
3925632.26
 10
2544029.11
 20
3925628.4
 10
2544026.42
 20
3925626.85
 10
2544023.14
 20
3925626.51
 10
2544018.95
 20
3925627.21
 10
2544012.92
 20
3925627.97
 10
2544009.085
 20
3925627.185
 10
2544006.99
 20
3925625.01
 10
2544004.85
 20
3925622.0
 10
2544003.37
 20
3925617.34
 10
2544000.83
 20
3925611.77
 10
2543998.835
 20
3925605.985
 10
2543997.91
 20
3925600.33
 10
2543997.475
 20
3925594.095
 10
2543995.82
 20
3925591.94
 10
2543994.51
 20
3925589.07
 10
2543993.8
 20
3925583.37
 10
2543993.14
 20
3925573.64
 10
2543992.575
 20
3925565.965
 10
2543992.54
 20
3925563.58
 10
2543993.15
 20
3925558.58
 10
2543993.538
 20
3925556.119
 10
2543996.86
 20
3925544.485
 10
2543998.94
 20
3925537.8
 10
2544007.0
 20
3925518.3
 10
2544011.24
 20
3925511.08
 10
2544013.69
 20
3925505.79
 10
2544016.85
 20
3925498.76
 10
2544021.86
 20
3925490.42
 10
2544027.02
 20
3925480.99
 10
2544029.88
 20
3925476.19
 10
2544040.33
 20
3925462.64
 10
2544048.33
 20
3925452.8
 10
2544051.39
 20
3925448.52
 10
2544052.99
 20
3925444.5
 10
2544054.07
 20
3925441.15
 10
2544054.14
 20
3925440.26
 10
2544053.53
 20
3925438.34
 10
2544051.745
 20
3925436.115
 10
2544048.695
 20
3925433.01
 10
2544042.12
 20
3925428.57
 10
2544039.92
 20
3925428.044
 10
2544044.33
 20
3925422.859
 10
2544044.62
 20
3925423.289
 10
2544046.87
 20
3925426.15
 10
2544048.91
 20
3925428.16
 10
2544049.58
 20
3925429.28
 10
2544051.72
 20
3925431.3
 10
2544057.0
 20
3925433.39
 10
2544059.7
 20
3925433.25
 10
2544061.69
 20
3925432.39
 10
2544062.84
 20
3925431.04
 10
2544066.32
 20
3925424.67
 10
2544072.03
 20
3925418.06
 10
2544072.88
 20
3925416.9
 10
2544078.9
 20
3925411.16
 10
2544080.82
 20
3925409.43
 10
2544087.09
 20
3925401.85
 10
2544087.8
 20
3925400.61
 10
2544091.68
 20
3925392.1
 10
2544092.56
 20
3925390.94
 10
2544098.89
 20
3925383.43
 10
2544099.77
 20
3925382.64
 10
2544106.63
 20
3925375.55
 10
2544107.09
 20
3925374.19
 10
2544115.75
 20
3925369.45
 10
2544117.83
 20
3925368.05
 10
2544124.25
 20
3925363.33
 10
2544126.19
 20
3925362.24
 10
2544133.44
 20
3925357.65
 10
2544134.6
 20
3925356.78
 10
2544139.87
 20
3925352.76
 10
2544142.75
 20
3925350.52
 10
2544150.49
 20
3925345.48
 10
2544153.48
 20
3925344.2
 10
2544161.61
 20
3925339.02
 10
2544163.32
 20
3925338.27
 10
2544171.35
 20
3925334.93
 10
2544173.68
 20
3925334.07
 10
2544182.77
 20
3925330.77
 10
2544184.9
 20
3925329.94
 10
2544193.84
 20
3925326.06
 10
2544195.34
 20
3925325.56
 10
2544204.24
 20
3925321.8
 10
2544206.32
 20
3925320.49
 10
2544214.34
 20
3925316.59
 10
2544216.01
 20
3925315.87
 10
2544223.41
 20
3925311.02
 10
2544228.151
 20
3925307.134
 10
2544268.46
 20
3925284.9
 10
2544283.06
 20
3925280.5
 10
2544297.58
 20
3925273.93
 10
2544307.13
 20
3925268.75
 10
2544322.8
 20
3925260.01
 10
2544328.37
 20
3925258.145
 10
2544338.73
 20
3925259.59
 10
2544346.83
 20
3925253.13
 10
2544350.81
 20
3925250.95
 10
2544356.98
 20
3925248.92
 10
2544361.85
 20
3925248.77
 10
2544369.75
 20
3925249.07
 10
2544380.255
 20
3925246.815
 10
2544394.14
 20
3925241.13
 10
2544405.255
 20
3925236.395
 10
2544415.24
 20
3925230.52
 10
2544432.94
 20
3925219.43
 10
2544447.035
 20
3925213.39
 10
2544458.73
 20
3925208.6
 10
2544467.07
 20
3925207.05
 10
2544470.13
 20
3925205.52
 10
2544517.13
 20
3925178.79
 10
2544523.934
 20
3925186.406
 10
2544527.817
 20
3925167.955
 10
2544736.977
 20
3925124.742
 10
2544845.682
 20
3925124.742
 10
2544884.505
 20
3925124.742
 10
2544923.328
 20
3925109.205
 10
2544962.152
 20
3925078.129
 10
2545047.563
 20
3925070.361
 10
2545078.621
 20
3925062.592
 10
2545109.68
 20
3925047.054
 10
2545117.445
 20
3924977.135
 10
2545109.68
 20
3924946.059
 10
2545070.857
 20
3924899.447
 10
2545055.327
 20
3924883.909
 10
2545024.269
 20
3924883.909
 10
2545000.975
 20
3924876.14
 10
2544962.152
 20
3924829.527
 10
2544954.387
 20
3924782.914
 10
2544938.858
 20
3924712.995
 10
2544900.035
 20
3924627.538
 10
2544892.27
 20
3924612.0
 10
2544884.505
 20
3924511.006
 10
2544876.741
 20
3924464.393
 10
2544868.976
 20
3924417.78
 10
2544853.447
 20
3924363.398
 10
2544837.917
 20
3924301.248
 10
2544830.153
 20
3924254.635
 10
2544814.623
 20
3924169.178
 10
2544814.623
 20
3924122.565
 10
2544799.094
 20
3924021.57
 10
2544799.094
 20
3923974.957
 10
2544799.094
 20
3923920.575
 10
2544830.153
 20
3923842.887
 10
2544837.917
 20
3923835.118
 10
2544822.388
 20
3923780.737
 10
2544845.682
 20
3923625.36
 10
2544876.741
 20
3923602.054
 10
2544907.799
 20
3923563.21
 10
2544923.328
 20
3923524.366
 10
2544962.152
 20
3923477.753
 10
2544969.916
 20
3923446.678
 10
2544969.916
 20
3923384.527
 10
2544946.622
 20
3923368.989
 10
2544931.093
 20
3923337.914
 10
2544938.858
 20
3923306.839
 10
2544923.328
 20
3923291.301
 10
2544884.505
 20
3923283.532
 10
2544861.211
 20
3923283.532
 10
2544884.505
 20
3923337.914
 10
2544884.505
 20
3923368.989
 10
2544837.917
 20
3923392.296
 10
2544768.036
 20
3923345.683
 10
2544712.681
 20
3923299.678
 10
2544708.211
 20
3923272.843
 10
2544699.271
 20
3923246.007
 10
2544694.8
 20
3923219.172
 10
2544699.271
 20
3923178.918
 10
2544730.562
 20
3923174.446
 10
2544761.853
 20
3923174.446
 10
2544761.853
 20
3923178.918
 10
2544761.853
 20
3923210.226
 10
2544779.734
 20
3923219.172
 10
2544806.555
 20
3923210.226
 10
2544824.436
 20
3923201.281
 10
2544824.436
 20
3923169.973
 10
2544833.377
 20
3923125.247
 10
2544864.668
 20
3923062.63
 10
2544909.37
 20
3923022.377
 10
2544949.602
 20
3922995.541
 10
2544980.893
 20
3922950.815
 10
2545030.066
 20
3922919.507
 10
2545074.768
 20
3922888.199
 10
2545110.529
 20
3922879.253
 10
2545132.88
 20
3922879.253
 10
2545146.291
 20
3922883.726
 10
2545146.291
 20
3922915.034
 10
2545146.291
 20
3922928.452
 10
2545186.523
 20
3922937.397
 10
2545208.874
 20
3922937.397
 10
2545249.106
 20
3922937.397
 10
2545289.337
 20
3922937.397
 10
2545325.099
 20
3922937.397
 10
2545383.212
 20
3922964.233
 10
2545418.973
 20
3922973.178
 10
2545450.265
 20
3922977.651
 10
2545486.026
 20
3922986.596
 10
2545503.907
 20
3923000.014
 10
2545508.377
 20
3923013.432
 10
2545539.669
 20
3923013.432
 10
2545597.782
 20
3923026.849
 10
2545633.543
 20
3923031.322
 10
2545673.775
 20
3923053.685
 10
2545740.828
 20
3923071.576
 10
2545821.292
 20
3923093.939
 10
2545879.404
 20
3923093.939
 10
2545919.636
 20
3923084.993
 10
2545973.279
 20
3923080.521
 10
2546031.391
 20
3923067.103
 10
2546093.974
 20
3923053.685
 10
2546143.146
 20
3923031.322
 10
2546187.848
 20
3923004.486
 10
2546223.61
 20
3922968.706
 10
2546245.961
 20
3922941.87
 10
2546263.842
 20
3922915.034
 10
2546295.133
 20
3922879.253
 10
2546335.365
 20
3922879.253
 10
2546384.537
 20
3922870.308
 10
2546415.829
 20
3922865.836
 10
2546456.061
 20
3922865.836
 10
2546500.763
 20
3922856.89
 10
2546549.935
 20
3922847.945
 10
2546625.928
 20
3922839.0
 10
2546684.041
 20
3922821.11
 10
2546813.677
 20
3922821.11
 10
2546885.2
 20
3922821.11
 10
2546938.843
 20
3922821.11
 10
2546970.134
 20
3922821.11
 10
2546988.015
 20
3922821.11
 10
2547023.777
 20
3922825.582
 10
2547086.359
 20
3922825.582
 10
2547140.002
 20
3922830.055
 10
2547193.644
 20
3922816.637
 10
2547215.995
 20
3922789.801
 10
2547247.287
 20
3922767.438
 10
2547283.048
 20
3922736.13
 10
2547265.168
 20
3922691.404
 10
2547256.227
 20
3922655.623
 10
2547251.757
 20
3922570.644
 10
2547251.757
 20
3922534.863
 10
2547251.757
 20
3922503.555
 10
2547256.227
 20
3922476.719
 10
2547269.638
 20
3922454.356
 10
2547283.048
 20
3922431.993
 10
2547323.28
 20
3922427.52
 10
2547372.452
 20
3922427.52
 10
2547408.214
 20
3922427.52
 10
2547439.505
 20
3922418.575
 10
2547506.559
 20
3922382.794
 10
2547564.222
 20
3922391.739
 10
2547595.514
 20
3922373.849
 10
2547613.394
 20
3922378.322
 10
2547613.394
 20
3922360.431
 10
2547604.454
 20
3922333.595
 10
2547577.633
 20
3922315.705
 10
2547568.692
 20
3922302.287
 10
2547577.633
 20
3922293.342
 10
2547568.692
 20
3922270.979
 10
2547550.812
 20
3922257.561
 10
2547528.461
 20
3922257.561
 10
2547506.11
 20
3922244.143
 10
2547488.229
 20
3922230.726
 10
2547474.818
 20
3922230.726
 10
2547461.407
 20
3922239.671
 10
2547434.586
 20
3922230.726
 10
2547407.765
 20
3922230.726
 10
2547385.414
 20
3922226.253
 10
2547354.123
 20
3922208.363
 10
2547336.242
 20
3922190.472
 10
2547331.772
 20
3922172.582
 10
2547296.01
 20
3922163.636
 10
2547273.659
 20
3922163.636
 10
2547260.248
 20
3922168.109
 10
2547228.957
 20
3922172.582
 10
2547193.195
 20
3922168.109
 10
2547170.844
 20
3922159.164
 10
2547170.844
 20
3922177.054
 10
2547188.725
 20
3922212.835
 10
2547188.725
 20
3922239.671
 10
2547188.725
 20
3922275.452
 10
2547184.255
 20
3922306.76
 10
2547175.314
 20
3922342.541
 10
2547184.255
 20
3922369.376
 10
2547202.136
 20
3922387.267
 10
2547206.606
 20
3922400.685
 10
2547211.076
 20
3922427.52
 10
2547197.665
 20
3922436.465
 10
2547157.434
 20
3922445.411
 10
2547139.553
 20
3922445.411
 10
2547108.261
 20
3922449.883
 10
2547081.44
 20
3922445.411
 10
2547076.97
 20
3922418.575
 10
2547050.149
 20
3922400.685
 10
2546996.506
 20
3922382.794
 10
2546974.155
 20
3922360.431
 10
2546947.334
 20
3922333.595
 10
2546920.513
 20
3922311.232
 10
2546893.692
 20
3922279.924
 10
2546866.87
 20
3922248.616
 10
2546844.519
 20
3922226.253
 10
2546831.109
 20
3922194.945
 10
2546804.288
 20
3922163.636
 10
2546786.407
 20
3922136.801
 10
2546786.407
 20
3922127.856
 10
2546786.407
 20
3922109.965
 10
2546795.347
 20
3922092.075
 10
2546795.347
 20
3922083.13
 10
2546786.407
 20
3922033.931
 10
2546777.466
 20
3922002.623
 10
2546755.115
 20
3921966.842
 10
2546732.764
 20
3921962.369
 10
2546723.824
 20
3921957.897
 10
2546719.354
 20
3921926.588
 10
2546710.413
 20
3921904.225
 10
2546701.473
 20
3921890.807
 10
2546679.122
 20
3921881.862
 10
2546665.711
 20
3921872.917
 10
2546638.89
 20
3921837.136
 10
2546603.128
 20
3921810.301
 10
2546571.837
 20
3921810.301
 10
2546536.075
 20
3921796.883
 10
2546504.784
 20
3921778.992
 10
2546469.022
 20
3921765.574
 10
2546451.141
 20
3921752.157
 10
2546415.38
 20
3921752.157
 10
2546379.618
 20
3921770.047
 10
2546312.565
 20
3921796.883
 10
2546263.393
 20
3921832.664
 10
2546200.81
 20
3921872.917
 10
2546165.048
 20
3921895.28
 10
2546106.936
 20
3921904.225
 10
2546039.883
 20
3921895.28
 10
2546004.121
 20
3921881.862
 10
2545968.359
 20
3921859.499
 10
2545923.657
 20
3921828.191
 10
2545887.896
 20
3921828.191
 10
2545870.015
 20
3921810.301
 10
2545834.253
 20
3921796.883
 10
2545798.492
 20
3921783.465
 10
2545767.2
 20
3921783.465
 10
2545744.849
 20
3921783.465
 10
2545709.088
 20
3921761.102
 10
2545673.326
 20
3921752.157
 10
2545615.213
 20
3921734.266
 10
2545574.982
 20
3921734.266
 10
2545534.75
 20
3921743.211
 10
2545490.048
 20
3921738.739
 10
2545418.524
 20
3921734.266
 10
2545387.233
 20
3921734.266
 10
2545311.239
 20
3921765.574
 10
2545253.127
 20
3921765.574
 10
2545150.312
 20
3921747.684
 10
2545078.789
 20
3921716.376
 10
2545047.497
 20
3921702.958
 10
2545047.497
 20
3921685.068
 10
2545060.908
 20
3921658.232
 10
2545020.676
 20
3921609.033
 10
2544984.915
 20
3921577.725
 10
2544949.153
 20
3921532.999
 10
2544913.391
 20
3921501.691
 10
2544891.04
 20
3921492.745
 10
2544841.868
 20
3921470.382
 10
2544819.517
 20
3921452.492
 10
2544797.166
 20
3921416.711
 10
2544770.345
 20
3921398.821
 10
2544703.292
 20
3921371.985
 10
2544654.12
 20
3921345.149
 10
2544609.418
 20
3921327.259
 10
2544537.894
 20
3921300.423
 10
2544484.252
 20
3921287.006
 10
2544430.609
 20
3921278.06
 10
2544372.497
 20
3921278.06
 10
2544341.205
 20
3921282.533
 10
2544327.795
 20
3921295.951
 10
2544296.503
 20
3921318.314
 10
2544251.801
 20
3921349.622
 10
2544202.629
 20
3921389.876
 10
2544122.166
 20
3921430.129
 10
2544072.994
 20
3921470.383
 10
2544023.822
 20
3921515.109
 10
2543956.769
 20
3921550.89
 10
2543921.007
 20
3921582.198
 10
2543845.013
 20
3921617.979
 10
2543813.722
 20
3921626.924
 10
2543755.609
 20
3921631.396
 10
2543719.848
 20
3921600.088
 10
2543679.616
 20
3921595.616
 10
2543639.384
 20
3921586.67
 10
2543590.212
 20
3921586.67
 10
2543541.04
 20
3921591.143
 10
2543509.748
 20
3921604.561
 10
2543500.808
 20
3921609.033
 10
2543496.338
 20
3921640.342
 10
2543527.629
 20
3921689.54
 10
2543563.391
 20
3921716.376
 10
2543599.152
 20
3921743.212
 10
2543612.563
 20
3921761.102
 10
2543621.503
 20
3921801.356
 10
2543621.503
 20
3921841.609
 10
2543576.801
 20
3921886.335
 10
2543567.861
 20
3921922.116
 10
2543549.98
 20
3921948.952
 10
2543541.04
 20
3921989.205
 10
2543509.748
 20
3922065.239
 10
2543487.397
 20
3922096.548
 10
2543456.106
 20
3922127.856
 10
2543429.285
 20
3922150.219
 10
2543406.934
 20
3922168.109
 10
2543375.642
 20
3922168.109
 10
2543353.291
 20
3922168.109
 10
2543339.88
 20
3922186.0
 10
2543348.821
 20
3922208.363
 10
2543389.053
 20
3922230.726
 10
2543415.874
 20
3922253.089
 10
2543460.576
 20
3922284.397
 10
2543473.987
 20
3922306.76
 10
2543500.808
 20
3922329.123
 10
2543505.278
 20
3922355.959
 10
2543505.278
 20
3922387.267
 10
2543532.099
 20
3922414.103
 10
2543567.861
 20
3922445.411
 10
2543594.682
 20
3922472.247
 10
2543617.033
 20
3922472.247
 10
2543657.265
 20
3922503.555
 10
2543684.086
 20
3922494.61
 10
2543684.086
 20
3922467.774
 10
2543697.497
 20
3922467.774
 10
2543724.318
 20
3922472.247
 10
2543724.318
 20
3922494.61
 10
2543742.199
 20
3922512.5
 10
2543760.08
 20
3922521.445
 10
2543764.55
 20
3922534.863
 10
2543755.609
 20
3922557.226
 10
2543800.311
 20
3922552.753
 10
2543836.073
 20
3922552.753
 10
2543840.543
 20
3922557.226
 10
2543849.484
 20
3922575.116
 10
2543853.954
 20
3922593.007
 10
2543885.245
 20
3922593.007
 10
2543907.596
 20
3922593.007
 10
2543925.477
 20
3922601.952
 10
2543956.769
 20
3922642.206
 10
2543992.53
 20
3922673.514
 10
2544001.471
 20
3922682.459
 10
2544028.292
 20
3922695.877
 10
2544046.173
 20
3922731.658
 10
2544059.583
 20
3922758.493
 10
2544064.053
 20
3922785.329
 10
2544081.934
 20
3922812.165
 10
2544108.756
 20
3922843.473
 10
2544117.696
 20
3922852.418
 10
2544135.577
 20
3922865.836
 10
2544157.928
 20
3922879.254
 10
2544175.809
 20
3922892.672
 10
2544198.16
 20
3922915.035
 10
2544207.1
 20
3922923.98
 10
2544207.1
 20
3922937.398
 10
2544171.338
 20
3923017.904
 10
2544157.928
 20
3923053.685
 10
2544108.756
 20
3923107.357
 10
2544077.464
 20
3923152.083
 10
2544041.443
 20
3923209.056
 10
2543918.389
 20
3923154.336
 10
2543830.103
 20
3923124.891
 10
2543800.674
 20
3923110.169
 10
2543719.745
 20
3923102.808
 10
2543587.315
 20
3923132.252
 10
2543506.386
 20
3923213.225
 10
2543454.886
 20
3923264.753
 10
2543366.599
 20
3923301.559
 10
2543300.384
 20
3923338.365
 10
2543270.956
 20
3923360.448
 10
2543175.312
 20
3923404.615
 10
2543057.597
 20
3923419.337
 10
2542984.025
 20
3923419.337
 10
2542961.953
 20
3923382.531
 10
2542932.525
 20
3923323.642
 10
2542903.096
 20
3923279.475
 10
2542873.667
 20
3923191.141
 10
2542851.595
 20
3923146.975
 10
2542814.809
 20
3923117.53
 10
2542763.309
 20
3923110.169
 10
2542697.094
 20
3923073.363
 10
2542667.665
 20
3923036.557
 10
2542652.951
 20
3923029.196
 10
2542594.094
 20
3922999.752
 10
2542321.877
 20
3922918.779
 10
2542240.948
 20
3922933.501
 10
2542137.947
 20
3922948.223
 10
2542027.589
 20
3922911.418
 10
2541998.161
 20
3922896.695
 10
2541968.732
 20
3922859.89
 10
2541931.946
 20
3922808.362
 10
2541895.16
 20
3922786.278
 10
2541858.374
 20
3922749.472
 10
2541851.017
 20
3922697.944
 10
2541851.017
 20
3922675.861
 10
2541772.397
 20
3922662.771
 10
2541760.501
 20
3922638.965
 10
2541728.777
 20
3922611.192
 10
2541708.949
 20
3922579.451
 10
2541677.225
 20
3922531.839
 10
2541693.087
 20
3922496.13
 10
2541697.053
 20
3922472.324
 10
2541677.225
 20
3922448.519
 10
2541649.467
 20
3922424.713
 10
2541625.674
 20
3922416.778
 10
2541570.156
 20
3922385.036
 10
2541514.639
 20
3922349.328
 10
2541486.881
 20
3922325.522
 10
2541459.122
 20
3922309.651
 10
2541443.26
 20
3922305.684
 10
2541423.433
 20
3922305.684
 10
2541407.571
 20
3922309.651
 10
2541332.565
 20
3922351.167
 10
2541276.985
 20
3922483.026
 10
2541241.669
 20
3922518.43
 10
2541134.956
 20
3922562.411
 10
2541064.368
 20
3922559.247
 10
2540964.119
 20
3922459.859
 10
2540888.09
 20
3922408.842
 10
2540864.297
 20
3922381.069
 10
2540868.263
 20
3922313.619
 10
2540860.332
 20
3922293.781
 10
2540848.435
 20
3922277.91
 10
2540836.539
 20
3922254.105
 10
2540840.504
 20
3922234.266
 10
2540860.332
 20
3922226.331
 10
2540884.125
 20
3922214.428
 10
2540903.952
 20
3922210.461
 10
2540911.883
 20
3922182.687
 10
2540911.883
 20
3922170.784
 10
2540896.021
 20
3922162.849
 10
2540864.297
 20
3922162.849
 10
2540816.711
 20
3922166.817
 10
2540749.395
 20
3922149.535
 10
2540548.565
 20
3922110.02
 10
2540381.717
 20
3922103.279
 10
2540302.671
 20
3922086.847
 10
2540188.109
 20
3922022.794
 10
2540143.077
 20
3921940.977
 10
2540094.99
 20
3921881.147
 10
2540091.024
 20
3921837.503
 10
2540071.197
 20
3921789.891
 10
2540075.162
 20
3921774.021
 10
2540110.852
 20
3921710.539
 10
2540130.679
 20
3921698.636
 10
2540134.645
 20
3921690.7
 10
2540138.61
 20
3921670.862
 10
2540130.679
 20
3921635.154
 10
2540122.748
 20
3921627.218
 10
2540130.679
 20
3921603.412
 10
2540134.645
 20
3921587.542
 10
2540130.679
 20
3921575.639
 10
2540106.886
 20
3921563.736
 10
2540087.059
 20
3921551.833
 10
2540063.266
 20
3921539.93
 10
2540035.507
 20
3921480.416
 10
2540035.507
 20
3921460.578
 10
2540011.714
 20
3921412.966
 10
2539991.887
 20
3921389.16
 10
2539968.094
 20
3921357.419
 10
2539948.266
 20
3921333.613
 10
2539916.542
 20
3921309.808
 10
2539864.99
 20
3921262.196
 10
2539821.37
 20
3921246.325
 10
2539797.577
 20
3921222.52
 10
2539773.784
 20
3921194.746
 10
2539742.06
 20
3921170.94
 10
2539714.301
 20
3921155.07
 10
2539682.577
 20
3921139.199
 10
2539631.026
 20
3921115.393
 10
2539603.267
 20
3921107.458
 10
2539571.543
 20
3921099.523
 10
2539516.026
 20
3921087.62
 10
2539408.958
 20
3921055.879
 10
2539337.579
 20
3921043.976
 10
2539238.441
 20
3921028.106
 10
2539163.097
 20
3921024.138
 10
2539131.373
 20
3921020.17
 10
2538814.132
 20
3920940.818
 10
2538722.926
 20
3920913.045
 10
2538655.512
 20
3920885.272
 10
2538592.064
 20
3920861.466
 10
2538500.858
 20
3920837.66
 10
2538429.478
 20
3920833.692
 10
2538358.099
 20
3920837.66
 10
2538270.858
 20
3920857.498
 10
2538215.341
 20
3920861.466
 10
2538191.548
 20
3920873.369
 10
2538159.824
 20
3920869.401
 10
2538136.031
 20
3920857.498
 10
2538108.273
 20
3920857.498
 10
2538080.514
 20
3920873.369
 10
2538056.721
 20
3920869.401
 10
2538009.135
 20
3920861.466
 10
2537953.618
 20
3920849.563
 10
2537886.205
 20
3920829.725
 10
2537842.584
 20
3920817.822
 10
2537854.481
 20
3920786.081
 10
2537830.688
 20
3920766.243
 10
2537783.102
 20
3920742.437
 10
2537735.516
 20
3920726.566
 10
2537691.895
 20
3920706.728
 10
2537648.275
 20
3920710.696
 10
2537616.55
 20
3920722.599
 10
2537584.826
 20
3920706.728
 10
2537553.102
 20
3920706.728
 10
2537442.068
 20
3920730.534
 10
2537406.379
 20
3920722.599
 10
2537350.862
 20
3920706.728
 10
2537307.241
 20
3920698.793
 10
2537291.379
 20
3920678.955
 10
2537263.621
 20
3920663.084
 10
2537239.828
 20
3920655.149
 10
2537216.035
 20
3920627.375
 10
2537220.0
 20
3920607.537
 10
2537231.897
 20
3920595.634
 10
2537259.655
 20
3920583.731
 10
2537263.621
 20
3920583.731
 10
2537251.724
 20
3920559.926
 10
2537235.862
 20
3920536.12
 10
2537184.311
 20
3920492.476
 10
2537160.518
 20
3920468.67
 10
2537132.759
 20
3920452.799
 10
2537097.07
 20
3920468.67
 10
2537069.311
 20
3920472.638
 10
2537041.553
 20
3920476.605
 10
2537033.622
 20
3920500.411
 10
2537033.622
 20
3920520.249
 10
2536982.07
 20
3920555.958
 10
2536954.312
 20
3920563.893
 10
2536926.553
 20
3920536.12
 10
2536906.726
 20
3920512.314
 10
2536867.071
 20
3920504.379
 10
2536712.416
 20
3920460.735
 10
2536712.416
 20
3920444.864
 10
2536684.657
 20
3920417.091
 10
2536652.933
 20
3920397.253
 10
2536625.175
 20
3920381.382
 10
2536593.451
 20
3920373.447
 10
2536557.761
 20
3920365.511
 10
2536545.865
 20
3920365.511
 10
2536425.775
 20
3920423.533
 10
2536391.21
 20
3920448.832
 10
2536387.245
 20
3920500.411
 10
2536359.486
 20
3920532.152
 10
2536327.762
 20
3920548.023
 10
2536296.038
 20
3920571.828
 10
2536212.763
 20
3920607.537
 10
2536161.211
 20
3920611.505
 10
2536121.556
 20
3920603.57
 10
2536097.763
 20
3920563.893
 10
2536070.005
 20
3920532.152
 10
2536042.246
 20
3920520.249
 10
2536014.488
 20
3920520.249
 10
2535927.247
 20
3920528.184
 10
2535863.798
 20
3920496.443
 10
2535840.005
 20
3920484.54
 10
2535828.109
 20
3920484.54
 10
2535768.626
 20
3920488.507
 10
2535744.833
 20
3920484.54
 10
2535693.282
 20
3920472.637
 10
2535681.385
 20
3920448.831
 10
2535677.42
 20
3920417.09
 10
2535689.316
 20
3920389.317
 10
2535689.316
 20
3920369.478
 10
2535669.489
 20
3920341.705
 10
2535641.73
 20
3920325.834
 10
2535602.075
 20
3920321.867
 10
2535562.42
 20
3920321.867
 10
2535498.972
 20
3920317.899
 10
2535451.386
 20
3920313.932
 10
2535395.869
 20
3920313.932
 10
2535352.248
 20
3920333.77
 10
2535312.593
 20
3920345.673
 10
2535276.904
 20
3920365.511
 10
2535245.18
 20
3920377.414
 10
2535225.352
 20
3920365.511
 10
2535217.421
 20
3920357.576
 10
2535209.49
 20
3920345.673
 10
2535189.663
 20
3920349.64
 10
2535181.732
 20
3920365.511
 10
2535173.801
 20
3920385.349
 10
2535146.042
 20
3920385.349
 10
2535102.422
 20
3920377.414
 10
2535078.629
 20
3920377.414
 10
2535054.836
 20
3920409.155
 10
2535035.008
 20
3920428.993
 10
2534995.353
 20
3920460.734
 10
2534967.595
 20
3920488.507
 10
2534959.664
 20
3920512.313
 10
2534931.905
 20
3920536.119
 10
2534908.112
 20
3920548.022
 10
2534888.285
 20
3920587.698
 10
2534876.388
 20
3920619.439
 10
2534852.595
 20
3920639.278
 10
2534828.802
 20
3920615.472
 10
2534824.837
 20
3920575.795
 10
2534824.837
 20
3920520.249
 10
2534816.906
 20
3920488.507
 10
2534793.113
 20
3920484.54
 10
2534769.32
 20
3920480.572
 10
2534741.561
 20
3920468.669
 10
2534721.734
 20
3920452.799
 10
2534717.768
 20
3920413.122
 10
2534729.665
 20
3920401.219
 10
2534733.63
 20
3920389.317
 10
2534733.63
 20
3920373.446
 10
2534777.251
 20
3920361.543
 10
2534808.975
 20
3920345.673
 10
2534840.699
 20
3920325.834
 10
2534844.664
 20
3920305.996
 10
2534840.699
 20
3920294.093
 10
2534804.28
 20
3920278.505
 10
2534787.169
 20
3920267.484
 10
2534770.732
 20
3920255.919
 10
2534753.086
 20
3920246.39
 10
2534737.201
 20
3920236.536
 10
2534735.977
 20
3920235.776
 10
2534726.861
 20
3920230.974
 10
2534717.382
 20
3920225.981
 10
2534696.79
 20
3920223.1
 10
2534668.407
 20
3920215.734
 10
2534650.89
 20
3920224.497
 10
2534642.132
 20
3920233.26
 10
2534620.236
 20
3920242.023
 10
2534566.184
 20
3920239.89
 10
2534553.784
 20
3920239.89
 10
2534541.384
 20
3920239.89
 10
2534538.285
 20
3920247.644
 10
2534536.735
 20
3920253.847
 10
2534547.584
 20
3920258.5
 10
2534549.134
 20
3920253.847
 10
2534552.234
 20
3920247.644
 10
2534559.984
 20
3920278.66
 10
2534569.284
 20
3920291.067
 10
2534580.134
 20
3920301.923
 10
2534597.184
 20
3920309.677
 10
2534620.434
 20
3920311.228
 10
2534642.134
 20
3920317.431
 10
2534662.283
 20
3920332.939
 10
2534666.933
 20
3920345.346
 10
2534668.483
 20
3920360.854
 10
2534665.383
 20
3920373.26
 10
2534657.633
 20
3920374.811
 10
2534642.134
 20
3920374.811
 10
2534632.834
 20
3920385.667
 10
2534625.084
 20
3920394.972
 10
2534617.334
 20
3920421.336
 10
2534583.234
 20
3920430.641
 10
2534530.535
 20
3920443.047
 10
2534507.285
 20
3920464.759
 10
2534493.335
 20
3920488.021
 10
2534456.135
 20
3920503.529
 10
2534446.835
 20
3920517.486
 10
2534434.436
 20
3920548.503
 10
2534420.486
 20
3920570.214
 10
2534389.486
 20
3920596.578
 10
2534361.586
 20
3920630.696
 10
2534347.636
 20
3920666.365
 10
2534347.636
 20
3920720.644
 10
2534341.436
 20
3920759.414
 10
2534313.537
 20
3920798.184
 10
2534284.087
 20
3920826.099
 10
2534259.287
 20
3920838.506
 10
2534215.888
 20
3920844.709
 10
2534180.238
 20
3920843.158
 10
2534158.538
 20
3920847.811
 10
2534127.538
 20
3920854.014
 10
2534094.989
 20
3920877.276
 10
2534068.639
 20
3920889.683
 10
2534051.589
 20
3920883.479
 10
2534046.939
 20
3920878.827
 10
2534040.739
 20
3920863.319
 10
2534043.839
 20
3920854.014
 10
2534048.489
 20
3920841.607
 10
2534051.589
 20
3920830.752
 10
2534050.039
 20
3920819.896
 10
2534040.739
 20
3920810.591
 10
2534026.789
 20
3920805.939
 10
2534019.039
 20
3920802.837
 10
2534006.64
 20
3920788.88
 10
2533998.89
 20
3920781.125
 10
2533991.14
 20
3920774.922
 10
2533946.19
 20
3920771.821
 10
2533911.483
 20
3920790.627
 10
2533867.118
 20
3920836.351
 10
2533819.584
 20
3920876.306
 10
2533812.891
 20
3920888.132
 10
2533809.792
 20
3920903.64
 10
2533823.741
 20
3920920.699
 10
2533817.541
 20
3920939.309
 10
2533784.992
 20
3920956.368
 10
2533758.642
 20
3920971.876
 10
2533749.342
 20
3920981.181
 10
2533744.692
 20
3921021.502
 10
2533724.542
 20
3921044.764
 10
2533704.393
 20
3921064.925
 10
2533681.143
 20
3921077.332
 10
2533648.593
 20
3921091.289
 10
2533625.343
 20
3921103.696
 10
2533609.843
 20
3921147.118
 10
2533609.843
 20
3921164.177
 10
2533611.393
 20
3921182.787
 10
2533612.943
 20
3921190.541
 10
2533608.513
 20
3921207.131
 10
2533545.526
 20
3921258.895
 10
2533505.385
 20
3921318.495
 10
2533479.63
 20
3921363.307
 10
2533498.775
 20
3921398.894
 10
2533457.871
 20
3921448.98
 10
2533423.317
 20
3921486.612
 10
2533420.745
 20
3921503.806
 10
2533423.845
 20
3921520.865
 10
2533434.695
 20
3921544.128
 10
2533445.545
 20
3921556.534
 10
2533445.545
 20
3921576.695
 10
2533419.195
 20
3921603.059
 10
2533403.695
 20
3921606.16
 10
2533386.646
 20
3921620.118
 10
2533340.146
 20
3921646.482
 10
2533323.096
 20
3921658.888
 10
2533298.296
 20
3921665.092
 10
2533275.047
 20
3921663.541
 10
2533248.697
 20
3921661.99
 10
2533222.347
 20
3921643.38
 10
2533203.747
 20
3921632.524
 10
2533157.248
 20
3921620.118
 10
2533129.348
 20
3921609.262
 10
2533112.298
 20
3921598.406
 10
2533102.998
 20
3921590.652
 10
2533090.598
 20
3921590.652
 10
2533071.999
 20
3921595.305
 10
2533061.149
 20
3921589.101
 10
2533048.749
 20
3921576.695
 10
2533053.399
 20
3921562.738
 10
2533053.399
 20
3921553.433
 10
2533047.199
 20
3921544.128
 10
2533023.949
 20
3921542.577
 10
2532971.249
 20
3921533.272
 10
2532957.3
 20
3921531.721
 10
2532943.35
 20
3921516.213
 10
2532899.95
 20
3921513.111
 10
2532878.25
 20
3921513.111
 10
2532855.001
 20
3921519.315
 10
2532802.669
 20
3921510.123
 10
2532751.795
 20
3921517.55
 10
2532711.394
 20
3921512.93
 10
2532690.965
 20
3921481.689
 10
2532673.652
 20
3921427.816
 10
2532617.538
 20
3921422.882
 10
2532564.222
 20
3921409.947
 10
2532521.185
 20
3921374.158
 10
2532513.808
 20
3921323.248
 10
2532475.843
 20
3921290.024
 10
2532377.183
 20
3921192.955
 10
2532313.899
 20
3921139.276
 10
2532268.308
 20
3921106.02
 10
2532225.221
 20
3921080.407
 10
2532177.51
 20
3921017.379
 10
2532121.205
 20
3920970.842
 10
2532078.94
 20
3920933.579
 10
2532039.24
 20
3920898.804
 10
2531990.469
 20
3920849.029
 10
2531962.216
 20
3920819.152
 10
2531946.732
 20
3920797.936
 10
2531942.563
 20
3920772.806
 10
2531964.965
 20
3920749.877
 10
2532015.033
 20
3920717.805
 10
2532049.467
 20
3920696.621
 10
2532092.557
 20
3920662.743
 10
2532123.729
 20
3920634.673
 10
2532117.014
 20
3920608.316
 10
2532096.532
 20
3920590.935
 10
2532104.941
 20
3920561.879
 10
2532100.158
 20
3920529.893
 10
2532070.708
 20
3920501.978
 10
2532056.759
 20
3920477.165
 10
2532053.659
 20
3920457.004
 10
2532030.409
 20
3920433.742
 10
2532013.359
 20
3920422.886
 10
2531957.135
 20
3920397.466
 10
2531897.319
 20
3920453.575
 10
2531867.66
 20
3920457.004
 10
2531850.61
 20
3920416.683
 10
2531835.111
 20
3920394.971
 10
2531813.411
 20
3920377.912
 10
2531787.061
 20
3920374.811
 10
2531763.811
 20
3920373.26
 10
2531739.012
 20
3920373.26
 10
2531711.112
 20
3920373.26
 10
2531680.112
 20
3920381.014
 10
2531669.262
 20
3920393.421
 10
2531644.462
 20
3920393.421
 10
2531624.313
 20
3920393.421
 10
2531604.163
 20
3920374.811
 10
2531577.813
 20
3920374.811
 10
2531556.113
 20
3920381.014
 10
2531539.063
 20
3920388.768
 10
2531520.464
 20
3920384.116
 10
2531512.714
 20
3920374.811
 10
2531495.664
 20
3920351.548
 10
2531481.714
 20
3920334.489
 10
2531439.864
 20
3920311.227
 10
2531415.065
 20
3920303.473
 10
2531401.115
 20
3920303.473
 10
2531297.266
 20
3920325.185
 10
2531258.516
 20
3920340.693
 10
2531216.667
 20
3920356.201
 10
2531179.467
 20
3920354.65
 10
2531110.135
 20
3920378.642
 10
2531065.084
 20
3920408.137
 10
2531039.061
 20
3920442.439
 10
2530985.719
 20
3920474.064
 10
2530953.169
 20
3920477.165
 10
2530914.419
 20
3920461.657
 10
2530889.619
 20
3920441.497
 10
2530871.02
 20
3920430.641
 10
2530840.02
 20
3920412.031
 10
2530835.37
 20
3920408.929
 10
2530787.32
 20
3920449.251
 10
2530759.421
 20
3920447.7
 10
2530729.971
 20
3920467.861
 10
2530711.371
 20
3920474.064
 10
2530688.121
 20
3920460.106
 10
2530655.572
 20
3920460.106
 10
2530576.522
 20
3920481.818
 10
2530519.173
 20
3920500.428
 10
2530464.924
 20
3920522.139
 10
2530457.174
 20
3920528.342
 10
2530427.724
 20
3920528.342
 10
2530396.724
 20
3920531.444
 10
2530368.824
 20
3920560.91
 10
2530334.725
 20
3920576.418
 10
2530302.175
 20
3920585.723
 10
2530294.425
 20
3920585.723
 10
2530253.157
 20
3920620.539
 10
2530229.282
 20
3920629.638
 10
2530223.4
 20
3920658.664
 10
2530209.823
 20
3920680.228
 10
2530184.376
 20
3920689.628
 10
2530164.226
 20
3920719.093
 10
2530164.226
 20
3920770.27
 10
2530139.427
 20
3920854.014
 10
2530117.727
 20
3920900.539
 10
2530072.777
 20
3920922.25
 10
2530046.428
 20
3920936.208
 10
2530007.678
 20
3920978.08
 10
2529972.028
 20
3921002.893
 10
2529934.829
 20
3921019.952
 10
2529894.529
 20
3921021.503
 10
2529858.879
 20
3921018.401
 10
2529827.88
 20
3921009.096
 10
2529799.98
 20
3921021.503
 10
2529758.13
 20
3921061.824
 10
2529717.831
 20
3921102.145
 10
2529689.931
 20
3921128.509
 10
2529651.181
 20
3921148.67
 10
2529623.282
 20
3921136.263
 10
2529567.415
 20
3921156.241
 10
2529538.581
 20
3921171.693
 10
2529516.103
 20
3921189.587
 10
2529494.926
 20
3921209.984
 10
2529487.723
 20
3921235.249
 10
2529464.417
 20
3921282.109
 10
2529462.363
 20
3921313.607
 10
2529442.374
 20
3921328.953
 10
2529419.403
 20
3921314.121
 10
2529400.083
 20
3921286.693
 10
2529376.834
 20
3921264.981
 10
2529347.384
 20
3921254.126
 10
2529317.934
 20
3921244.821
 10
2529299.334
 20
3921240.168
 10
2529249.735
 20
3921206.05
 10
2529229.585
 20
3921198.296
 10
2529178.436
 20
3921198.296
 10
2529128.836
 20
3921209.152
 10
2529086.986
 20
3921212.254
 10
2529065.287
 20
3921215.355
 10
2529046.687
 20
3921224.66
 10
2529023.437
 20
3921218.457
 10
2528993.987
 20
3921232.414
 10
2528961.438
 20
3921221.559
 10
2528930.438
 20
3921207.601
 10
2528883.938
 20
3921210.703
 10
2528856.039
 20
3921223.109
 10
2528803.851
 20
3921223.286
 10
2528791.594
 20
3921248.612
 10
2528720.16
 20
3921288.493
 10
2528693.569
 20
3921285.035
 10
2528652.164
 20
3921262.869
 10
2528642.555
 20
3921254.171
 10
2528612.812
 20
3921209.205
 10
2528564.457
 20
3921187.122
 10
2528523.456
 20
3921149.844
 10
2528476.292
 20
3921126.958
 10
2528446.843
 20
3921085.086
 10
2528404.993
 20
3921072.679
 10
2528370.893
 20
3921068.027
 10
2528327.494
 20
3921072.679
 10
2528290.294
 20
3921088.188
 10
2528271.694
 20
3921094.391
 10
2528260.844
 20
3921137.814
 10
2528186.445
 20
3921142.466
 10
2528167.845
 20
3921117.653
 10
2528116.696
 20
3921136.263
 10
2528115.146
 20
3921165.729
 10
2528102.746
 20
3921185.889
 10
2528065.546
 20
3921185.889
 10
2528042.296
 20
3921195.194
 10
2528022.147
 20
3921168.83
 10
2527994.247
 20
3921165.729
 10
2527938.447
 20
3921170.381
 10
2527899.698
 20
3921179.686
 10
2527873.348
 20
3921167.279
 10
2527848.548
 20
3921181.237
 10
2527829.948
 20
3921202.948
 10
2527788.099
 20
3921218.456
 10
2527764.849
 20
3921244.82
 10
2527761.749
 20
3921274.286
 10
2527777.249
 20
3921333.217
 10
2527766.399
 20
3921364.233
 10
2527758.649
 20
3921412.309
 10
2527763.299
 20
3921437.122
 10
2527763.299
 20
3921468.138
 10
2527781.899
 20
3921510.01
 10
2527797.399
 20
3921545.679
 10
2527822.199
 20
3921562.738
 10
2527871.798
 20
3921587.551
 10
2527902.798
 20
3921609.262
 10
2527922.948
 20
3921634.076
 10
2527941.547
 20
3921677.498
 10
2527953.947
 20
3921710.066
 10
2527991.147
 20
3921744.184
 10
2528050.873
 20
3921825.887
 10
2528125.935
 20
3921901.155
 10
2528175.736
 20
3921977.355
 10
2528128.375
 20
3922021.355
 10
2528115.921
 20
3922050.47
 10
2528088.021
 20
3922075.283
 10
2528050.821
 20
3922084.588
 10
2528038.422
 20
3922103.198
 10
2528019.822
 20
3922118.706
 10
2527998.122
 20
3922131.113
 10
2527972.849
 20
3922183.731
 10
2527977.398
 20
3922234.035
 10
2527993.355
 20
3922286.72
 10
2528001.694
 20
3922336.978
 10
2527998.869
 20
3922401.217
 10
2527984.275
 20
3922439.161
 10
2527950.785
 20
3922481.107
 10
2527936.395
 20
3922555.468
 10
2527632.996
 20
3922664.757
 10
2527570.326
 20
3922540.529
 10
2527539.326
 20
3922497.106
 10
2527514.527
 20
3922462.988
 10
2527477.327
 20
3922453.683
 10
2527424.628
 20
3922428.87
 10
2527381.228
 20
3922407.158
 10
2527359.528
 20
3922376.142
 10
2527356.428
 20
3922338.922
 10
2527353.328
 20
3922311.008
 10
2527353.328
 20
3922286.195
 10
2527353.328
 20
3922276.89
 10
2527356.428
 20
3922252.077
 10
2527344.028
 20
3922205.552
 10
2527337.828
 20
3922168.332
 10
2527344.028
 20
3922149.723
 10
2527350.228
 20
3922118.706
 10
2527340.928
 20
3922096.995
 10
2527325.428
 20
3922096.995
 10
2527303.729
 20
3922112.503
 10
2527272.729
 20
3922112.503
 10
2527254.129
 20
3922090.792
 10
2527241.729
 20
3922062.877
 10
2527216.93
 20
3922069.08
 10
2527192.13
 20
3922096.995
 10
2527120.83
 20
3922121.808
 10
2527083.631
 20
3922134.214
 10
2527012.853
 20
3922088.205
 10
2526986.515
 20
3922059.563
 10
2526979.402
 20
3922006.773
 10
2526984.432
 20
3921957.421
 10
2526978.232
 20
3921917.1
 10
2526968.932
 20
3921876.779
 10
2526962.732
 20
3921848.864
 10
2526953.432
 20
3921814.746
 10
2526950.332
 20
3921786.831
 10
2526962.732
 20
3921755.815
 10
2526978.232
 20
3921731.002
 10
2526984.432
 20
3921706.189
 10
2526972.032
 20
3921672.071
 10
2526944.132
 20
3921647.258
 10
2526931.732
 20
3921622.445
 10
2526931.732
 20
3921600.733
 10
2526937.932
 20
3921582.123
 10
2527037.44
 20
3921580.555
 10
2527102.5
 20
3921536.972
 10
2527155.246
 20
3921514.939
 10
2527224.077
 20
3921470.053
 10
2527286.855
 20
3921442.863
 10
2527349.634
 20
3921415.675
 10
2527385.974
 20
3921395.097
 10
2527450.967
 20
3921347.109
 10
2527479.583
 20
3921317.182
 10
2527486.627
 20
3921281.265
 10
2527468.027
 20
3921250.248
 10
2527471.127
 20
3921219.232
 10
2527520.727
 20
3921225.435
 10
2527554.826
 20
3921225.435
 10
2527579.626
 20
3921234.74
 10
2527601.326
 20
3921225.435
 10
2527672.626
 20
3921119.979
 10
2527700.525
 20
3921054.845
 10
2527734.625
 20
3920999.015
 10
2527747.025
 20
3920977.304
 10
2527740.825
 20
3920958.694
 10
2527712.925
 20
3920955.593
 10
2527700.525
 20
3920955.593
 10
2527678.825
 20
3920955.593
 10
2527663.326
 20
3920955.593
 10
2527650.926
 20
3920971.101
 10
2527554.827
 20
3921011.422
 10
2527514.527
 20
3921011.422
 10
2527471.127
 20
3921045.54
 10
2527424.628
 20
3921033.133
 10
2527396.728
 20
3921008.32
 10
2527297.529
 20
3921051.743
 10
2527247.93
 20
3921051.743
 10
2527223.13
 20
3921026.93
 10
2527192.13
 20
3920992.812
 10
2527173.53
 20
3920964.897
 10
2527158.03
 20
3920930.779
 10
2527145.631
 20
3920899.763
 10
2527142.531
 20
3920878.052
 10
2527164.23
 20
3920871.848
 10
2527192.13
 20
3920868.747
 10
2527210.73
 20
3920871.848
 10
2527223.13
 20
3920859.442
 10
2527241.73
 20
3920853.239
 10
2527275.829
 20
3920859.442
 10
2527303.729
 20
3920856.34
 10
2527306.829
 20
3920837.73
 10
2527291.329
 20
3920816.019
 10
2527378.128
 20
3920763.291
 10
2527430.828
 20
3920744.681
 10
2527480.427
 20
3920679.547
 10
2527480.427
 20
3920664.039
 10
2527480.427
 20
3920639.226
 10
2527449.428
 20
3920645.429
 10
2527483.527
 20
3920617.514
 10
2527533.127
 20
3920614.413
 10
2527567.227
 20
3920595.803
 10
2527601.326
 20
3920586.498
 10
2527626.126
 20
3920570.99
 10
2527660.226
 20
3920546.177
 10
2527681.925
 20
3920536.872
 10
2527731.525
 20
3920546.177
 10
2527750.125
 20
3920530.668
 10
2527774.925
 20
3920496.55
 10
2527815.224
 20
3920477.941
 10
2527849.324
 20
3920471.737
 10
2527874.124
 20
3920456.229
 10
2527905.123
 20
3920415.908
 10
2527945.423
 20
3920391.095
 10
2527991.922
 20
3920387.993
 10
2528029.122
 20
3920369.383
 10
2528060.122
 20
3920356.977
 10
2528075.622
 20
3920341.469
 10
2528100.421
 20
3920313.554
 10
2528112.821
 20
3920304.249
 10
2528128.321
 20
3920291.842
 10
2528156.221
 20
3920273.233
 10
2528177.921
 20
3920248.42
 10
2528205.82
 20
3920229.81
 10
2528236.82
 20
3920226.708
 10
2528239.92
 20
3920208.098
 10
2528236.82
 20
3920173.98
 10
2528212.02
 20
3920167.777
 10
2528261.62
 20
3920130.557
 10
2528314.319
 20
3920090.236
 10
2528345.319
 20
3920062.321
 10
2528391.819
 20
3920053.017
 10
2528435.218
 20
3920012.695
 10
2528484.818
 20
3919978.577
 10
2528509.618
 20
3919941.358
 10
2528549.917
 20
3919938.256
 10
2528618.116
 20
3919907.24
 10
2528683.216
 20
3919888.63
 10
2528742.115
 20
3919863.817
 10
2528794.815
 20
3919854.512
 10
2528835.114
 20
3919851.41
 10
2528875.414
 20
3919854.512
 10
2528897.114
 20
3919863.817
 10
2528946.713
 20
3919835.902
 10
2528993.213
 20
3919832.8
 10
2529036.612
 20
3919832.8
 10
2529052.112
 20
3919829.699
 10
2529086.212
 20
3919789.378
 10
2529114.112
 20
3919783.174
 10
2529129.612
 20
3919770.768
 10
2529145.111
 20
3919749.056
 10
2529169.911
 20
3919742.853
 10
2529204.011
 20
3919742.853
 10
2529244.311
 20
3919721.142
 10
2529272.21
 20
3919693.227
 10
2529300.11
 20
3919674.617
 10
2529362.109
 20
3919643.601
 10
2529393.109
 20
3919621.889
 10
2529421.009
 20
3919609.483
 10
2529439.609
 20
3919609.483
 10
2529479.908
 20
3919597.076
 10
2529529.508
 20
3919597.076
 10
2529591.507
 20
3919600.178
 10
2529619.407
 20
3919597.076
 10
2529659.707
 20
3919566.06
 10
2529690.706
 20
3919547.45
 10
2529734.106
 20
3919528.84
 10
2529777.505
 20
3919513.332
 10
2529820.905
 20
3919504.027
 10
2529861.205
 20
3919476.112
 10
2529901.504
 20
3919454.401
 10
2529935.604
 20
3919441.994
 10
2529979.003
 20
3919429.588
 10
2530013.103
 20
3919410.978
 10
2530047.203
 20
3919386.165
 10
2530084.402
 20
3919367.555
 10
2530140.202
 20
3919345.844
 10
2530161.902
 20
3919317.929
 10
2530189.801
 20
3919305.522
 10
2530242.501
 20
3919268.303
 10
2530276.601
 20
3919234.185
 10
2530310.7
 20
3919200.067
 10
2530341.7
 20
3919190.762
 10
2530385.1
 20
3919190.762
 10
2530431.599
 20
3919246.591
 10
2530471.899
 20
3919283.811
 10
2530509.098
 20
3919327.234
 10
2530533.898
 20
3919339.64
 10
2530571.098
 20
3919327.234
 10
2530598.998
 20
3919327.234
 10
2530648.597
 20
3919342.742
 10
2530688.897
 20
3919364.454
 10
2530738.496
 20
3919379.962
 10
2530794.296
 20
3919386.165
 10
2530837.695
 20
3919392.368
 10
2530905.895
 20
3919404.775
 10
2530949.294
 20
3919435.791
 10
2530967.894
 20
3919463.706
 10
2530983.394
 20
3919513.332
 10
2531001.994
 20
3919559.857
 10
2531029.893
 20
3919593.975
 10
2531098.093
 20
3919600.178
 10
2531147.692
 20
3919572.263
 10
2531200.392
 20
3919559.857
 10
2531249.991
 20
3919525.739
 10
2531293.391
 20
3919494.722
 10
2531451.437
 20
3919460.564
 10
2531568.414
 20
3919423.914
 10
2531646.787
 20
3919451.299
 10
2531674.687
 20
3919457.502
 10
2531714.987
 20
3919432.689
 10
2531739.786
 20
3919417.181
 10
2531758.386
 20
3919414.079
 10
2531780.086
 20
3919426.486
 10
2531811.086
 20
3919451.299
 10
2531851.385
 20
3919463.706
 10
2531919.585
 20
3919469.909
 10
2531978.484
 20
3919476.112
 10
2532031.183
 20
3919469.909
 10
2532062.183
 20
3919451.299
 10
2532096.283
 20
3919410.978
 10
2532083.883
 20
3919379.961
 10
2532049.783
 20
3919373.758
 10
2532012.584
 20
3919379.961
 10
2531959.884
 20
3919404.774
 10
2531919.585
 20
3919392.368
 10
2531916.485
 20
3919361.352
 10
2531925.784
 20
3919339.64
 10
2531913.385
 20
3919324.132
 10
2531910.285
 20
3919305.522
 10
2531869.985
 20
3919293.116
 10
2531869.985
 20
3919271.404
 10
2531820.386
 20
3919280.709
 10
2531807.986
 20
3919305.522
 10
2531755.286
 20
3919293.116
 10
2531690.187
 20
3919290.014
 10
2531665.387
 20
3919286.912
 10
2531646.787
 20
3919224.88
 10
2531637.487
 20
3919200.067
 10
2531621.987
 20
3919175.253
 10
2531625.087
 20
3919122.526
 10
2531625.087
 20
3919063.595
 10
2531609.588
 20
3919038.781
 10
2531587.888
 20
3919023.273
 10
2531584.788
 20
3919007.765
 10
2531575.488
 20
3918995.359
 10
2531566.188
 20
3918992.257
 10
2531575.488
 20
3918970.545
 10
2531572.388
 20
3918951.936
 10
2531547.588
 20
3918951.936
 10
2531516.588
 20
3918951.936
 10
2531445.289
 20
3918973.647
 10
2531401.89
 20
3918967.444
 10
2531380.19
 20
3918951.936
 10
2531349.19
 20
3918964.342
 10
2531311.99
 20
3919017.07
 10
2531311.99
 20
3919048.086
 10
2531284.091
 20
3919054.29
 10
2531228.291
 20
3919051.188
 10
2531178.692
 20
3919026.375
 10
2531150.792
 20
3919013.968
 10
2531125.992
 20
3919029.477
 10
2531107.392
 20
3919048.086
 10
2531079.493
 20
3919044.985
 10
2531048.493
 20
3919010.867
 10
2531014.393
 20
3919001.562
 10
2530995.793
 20
3919001.562
 10
2530961.694
 20
3919010.867
 10
2530958.594
 20
3918992.257
 10
2530936.894
 20
3918970.545
 10
2530896.594
 20
3918964.342
 10
2530846.995
 20
3918948.834
 10
2530812.895
 20
3918920.919
 10
2530763.296
 20
3918917.818
 10
2530744.696
 20
3918886.801
 10
2530729.196
 20
3918858.887
 10
2530698.196
 20
3918849.582
 10
2530670.297
 20
3918834.073
 10
2530657.897
 20
3918812.362
 10
2530642.397
 20
3918787.549
 10
2530620.697
 20
3918772.041
 10
2530620.697
 20
3918756.533
 10
2530614.497
 20
3918728.618
 10
2530586.597
 20
3918728.618
 10
2530512.198
 20
3918747.228
 10
2530474.998
 20
3918753.431
 10
2530456.399
 20
3918737.923
 10
2530443.999
 20
3918719.313
 10
2530456.399
 20
3918703.805
 10
2530456.399
 20
3918672.788
 10
2530447.099
 20
3918651.077
 10
2530431.599
 20
3918635.569
 10
2530391.299
 20
3918635.569
 10
2530341.7
 20
3918647.975
 10
2530301.4
 20
3918663.484
 10
2530264.2
 20
3918660.382
 10
2530202.201
 20
3918626.264
 10
2530165.001
 20
3918607.654
 10
2530127.802
 20
3918595.248
 10
2530115.402
 20
3918579.739
 10
2530130.902
 20
3918545.621
 10
2530109.202
 20
3918523.91
 10
2530047.203
 20
3918567.333
 10
2530010.003
 20
3918554.926
 10
2529982.103
 20
3918542.52
 10
2529935.604
 20
3918514.605
 10
2529910.804
 20
3918489.792
 10
2529876.704
 20
3918464.979
 10
2529861.205
 20
3918430.861
 10
2529864.304
 20
3918393.641
 10
2529864.304
 20
3918359.523
 10
2529864.304
 20
3918340.913
 10
2529898.404
 20
3918331.608
 10
2529951.703
 20
3918307.683
 10
2529999.282
 20
3918278.158
 10
2530045.691
 20
3918254.942
 10
2530075.102
 20
3918257.169
 10
2530099.902
 20
3918244.762
 10
2530134.002
 20
3918226.153
 10
2530171.202
 20
3918182.73
 10
2530208.401
 20
3918148.612
 10
2530242.501
 20
3918114.494
 10
2530279.32
 20
3918075.895
 10
2530271.379
 20
3918052.07
 10
2530223.901
 20
3918052.461
 10
2530202.201
 20
3918030.75
 10
2530165.002
 20
3918012.14
 10
2530143.302
 20
3918024.546
 10
2530137.102
 20
3918043.156
 10
2530106.102
 20
3918043.156
 10
2530065.803
 20
3918043.156
 10
2530044.103
 20
3918055.563
 10
2530016.203
 20
3918067.969
 10
2529985.203
 20
3918052.461
 10
2529966.604
 20
3918024.546
 10
2529929.404
 20
3917996.632
 10
2529889.104
 20
3917984.225
 10
2529848.805
 20
3917974.92
 10
2529808.505
 20
3917959.412
 10
2529786.805
 20
3917934.599
 10
2529768.205
 20
3917915.989
 10
2529758.905
 20
3917909.786
 10
2529740.306
 20
3917912.887
 10
2529693.806
 20
3917909.786
 10
2529647.307
 20
3917928.396
 10
2529603.907
 20
3917934.599
 10
2529579.107
 20
3917912.887
 10
2529538.808
 20
3917894.278
 10
2529510.908
 20
3917900.481
 10
2529467.508
 20
3917943.904
 10
2529445.809
 20
3917968.717
 10
2529414.809
 20
3917968.717
 10
2529337.31
 20
3917971.819
 10
2529275.31
 20
3917956.31
 10
2529188.511
 20
3917934.599
 10
2529111.012
 20
3917934.599
 10
2529052.112
 20
3917937.701
 10
2528980.813
 20
3917950.107
 10
2528921.914
 20
3917937.701
 10
2528890.914
 20
3917915.989
 10
2528859.914
 20
3917894.278
 10
2528828.914
 20
3917860.16
 10
2528797.915
 20
3917838.448
 10
2528742.115
 20
3917832.245
 10
2528698.716
 20
3917832.245
 10
2528673.916
 20
3917813.635
 10
2528587.117
 20
3917810.533
 10
2528537.517
 20
3917819.838
 10
2528496.3921
 20
3917822.7775
 10
2528497.218
 20
3917822.94
  0
LWPOLYLINE
  5
2D4
102
{ACAD_XDICTIONARY
360
2D5
102
}
330
1F
100
AcDbEntity
  8
TDF.DBO
100
AcDbPolyline
 90
       83
 70
     1
 43
0.0
 10
2672439.5033
 20
3900150.5575
 10
2672456.2839
 20
3900139.476
 10
2672445.5189
 20
3900122.3787
 10
2672471.5915
 20
3900112.6049
 10
2672483.8294
 20
3900103.3818
 10
2672472.4313
 20
3900086.9178
 10
2672480.9799
 20
3900076.7861
 10
2672487.9454
 20
3900064.1215
 10
2672494.5943
 20
3900051.4569
 10
2672513.9079
 20
3900053.3565
 10
2672530.6885
 20
3900040.6919
 10
2672538.2873
 20
3900045.4412
 10
2672547.1525
 20
3900052.0901
 10
2672561.414
 20
3900053.7558
 10
2672569.6322
 20
3900052.7233
 10
2672588.6292
 20
3900047.9741
 10
2672600.0273
 20
3900041.9584
 10
2672625.9898
 20
3900030.5602
 10
2672629.5551
 20
3900013.4905
 10
2672620.9239
 20
3899991.9331
 10
2672640.2375
 20
3899988.4504
 10
2672662.4006
 20
3899990.0334
 10
2672661.4507
 20
3899969.4534
 10
2672678.548
 20
3899982.1181
 10
2672685.307
 20
3899963.9333
 10
2672698.1781
 20
3899947.2904
 10
2672690.763
 20
3899938.5377
 10
2672685.1969
 20
3899931.143
 10
2672669.9993
 20
3899917.2119
 10
2672654.1686
 20
3899929.8765
 10
2672635.4882
 20
3899940.958
 10
2672578.4975
 20
3899916.5787
 10
2672570.706
 20
3899901.9868
 10
2672561.414
 20
3899880.1679
 10
2672558.2341
 20
3899858.3214
 10
2672567.7325
 20
3899839.6411
 10
2672587.0461
 20
3899844.7069
 10
2672595.5947
 20
3899827.2931
 10
2672617.1245
 20
3899825.3934
 10
2672632.6387
 20
3899813.0454
 10
2672630.1058
 20
3899793.0986
 10
2672646.2532
 20
3899781.7005
 10
2672626.9396
 20
3899777.5844
 10
2672613.0085
 20
3899765.8697
 10
2672608.8925
 20
3899763.3368
 10
2672590.477
 20
3899753.9801
 10
2672582.2968
 20
3899750.9887
 10
2672552.535
 20
3899741.1737
 10
2672532.9048
 20
3899742.7567
 10
2672523.4064
 20
3899762.7035
 10
2672512.3239
 20
3899776.9228
 10
2672496.8107
 20
3899791.1989
 10
2672487.3122
 20
3899786.1331
 10
2672478.7636
 20
3899781.0672
 10
2672462.6162
 20
3899794.0485
 10
2672455.9673
 20
3899813.9952
 10
2672466.4156
 20
3899832.6755
 10
2672452.1679
 20
3899846.6066
 10
2672411.9577
 20
3899855.7885
 10
2672412.7424
 20
3899867.9162
 10
2672412.7424
 20
3899883.4029
 10
2672413.5408
 20
3899896.6319
 10
2672407.9031
 20
3899907.5991
 10
2672403.0925
 20
3899917.5285
 10
2672394.8605
 20
3899933.9925
 10
2672394.1584
 20
3899945.3494
 10
2672390.4278
 20
3899973.8861
 10
2672372.0641
 20
3899964.071
 10
2672372.4771
 20
3899970.128
 10
2672371.7475
 20
3899985.2842
 10
2672374.9137
 20
3900005.5476
 10
2672363.1851
 20
3900004.1986
 10
2672355.6001
 20
3900003.9645
 10
2672344.202
 20
3900012.5131
 10
2672354.6503
 20
3900027.7107
 10
2672356.0331
 20
3900036.8815
 10
2672359.7161
 20
3900049.2405
 10
2672372.6974
 20
3900065.0713
 10
2672367.9481
 20
3900084.7015
 10
2672372.6974
 20
3900105.2815
 10
2672384.8664
 20
3900112.6049
 10
2672406.5752
 20
3900127.7612
 10
2672423.3074
 20
3900137.4785
  0
LWPOLYLINE
  5
2E3
102
{ACAD_XDICTIONARY
360
2E4
102
}
330
1F
100
AcDbEntity
  8
TDF.DBO
100
AcDbPolyline
 90
        5
 70
     1
 43
0.0
 10
2543820.6647
 20
3922596.3737
 10
2543825.3124
 20
3922596.9405
 10
2543831.2071
 20
3922596.9405
 10
2543833.5877
 20
3922592.4061
 10
2543823.9521
 20
3922589.232
  0
LWPOLYLINE
  5
2F2
102
{ACAD_XDICTIONARY
360
2F3
102
}
330
1F
100
AcDbEntity
  8
TDF.DBO
100
AcDbPolyline
 90
        7
 70
     1
 43
0.0
 10
2543789.7174
 20
3922590.8191
 10
2543790.851
 20
3922592.2928
 10
2543796.0656
 20
3922594.1065
 10
2543801.2801
 20
3922593.9932
 10
2543804.9077
 20
3922590.5924
 10
2543800.4866
 20
3922587.645
 10
2543790.0575
 20
3922587.9851
  0
LWPOLYLINE
  5
301
102
{ACAD_XDICTIONARY
360
302
102
}
330
1F
100
AcDbEntity
  8
TDF.DBO
100
AcDbPolyline
 90
        6
 70
     1
 43
0.0
 10
2545097.9945
 20
3921692.2648
 10
2545103.2281
 20
3921692.2648
 10
2545107.8097
 20
3921689.4453
 10
2545109.3956
 20
3921685.04
 10
2545104.6378
 20
3921683.8065
 10
2545101.0959
 20
3921688.4585
  0
LWPOLYLINE
  5
310
102
{ACAD_XDICTIONARY
360
311
102
}
330
1F
100
AcDbEntity
  8
TDF.DBO
100
AcDbPolyline
 90
        3
 70
     1
 43
0.0
 10
2546095.4095
 20
3921886.2099
 10
2546100.7879
 20
3921889.0161
 10
2546100.3202
 20
3921883.6376
  0
LWPOLYLINE
  5
31F
102
{ACAD_XDICTIONARY
360
320
102
}
330
1F
100
AcDbEntity
  8
TDF.DBO
100
AcDbPolyline
 90
        4
 70
     1
 43
0.0
 10
2546041.3913
 20
3921801.0903
 10
2546046.0682
 20
3921803.6626
 10
2546047.2374
 20
3921798.0503
 10
2546044.8989
 20
3921797.8165
  0
LWPOLYLINE
  5
32E
102
{ACAD_XDICTIONARY
360
32F
102
}
330
1F
100
AcDbEntity
  8
TDF.DBO
100
AcDbPolyline
 90
        5
 70
     1
 43
0.0
 10
2546010.9914
 20
3921820.2656
 10
2546015.2006
 20
3921823.5394
 10
2546019.4098
 20
3921820.9671
 10
2546015.6683
 20
3921817.9272
 10
2546015.6683
 20
3921819.3302
  0
LWPOLYLINE
  5
33D
102
{ACAD_XDICTIONARY
360
33E
102
}
330
1F
100
AcDbEntity
  8
TDF.DBO
100
AcDbPolyline
 90
      160
 70
     1
 43
0.0
 10
2547602.3105
 20
3922801.7768
 10
2547604.865
 20
3922807.9214
 10
2547609.9049
 20
3922810.752
 10
2547625.0937
 20
3922815.5158
 10
2547629.7194
 20
3922818.5536
 10
2547631.9287
 20
3922822.8341
 10
2547632.3429
 20
3922828.5644
 10
2547631.7216
 20
3922833.9495
 10
2547629.3052
 20
3922838.6442
 10
2547622.125
 20
3922847.6195
 10
2547618.8801
 20
3922852.1761
 10
2547616.7399
 20
3922857.9755
 10
2547616.4637
 20
3922868.9529
 10
2547616.4637
 20
3922880.7587
 10
2547618.0516
 20
3922886.1439
 10
2547621.2965
 20
3922889.9411
 10
2547625.8704
 20
3922892.8041
 10
2547632.0668
 20
3922892.9788
 10
2547636.7615
 20
3922892.8408
 10
2547642.1466
 20
3922891.2528
 10
2547643.1132
 20
3922890.3553
 10
2547645.1154
 20
3922891.46
 10
2547650.0863
 20
3922893.255
 10
2547655.2643
 20
3922892.8408
 10
2547666.5868
 20
3922890.1482
 10
2547687.2299
 20
3922890.0101
 10
2547710.5654
 20
3922889.803
 10
2547715.3982
 20
3922889.6649
 10
2547721.0595
 20
3922887.8008
 10
2547725.4781
 20
3922885.7296
 10
2547735.0056
 20
3922879.3779
 10
2547740.1836
 20
3922875.0284
 10
2547746.4663
 20
3922867.7102
 10
2547754.544
 20
3922860.8752
 10
2547759.722
 20
3922859.1492
 10
2547764.3935
 20
3922859.5836
 10
2547759.9982
 20
3922855.2829
 10
2547755.1654
 20
3922853.3498
 10
2547757.5127
 20
3922849.0003
 10
2547762.6907
 20
3922846.4458
 10
2547767.1783
 20
3922844.8579
 10
2547772.1492
 20
3922842.3724
 10
2547781.8149
 20
3922836.1588
 10
2547790.3068
 20
3922829.2548
 10
2547796.3133
 20
3922825.8028
 10
2547804.1839
 20
3922821.7985
 10
2547815.9207
 20
3922815.0325
 10
2547826.4148
 20
3922812.1328
 10
2547836.2185
 20
3922808.6118
 10
2547852.3049
 20
3922804.9527
 10
2547857.5519
 20
3922802.6053
 10
2547865.7677
 20
3922797.9106
 10
2547871.2219
 20
3922795.6322
 10
2547881.716
 20
3922794.2514
 10
2547887.032
 20
3922793.0777
 10
2547901.3924
 20
3922786.3118
 10
2547909.1847
 20
3922784.3674
 10
2547927.8348
 20
3922780.9957
 10
2547934.0484
 20
3922780.7886
 10
2547939.3645
 20
3922780.2363
 10
2547944.1973
 20
3922779.2697
 10
2547968.7065
 20
3922769.3279
 10
2547979.6149
 20
3922763.2524
 10
2547984.1025
 20
3922759.8694
 10
2547987.3474
 20
3922756.1413
 10
2547988.3139
 20
3922750.6181
 10
2547988.1617
 20
3922744.8789
 10
2547986.9331
 20
3922740.4692
 10
2547985.9666
 20
3922734.7388
 10
2547985.8975
 20
3922729.6989
 10
2547989.3495
 20
3922725.9017
 10
2548008.1975
 20
3922725.6946
 10
2548017.725
 20
3922725.6255
 10
2548022.9721
 20
3922725.2803
 10
2548028.7024
 20
3922723.5543
 10
2548038.0919
 20
3922721.8283
 10
2548044.1674
 20
3922720.3094
 10
2548049.2074
 20
3922717.893
 10
2548054.2473
 20
3922714.441
 10
2548055.421
 20
3922709.1249
 10
2548054.1092
 20
3922703.8779
 10
2548048.9614
 20
3922698.4956
 10
2548039.5417
 20
3922691.7958
 10
2548035.4684
 20
3922688.3438
 10
2548032.2925
 20
3922684.6157
 10
2548028.1501
 20
3922676.1237
 10
2548025.2504
 20
3922669.4268
 10
2548023.8893
 20
3922664.6484
 10
2548020.6247
 20
3922660.1755
 10
2548016.3442
 20
3922656.9306
 10
2548010.5449
 20
3922654.169
 10
2548003.7099
 20
3922651.3383
 10
2547997.4963
 20
3922648.8529
 10
2547991.2136
 20
3922646.9198
 10
2547985.6904
 20
3922647.1959
 10
2547980.7886
 20
3922648.0934
 10
2547976.0938
 20
3922651.7526
 10
2547970.8468
 20
3922653.1334
 10
2547960.4217
 20
3922653.6857
 10
2547953.7939
 20
3922655.895
 10
2547949.1682
 20
3922658.6566
 10
2547942.6094
 20
3922664.3179
 10
2547937.5004
 20
3922669.9101
 10
2547935.084
 20
3922674.4668
 10
2547936.3267
 20
3922679.2305
 10
2547944.9567
 20
3922684.8228
 10
2547950.8942
 20
3922689.3104
 10
2547955.0366
 20
3922694.0051
 10
2547964.6332
 20
3922706.4324
 10
2547968.7756
 20
3922710.0224
 10
2547972.987
 20
3922713.0602
 10
2547974.0226
 20
3922717.9621
 10
2547972.0205
 20
3922722.7949
 10
2547969.466
 20
3922726.9373
 10
2547965.3236
 20
3922731.4249
 10
2547961.5264
 20
3922734.2555
 10
2547956.2793
 20
3922736.3958
 10
2547931.7495
 20
3922736.7305
 10
2547917.7549
 20
3922736.6719
 10
2547912.9911
 20
3922736.1196
 10
2547902.8422
 20
3922732.8747
 10
2547892.072
 20
3922730.5274
 10
2547896.3525
 20
3922726.9373
 10
2547901.1853
 20
3922724.728
 10
2547903.4636
 20
3922719.7571
 10
2547898.907
 20
3922717.6169
 10
2547887.6534
 20
3922717.6859
 10
2547871.0838
 20
3922715.4766
 10
2547863.8346
 20
3922714.8553
 10
2547848.0244
 20
3922714.9933
 10
2547843.1225
 20
3922715.4076
 10
2547837.7374
 20
3922716.7193
 10
2547827.8646
 20
3922721.4831
 10
2547817.8538
 20
3922725.2113
 10
2547813.6424
 20
3922727.1444
 10
2547802.3888
 20
3922735.5673
 10
2547798.7987
 20
3922737.7075
 10
2547790.3758
 20
3922743.9212
 10
2547785.2669
 20
3922746.4066
 10
2547776.9296
 20
3922747.3862
 10
2547756.201
 20
3922747.7184
 10
2547750.2635
 20
3922748.1326
 10
2547743.4976
 20
3922749.4444
 10
2547732.5892
 20
3922752.6893
 10
2547718.436
 20
3922759.5933
 10
2547707.7348
 20
3922762.631
 10
2547697.0336
 20
3922767.6019
 10
2547685.4165
 20
3922770.5778
 10
2547675.9073
 20
3922773.4013
 10
2547665.8964
 20
3922777.1295
 10
2547659.7519
 20
3922778.5793
 10
2547643.8036
 20
3922778.9936
 10
2547631.3073
 20
3922779.0626
 10
2547626.5436
 20
3922777.5437
 10
2547621.3655
 20
3922776.6462
 10
2547616.8779
 20
3922779.1316
 10
2547612.8046
 20
3922782.5146
 10
2547608.5241
 20
3922786.7951
 10
2547605.0721
 20
3922791.0065
 10
2547602.7937
 20
3922796.1846
  0
LWPOLYLINE
  5
34C
102
{ACAD_XDICTIONARY
360
34D
102
}
330
1F
100
AcDbEntity
  8
TDF.DBO
100
AcDbPolyline
 90
       25
 70
     1
 43
0.0
 10
2546598.6272
 20
3921615.364
 10
2546593.4559
 20
3921624.9678
 10
2546593.163
 20
3921629.9059
 10
2546598.5139
 20
3921630.4037
 10
2546606.0147
 20
3921630.1391
 10
2546609.7085
 20
3921629.0309
 10
2546612.6635
 20
3921626.0759
 10
2546617.8348
 20
3921626.0759
 10
2546622.5307
 20
3921628.9104
 10
2546627.1349
 20
3921629.7815
 10
2546632.2369
 20
3921628.1638
 10
2546642.192
 20
3921630.6526
 10
2546649.6013
 20
3921629.4003
 10
2546653.6644
 20
3921630.8778
 10
2546659.2051
 20
3921630.1391
 10
2546660.3132
 20
3921625.3371
 10
2546660.3132
 20
3921619.7965
 10
2546654.4032
 20
3921618.319
 10
2546646.2769
 20
3921618.319
 10
2546640.7362
 20
3921616.1027
 10
2546634.4568
 20
3921613.8864
 10
2546620.0511
 20
3921613.8864
 10
2546618.673
 20
3921609.0002
 10
2546612.4511
 20
3921609.249
 10
2546608.9697
 20
3921610.5621
  0
LWPOLYLINE
  5
35B
102
{ACAD_XDICTIONARY
360
35C
102
}
330
1F
100
AcDbEntity
  8
TDF.DBO
100
AcDbPolyline
 90
       78
 70
     1
 43
0.0
 10
2547801.3516
 20
3922068.8782
 10
2547800.8706
 20
3922074.2646
 10
2547804.4295
 20
3922078.0159
 10
2547811.355
 20
3922082.729
 10
2547821.7431
 20
3922081.19
 10
2547826.9372
 20
3922083.1138
 10
2547831.3779
 20
3922087.4256
 10
2547834.4398
 20
3922091.3858
 10
2547838.672
 20
3922094.4638
 10
2547844.4432
 20
3922097.4456
 10
2547839.0567
 20
3922097.7342
 10
2547836.1711
 20
3922101.774
 10
2547841.0767
 20
3922103.5054
 10
2547844.347
 20
3922107.6414
 10
2547848.1945
 20
3922110.9117
 10
2547853.6771
 20
3922111.0079
 10
2547858.1017
 20
3922108.7956
 10
2547863.2958
 20
3922108.6033
 10
2547868.6822
 20
3922109.3727
 10
2547877.4352
 20
3922113.8935
 10
2547887.7272
 20
3922116.0096
 10
2547898.5001
 20
3922116.5867
 10
2547906.8684
 20
3922122.8389
 10
2547913.4091
 20
3922125.4359
 10
2547923.0277
 20
3922127.2635
 10
2547927.5485
 20
3922127.4558
 10
2547938.5138
 20
3922127.1673
 10
2547942.3612
 20
3922126.5902
 10
2547955.3464
 20
3922123.8007
 10
2547960.0596
 20
3922121.2999
 10
2547965.3689
 20
3922119.6451
 10
2547970.4478
 20
3922118.4143
 10
2547975.0647
 20
3922116.2982
 10
2547978.0465
 20
3922111.7774
 10
2547977.9503
 20
3922106.4871
 10
2547979.1046
 20
3922101.3893
 10
2547983.9139
 20
3922100.9083
 10
2547989.5889
 20
3922100.8121
 10
2547994.4944
 20
3922099.3693
 10
2547996.8029
 20
3922094.6562
 10
2547998.7266
 20
3922099.4655
 10
2548004.0169
 20
3922100.7159
 10
2548007.5758
 20
3922100.6198
 10
2548026.4284
 20
3922100.6198
 10
2548031.5263
 20
3922099.8503
 10
2548036.4318
 20
3922097.2532
 10
2548048.359
 20
3922086.8651
 10
2548050.5713
 20
3922082.0557
 10
2548049.898
 20
3922076.7655
 10
2548043.8382
 20
3922073.5913
 10
2548038.7403
 20
3922071.7638
 10
2548033.6424
 20
3922070.6095
 10
2548025.178
 20
3922070.4171
 10
2548005.0414
 20
3922070.6744
 10
2548000.6504
 20
3922070.2248
 10
2547996.7067
 20
3922073.3027
 10
2547986.03
 20
3922071.1866
 10
2547981.6054
 20
3922068.8782
 10
2547976.4113
 20
3922067.243
 10
2547971.5058
 20
3922067.243
 10
2547956.1159
 20
3922070.1286
 10
2547921.9697
 20
3922070.5133
 10
2547912.8319
 20
3922069.84
 10
2547890.8052
 20
3922069.7438
 10
2547885.7073
 20
3922067.1468
 10
2547875.2229
 20
3922065.1269
 10
2547870.0289
 20
3922063.5879
 10
2547862.911
 20
3922062.8184
 10
2547853.9657
 20
3922062.8184
 10
2547848.8678
 20
3922061.568
 10
2547839.2491
 20
3922056.1815
 10
2547834.3436
 20
3922054.354
 10
2547828.861
 20
3922054.5463
 10
2547824.5326
 20
3922057.0472
 10
2547820.0118
 20
3922060.7023
 10
2547814.1444
 20
3922062.3375
 10
2547811.4512
 20
3922066.762
 10
2547806.2571
 20
3922067.243
  0
LWPOLYLINE
  5
36A
102
{ACAD_XDICTIONARY
360
36B
102
}
330
1F
100
AcDbEntity
  8
TDF.DBO
100
AcDbPolyline
 90
       30
 70
     1
 43
0.0
 10
2547885.4551
 20
3922047.9253
 10
2547881.1448
 20
3922053.7051
 10
2547878.7937
 20
3922058.1133
 10
2547879.1855
 20
3922063.2073
 10
2547884.2795
 20
3922065.7543
 10
2547889.6674
 20
3922065.7543
 10
2547894.5655
 20
3922064.3829
 10
2547900.6391
 20
3922065.9503
 10
2547910.7291
 20
3922066.0482
 10
2547915.6272
 20
3922067.4197
 10
2547921.1131
 20
3922066.8319
 10
2547924.0519
 20
3922062.1298
 10
2547929.2439
 20
3922060.4644
 10
2547939.3339
 20
3922060.3664
 10
2547958.2405
 20
3922060.2685
 10
2547962.3549
 20
3922059.7787
 10
2547962.2569
 20
3922054.7826
 10
2547955.7915
 20
3922054.3908
 10
2547951.0893
 20
3922052.3336
 10
2547945.5055
 20
3922048.2192
 10
2547941.685
 20
3922046.4559
 10
2547937.6686
 20
3922045.4763
 10
2547924.9336
 20
3922043.3211
 10
2547919.4477
 20
3922041.9497
 10
2547914.1578
 20
3922040.6762
 10
2547910.0434
 20
3922039.8925
 10
2547904.8515
 20
3922040.8721
 10
2547900.1493
 20
3922043.4191
 10
2547895.937
 20
3922046.7498
 10
2547890.9409
 20
3922047.9253
  0
LWPOLYLINE
  5
379
102
{ACAD_XDICTIONARY
360
37A
102
}
330
1F
100
AcDbEntity
  8
TDF.DBO
100
AcDbPolyline
 90
      221
 70
     1
 43
0.0
 10
2547622.1287
 20
3921425.2943
 10
2547619.389
 20
3921430.5911
 10
2547619.8456
 20
3921435.5226
 10
2547622.4027
 20
3921440.1801
 10
2547627.552
 20
3921443.9698
 10
2547628.1561
 20
3921449.4038
 10
2547629.7086
 20
3921454.0613
 10
2547640.4848
 20
3921465.5682
 10
2547645.325
 20
3921467.3946
 10
2547649.7086
 20
3921470.317
 10
2547652.4483
 20
3921476.527
 10
2547652.8136
 20
3921483.7416
 10
2547652.6309
 20
3921494.5179
 10
2547651.3355
 20
3921499.6812
 10
2547648.1358
 20
3921503.2365
 10
2547642.4026
 20
3921503.7416
 10
2547637.9938
 20
3921503.3801
 10
2547630.7132
 20
3921501.5498
 10
2547625.0263
 20
3921499.859
 10
2547620.1701
 20
3921499.101
 10
2547614.8093
 20
3921499.0513
 10
2547609.7462
 20
3921502.0792
 10
2547606.0557
 20
3921505.1114
 10
2547600.9073
 20
3921508.061
 10
2547591.9262
 20
3921511.8579
 10
2547591.2612
 20
3921517.3488
 10
2547591.2612
 20
3921523.4676
 10
2547596.1951
 20
3921524.0192
 10
2547598.8259
 20
3921519.3532
 10
2547603.7726
 20
3921517.9881
 10
2547603.9553
 20
3921523.1023
 10
2547606.8776
 20
3921528.673
 10
2547611.8091
 20
3921526.9379
 10
2547616.7406
 20
3921528.5817
 10
2547617.3824
 20
3921533.6344
 10
2547614.1826
 20
3921545.0113
 10
2547618.2931
 20
3921548.0337
 10
2547620.2109
 20
3921552.5999
 10
2547621.1154
 20
3921557.9882
 10
2547625.0263
 20
3921561.7213
 10
2547638.7497
 20
3921566.7551
 10
2547643.8694
 20
3921566.1654
 10
2547647.0602
 20
3921562.0976
 10
2547645.2337
 20
3921557.5314
 10
2547641.7362
 20
3921552.833
 10
2547644.6535
 20
3921548.0497
 10
2547647.6994
 20
3921544.1981
 10
2547650.4391
 20
3921538.6273
 10
2547655.5533
 20
3921538.3534
 10
2547660.0282
 20
3921540.9104
 10
2547663.8638
 20
3921543.8328
 10
2547666.0555
 20
3921548.8556
 10
2547664.6857
 20
3921553.7871
 10
2547661.8546
 20
3921558.262
 10
2547657.4711
 20
3921563.0108
 10
2547654.8227
 20
3921566.8464
 10
2547650.6245
 20
3921571.1428
 10
2547645.9151
 20
3921573.9524
 10
2547644.8684
 20
3921579.2665
 10
2547653.1164
 20
3921580.0734
 10
2547666.5122
 20
3921579.9058
 10
2547671.6263
 20
3921581.9149
 10
2547676.0715
 20
3921584.9247
 10
2547680.3021
 20
3921587.303
 10
2547685.4162
 20
3921589.2208
 10
2547689.9106
 20
3921589.8082
 10
2547695.9546
 20
3921589.6304
 10
2547700.932
 20
3921591.4081
 10
2547716.3976
 20
3921592.1191
 10
2547722.1284
 20
3921594.5176
 10
2547727.2413
 20
3921598.8742
 10
2547730.4389
 20
3921602.2801
 10
2547734.1832
 20
3921607.3943
 10
2547738.8113
 20
3921615.7196
 10
2547743.2243
 20
3921618.3531
 10
2547748.0645
 20
3921618.9011
 10
2547754.5752
 20
3921618.6901
 10
2547764.1375
 20
3921617.0746
 10
2547773.8158
 20
3921617.3618
 10
2547779.6625
 20
3921616.618
 10
2547795.2789
 20
3921610.134
 10
2547799.7695
 20
3921612.5621
 10
2547803.5894
 20
3921616.9833
 10
2547808.7036
 20
3921617.2573
 10
2547811.4433
 20
3921612.6911
 10
2547807.0597
 20
3921609.3121
 10
2547805.2332
 20
3921604.5632
 10
2547820.0347
 20
3921599.052
 10
2547825.3677
 20
3921598.6964
 10
2547830.7006
 20
3921596.3855
 10
2547834.2559
 20
3921592.8302
 10
2547838.8405
 20
3921591.9605
 10
2547843.772
 20
3921594.2436
 10
2547847.9729
 20
3921590.5907
 10
2547872.4514
 20
3921590.1679
 10
2547888.9773
 20
3921590.2254
 10
2547911.2604
 20
3921589.4948
 10
2547916.1919
 20
3921588.9468
 10
2547924.6035
 20
3921584.7543
 10
2547931.7169
 20
3921583.5587
 10
2547936.7397
 20
3921584.472
 10
2547941.5799
 20
3921582.1889
 10
2547946.5673
 20
3921581.8738
 10
2547951.2254
 20
3921584.8307
 10
2547956.5584
 20
3921585.0085
 10
2547962.2469
 20
3921583.7641
 10
2547966.1577
 20
3921581.631
 10
2547978.513
 20
3921578.6056
 10
2547993.6346
 20
3921567.577
 10
2547995.735
 20
3921566.5725
 10
2548000.3925
 20
3921565.5679
 10
2548010.4382
 20
3921570.0428
 10
2548015.187
 20
3921571.4126
 10
2548020.1983
 20
3921580.0311
 10
2548024.8202
 20
3921583.2309
 10
2548030.6865
 20
3921583.9419
 10
2548054.507
 20
3921582.1643
 10
2548076.2827
 20
3921582.0062
 10
2548081.4882
 20
3921580.3624
 10
2548086.6023
 20
3921577.6227
 10
2548091.3512
 20
3921576.3441
 10
2548113.2182
 20
3921575.8867
 10
2548117.8351
 20
3921576.3441
 10
2548126.1598
 20
3921583.8363
 10
2548131.0014
 20
3921584.1328
 10
2548141.574
 20
3921584.2316
 10
2548151.8502
 20
3921582.1566
 10
2548156.0337
 20
3921584.4174
 10
2548160.293
 20
3921587.4935
 10
2548160.7431
 20
3921593.0256
 10
2548163.4109
 20
3921588.3816
 10
2548170.624
 20
3921582.3542
 10
2548175.8513
 20
3921579.744
 10
2548186.5324
 20
3921583.3423
 10
2548191.1729
 20
3921580.6905
 10
2548196.4133
 20
3921580.5756
 10
2548205.7014
 20
3921577.1173
 10
2548211.9264
 20
3921575.6352
 10
2548216.8669
 20
3921573.5602
 10
2548220.3252
 20
3921570.6947
 10
2548231.1942
 20
3921565.7542
 10
2548234.6526
 20
3921561.1102
 10
2548234.6526
 20
3921555.9721
 10
2548237.8124
 20
3921551.2236
 10
2548242.5573
 20
3921549.4506
 10
2548240.3835
 20
3921544.609
 10
2548244.9288
 20
3921535.3209
 10
2548251.1801
 20
3921528.2245
 10
2548252.4383
 20
3921521.784
 10
2548262.1216
 20
3921510.5197
 10
2548267.8525
 20
3921507.6542
 10
2548270.9156
 20
3921503.8995
 10
2548273.7811
 20
3921490.0662
 10
2548275.9549
 20
3921484.1376
 10
2548279.018
 20
3921480.0864
 10
2548310.5904
 20
3921455.8519
 10
2548321.0322
 20
3921451.5312
 10
2548328.5936
 20
3921446.1302
 10
2548333.3191
 20
3921438.6543
 10
2548343.3561
 20
3921432.0878
 10
2548347.1171
 20
3921424.8563
 10
2548334.3046
 20
3921392.3324
 10
2548325.7131
 20
3921382.0391
 10
2548315.9914
 20
3921373.3976
 10
2548314.1911
 20
3921361.1555
 10
2548313.4709
 20
3921333.7907
 10
2548304.9842
 20
3921319.4755
 10
2548301.578
 20
3921308.2089
 10
2548298.4339
 20
3921302.9686
 10
2548284.0231
 20
3921291.702
 10
2548252.5021
 20
3921272.0926
 10
2548171.3572
 20
3921272.051
 10
2548163.4968
 20
3921274.6711
 10
2548156.4837
 20
3921277.981
 10
2548139.6535
 20
3921278.8633
 10
2548128.1249
 20
3921281.2215
 10
2548109.5941
 20
3921288.8473
 10
2548075.0991
 20
3921298.703
 10
2548044.5043
 20
3921315.4275
 10
2548035.1427
 20
3921322.9889
 10
2548019.66
 20
3921329.47
 10
2548007.0946
 20
3921328.2702
 10
2547986.6375
 20
3921316.3313
 10
2547968.5311
 20
3921312.9071
 10
2547949.8079
 20
3921304.2656
 10
2547938.6459
 20
3921301.3851
 10
2547914.5837
 20
3921303.4926
 10
2547891.8378
 20
3921310.0266
 10
2547877.4353
 20
3921317.5879
 10
2547868.2073
 20
3921325.7638
 10
2547859.0721
 20
3921335.9511
 10
2547859.2988
 20
3921360.0876
 10
2547860.6089
 20
3921366.3759
 10
2547858.7748
 20
3921385.5029
 10
2547857.2876
 20
3921390.3613
 10
2547846.4699
 20
3921389.6004
 10
2547839.2687
 20
3921398.602
 10
2547832.0674
 20
3921404.0029
 10
2547823.4259
 20
3921407.2435
 10
2547807.2231
 20
3921407.2435
 10
2547798.2216
 20
3921405.0831
 10
2547793.1807
 20
3921397.8818
 10
2547793.1807
 20
3921385.2797
 10
2547787.4197
 20
3921374.4778
 10
2547782.7389
 20
3921360.4353
 10
2547776.6178
 20
3921356.8347
 10
2547765.0958
 20
3921358.635
 10
2547755.3741
 20
3921358.635
 10
2547742.7719
 20
3921355.7545
 10
2547721.8883
 20
3921352.1539
 10
2547702.4449
 20
3921351.4338
 10
2547688.7547
 20
3921353.8951
 10
2547676.9231
 20
3921363.5593
 10
2547671.7176
 20
3921363.9246
 10
2547667.882
 20
3921366.6643
 10
2547664.8683
 20
3921370.9565
 10
2547660.9414
 20
3921375.0661
 10
2547659.3889
 20
3921379.815
 10
2547660.2108
 20
3921384.3812
 10
2547649.5158
 20
3921394.6413
 10
2547633.9095
 20
3921412.7829
  0
LWPOLYLINE
  5
388
102
{ACAD_XDICTIONARY
360
389
102
}
330
1F
100
AcDbEntity
  8
TDF.DBO
100
AcDbPolyline
 90
       12
 70
     1
 43
0.0
 10
2547599.9396
 20
3921491.6577
 10
2547598.6347
 20
3921496.707
 10
2547603.911
 20
3921496.7638
 10
2547608.393
 20
3921499.0899
 10
2547613.2722
 20
3921497.558
 10
2547617.6407
 20
3921494.5511
 10
2547622.9738
 20
3921493.9838
 10
2547623.9382
 20
3921489.672
 10
2547619.9668
 20
3921486.5516
 10
2547614.1232
 20
3921486.3814
 10
2547609.6979
 20
3921486.8352
 10
2547604.7053
 20
3921488.8777
  0
LWPOLYLINE
  5
397
102
{ACAD_XDICTIONARY
360
398
102
}
330
1F
100
AcDbEntity
  8
TDF.DBO
100
AcDbPolyline
 90
       25
 70
     1
 43
0.0
 10
2547537.6337
 20
3921485.1836
 10
2547543.0609
 20
3921486.1119
 10
2547548.2025
 20
3921488.04
 10
2547553.0584
 20
3921488.4684
 10
2547558.8426
 20
3921488.3256
 10
2547569.1257
 20
3921487.2545
 10
2547574.053
 20
3921487.0402
 10
2547590.6916
 20
3921486.8974
 10
2547597.0471
 20
3921482.3271
 10
2547600.1178
 20
3921478.6852
 10
2547599.118
 20
3921472.901
 10
2547599.2609
 20
3921467.8308
 10
2547594.5478
 20
3921465.3315
 10
2547589.4062
 20
3921464.8316
 10
2547582.6223
 20
3921464.6174
 10
2547577.1237
 20
3921464.7602
 10
2547572.482
 20
3921465.2601
 10
2547567.1262
 20
3921466.9739
 10
2547562.4131
 20
3921467.6166
 10
2547554.3437
 20
3921467.6166
 10
2547550.7732
 20
3921467.7594
 10
2547546.2744
 20
3921468.3307
 10
2547541.4185
 20
3921471.1157
 10
2547537.9908
 20
3921475.2575
 10
2547535.42
 20
3921479.8278
  0
LWPOLYLINE
  5
3A6
102
{ACAD_XDICTIONARY
360
3A7
102
}
330
1F
100
AcDbEntity
  8
TDF.DBO
100
AcDbPolyline
 90
        5
 70
     1
 43
0.0
 10
2548170.624
 20
3921590.0991
 10
2548174.7298
 20
3921593.0067
 10
2548178.7206
 20
3921589.7753
 10
2548179.6373
 20
3921586.4879
 10
2548174.609
 20
3921586.6653
  0
LWPOLYLINE
  5
3B5
102
{ACAD_XDICTIONARY
360
3B6
102
}
330
1F
100
AcDbEntity
  8
TDF.DBO
100
AcDbPolyline
 90
        8
 70
     1
 43
0.0
 10
2548339.243
 20
3921321.2824
 10
2548343.4385
 20
3921324.9694
 10
2548347.8882
 20
3921326.7493
 10
2548352.5012
 20
3921327.2464
 10
2548359.0194
 20
3921326.6256
 10
2548361.8129
 20
3921323.8321
 10
2548359.9505
 20
3921318.5555
 10
2548344.1206
 20
3921319.1762
  0
LWPOLYLINE
  5
3C4
102
{ACAD_XDICTIONARY
360
3C5
102
}
330
1F
100
AcDbEntity
  8
TDF.DBO
100
AcDbPolyline
 90
       28
 70
     1
 43
0.0
 10
2548340.6103
 20
3921214.2737
 10
2548340.6698
 20
3921219.3889
 10
2548342.9076
 20
3921224.3355
 10
2548347.3831
 20
3921228.34
 10
2548352.0942
 20
3921231.0489
 10
2548357.0409
 20
3921232.3444
 10
2548367.3131
 20
3921232.5262
 10
2548375.2965
 20
3921231.6378
 10
2548389.5476
 20
3921224.8067
 10
2548399.912
 20
3921223.2755
 10
2548411.9304
 20
3921222.7239
 10
2548425.1128
 20
3921221.0339
 10
2548435.5986
 20
3921218.3289
 10
2548444.3794
 20
3921217.3157
 10
2548452.6764
 20
3921213.8533
 10
2548443.4897
 20
3921202.3111
 10
2548439.7208
 20
3921199.3667
 10
2548433.4786
 20
3921197.4822
 10
2548422.6431
 20
3921196.54
 10
2548401.9142
 20
3921196.6578
 10
2548396.382
 20
3921197.3732
 10
2548391.5498
 20
3921199.9556
 10
2548383.7764
 20
3921202.1933
 10
2548380.3609
 20
3921202.4289
 10
2548360.5742
 20
3921202.5467
 10
2548354.4643
 20
3921203.9072
 10
2548348.4431
 20
3921206.1978
 10
2548342.9764
 20
3921209.5415
  0
LWPOLYLINE
  5
3D3
102
{ACAD_XDICTIONARY
360
3D4
102
}
330
1F
100
AcDbEntity
  8
TDF.DBO
100
AcDbPolyline
 90
       17
 70
     1
 43
0.0
 10
2548303.1237
 20
3920074.9499
 10
2548310.4507
 20
3920086.7858
 10
2548315.3408
 20
3920088.6885
 10
2548326.8866
 20
3920090.8638
 10
2548336.3769
 20
3920090.7311
 10
2548358.0101
 20
3920084.8399
 10
2548364.5575
 20
3920086.2222
 10
2548369.8906
 20
3920084.5053
 10
2548373.5753
 20
3920078.8952
 10
2548371.5639
 20
3920073.9635
 10
2548361.1758
 20
3920066.4957
 10
2548348.3049
 20
3920064.2583
 10
2548334.7511
 20
3920062.585
 10
2548330.1771
 20
3920062.5504
 10
2548321.1593
 20
3920065.3685
 10
2548311.5779
 20
3920065.3685
 10
2548307.069
 20
3920068.1866
  0
LWPOLYLINE
  5
3E2
102
{ACAD_XDICTIONARY
360
3E3
102
}
330
1F
100
AcDbEntity
  8
TDF.DBO
100
AcDbPolyline
 90
       10
 70
     1
 43
0.0
 10
2548480.3481
 20
3919908.8012
 10
2548476.1654
 20
3919943.3391
 10
2548484.704
 20
3919967.8411
 10
2548495.0988
 20
3919989.3732
 10
2548521.0857
 20
3919981.9483
 10
2548541.8753
 20
3919971.9248
 10
2548566.9713
 20
3919969.9324
 10
2548566.9713
 20
3919944.688
 10
2548545.5877
 20
3919929.2319
 10
2548517.0021
 20
3919921.4358
  0
LWPOLYLINE
  5
3F1
102
{ACAD_XDICTIONARY
360
3F2
102
}
330
1F
100
AcDbEntity
  8
TDF.DBO
100
AcDbPolyline
 90
       20
 70
     1
 43
0.0
 10
2548495.8314
 20
3919856.9263
 10
2548495.8413
 20
3919861.6658
 10
2548498.9993
 20
3919867.0637
 10
2548509.2951
 20
3919875.9339
 10
2548514.3638
 20
3919879.8938
 10
2548519.972
 20
3919883.9403
 10
2548523.5508
 20
3919885.5961
 10
2548527.0256
 20
3919886.1678
 10
2548535.5642
 20
3919888.024
 10
2548540.0191
 20
3919890.2514
 10
2548545.5877
 20
3919889.8802
 10
2548555.0717
 20
3919887.6552
 10
2548556.3538
 20
3919881.7129
 10
2548548.9289
 20
3919875.0305
 10
2548543.0336
 20
3919869.4396
 10
2548537.4204
 20
3919860.9233
 10
2548532.9655
 20
3919857.5821
 10
2548524.0557
 20
3919852.0135
 10
2548517.2149
 20
3919848.6896
 10
2548506.1272
 20
3919851.5408
  0
LWPOLYLINE
  5
400
102
{ACAD_XDICTIONARY
360
401
102
}
330
1F
100
AcDbEntity
  8
TDF.DBO
100
AcDbPolyline
 90
       18
 70
     1
 43
0.0
 10
2547976.2874
 20
3919767.38
 10
2547942.8902
 20
3919887.1493
 10
2547980.8939
 20
3919948.7614
 10
2548040.7786
 20
3919945.3065
 10
2548088.5711
 20
3919925.153
 10
2548145.0009
 20
3919911.3335
 10
2548201.4307
 20
3919918.8191
 10
2548227.3423
 20
3919962.5809
 10
2548278.5897
 20
3919974.0972
 10
2548316.0176
 20
3919931.487
 10
2548369.5683
 20
3919919.3949
 10
2548387.4185
 20
3919865.8442
 10
2548347.1116
 20
3919819.7791
 10
2548235.9795
 20
3919761.0461
 10
2548181.2772
 20
3919727.0731
 10
2548127.7265
 20
3919714.981
 10
2548071.8725
 20
3919719.5875
 10
2548017.746
 20
3919731.6796
  0
LWPOLYLINE
  5
40F
102
{ACAD_XDICTIONARY
360
410
102
}
330
1F
100
AcDbEntity
  8
TDF.DBO
100
AcDbPolyline
 90
       77
 70
     1
 43
0.0
 10
2548560.7605
 20
3920218.0317
 10
2548565.8536
 20
3920236.9367
 10
2548589.2562
 20
3920254.4886
 10
2548606.8082
 20
3920270.0904
 10
2548625.3353
 20
3920294.4681
 10
2548638.3255
 20
3920309.2118
 10
2548658.9545
 20
3920325.3024
 10
2548683.7092
 20
3920333.554
 10
2548710.9395
 20
3920335.6169
 10
2548733.5724
 20
3920316.8956
 10
2548752.0995
 20
3920306.1694
 10
2548777.4523
 20
3920307.1445
 10
2548801.8301
 20
3920313.9703
 10
2548853.5109
 20
3920307.1445
 10
2548884.7144
 20
3920301.2939
 10
2548905.6771
 20
3920291.8834
 10
2548940.2956
 20
3920283.7419
 10
2548957.6621
 20
3920279.9186
 10
2548977.3498
 20
3920264.2397
 10
2548989.0511
 20
3920241.8122
 10
2549010.5035
 20
3920226.2105
 10
2549038.7817
 20
3920226.2105
 10
2549064.1345
 20
3920234.0113
 10
2549096.3131
 20
3920240.8371
 10
2549117.3304
 20
3920243.6116
 10
2549139.659
 20
3920242.3064
 10
2549163.5957
 20
3920238.8869
 10
2549198.6996
 20
3920234.0113
 10
2549231.8533
 20
3920226.2105
 10
2549249.7685
 20
3920218.0317
 10
2549269.8826
 20
3920201.8327
 10
2549276.7084
 20
3920178.4301
 10
2549271.8328
 20
3920153.0772
 10
2549259.1564
 20
3920133.5751
 10
2549248.4302
 20
3920109.1973
 10
2549254.2808
 20
3920080.9192
 10
2549274.7581
 20
3920038.0143
 10
2549292.2642
 20
3920017.518
 10
2549291.335
 20
3919992.1842
 10
2549243.5546
 20
3919975.6073
 10
2549217.5873
 20
3919958.5191
 10
2549201.0841
 20
3919942.0159
 10
2549186.0232
 20
3919922.9514
 10
2549160.6703
 20
3919906.3746
 10
2549083.6367
 20
3919887.8475
 10
2549062.1843
 20
3919874.196
 10
2549034.8145
 20
3919869.4019
 10
2549010.5035
 20
3919866.3951
 10
2548984.0672
 20
3919871.4648
 10
2548958.8998
 20
3919871.0522
 10
2548912.2783
 20
3919858.2622
 10
2548884.7144
 20
3919859.5693
 10
2548855.4611
 20
3919869.3204
 10
2548833.0336
 20
3919878.0964
 10
2548810.6061
 20
3919883.947
 10
2548787.2034
 20
3919873.2208
 10
2548763.8008
 20
3919868.3453
 10
2548739.4231
 20
3919881.9968
 10
2548722.8462
 20
3919905.3995
 10
2548713.0951
 20
3919924.9016
 10
2548682.8667
 20
3919930.7523
 10
2548671.1654
 20
3919952.2047
 10
2548664.318
 20
3919978.3229
 10
2548626.3104
 20
3920025.3379
 10
2548597.8927
 20
3920063.3143
 10
2548589.2285
 20
3920090.5446
 10
2548597.8927
 20
3920137.9912
 10
2548606.9694
 20
3920163.1586
 10
2548619.4846
 20
3920187.2061
 10
2548639.9619
 20
3920203.7829
 10
2548668.2401
 20
3920212.5589
 10
2548689.6925
 20
3920225.2353
 10
2548706.2694
 20
3920241.8122
 10
2548686.7672
 20
3920258.3891
 10
2548649.713
 20
3920239.862
 10
2548619.3468
 20
3920220.0946
 10
2548595.8298
 20
3920209.3675
  0
LWPOLYLINE
  5
41E
102
{ACAD_XDICTIONARY
360
41F
102
}
330
1F
100
AcDbEntity
  8
TDF.DBO
100
AcDbPolyline
 90
       15
 70
     1
 43
0.0
 10
2550284.5028
 20
3920783.385
 10
2550277.1589
 20
3920793.6665
 10
2550276.9959
 20
3920803.6891
 10
2550284.7966
 20
3920810.4106
 10
2550294.6475
 20
3920815.4568
 10
2550308.2971
 20
3920816.5795
 10
2550324.0667
 20
3920816.4374
 10
2550337.0853
 20
3920819.8108
 10
2550347.9543
 20
3920820.6921
 10
2550355.8857
 20
3920812.1732
 10
2550352.6544
 20
3920801.5979
 10
2550341.7183
 20
3920791.9214
 10
2550316.8161
 20
3920784.8538
 10
2550308.2971
 20
3920784.8538
 10
2550295.0781
 20
3920782.21
  0
LWPOLYLINE
  5
42D
102
{ACAD_XDICTIONARY
360
42E
102
}
330
1F
100
AcDbEntity
  8
TDF.DBO
100
AcDbPolyline
 90
       23
 70
     1
 43
0.0
 10
2550159.6297
 20
3920610.078
 10
2550160.1806
 20
3920627.6586
 10
2550163.1693
 20
3920630.6473
 10
2550173.9287
 20
3920627.6586
 10
2550208.0001
 20
3920606.7375
 10
2550216.7425
 20
3920600.1983
 10
2550239.0828
 20
3920590.5984
 10
2550248.547
 20
3920584.093
 10
2550257.344
 20
3920576.108
 10
2550260.8628
 20
3920565.281
 10
2550260.6146
 20
3920556.0553
 10
2550259.1034
 20
3920545.5216
 10
2550249.9004
 20
3920540.2434
 10
2550239.75
 20
3920539.702
 10
2550230.2763
 20
3920540.9201
 10
2550220.532
 20
3920543.3562
 10
2550212.8177
 20
3920547.4163
 10
2550197.6598
 20
3920554.7246
 10
2550188.2746
 20
3920566.0909
 10
2550181.1485
 20
3920573.4013
 10
2550175.735
 20
3920582.1983
 10
2550168.156
 20
3920591.1306
 10
2550163.767
 20
3920598.9668
  0
LWPOLYLINE
  5
43C
102
{ACAD_XDICTIONARY
360
43D
102
}
330
1F
100
AcDbEntity
  8
TDF.DBO
100
AcDbPolyline
 90
       11
 70
     1
 43
0.0
 10
2548220.8425
 20
3919508.9418
 10
2548262.6302
 20
3919541.8655
 10
2548311.6596
 20
3919547.8975
 10
2548398.1236
 20
3919531.7351
 10
2548480.4327
 20
3919515.2733
 10
2548500.6934
 20
3919464.6216
 10
2548447.4861
 20
3919443.2955
 10
2548384.2565
 20
3919488.1807
 10
2548347.4719
 20
3919510.2081
 10
2548291.755
 20
3919506.4092
 10
2548262.481
 20
3919474.5199
  0
LWPOLYLINE
  5
44B
102
{ACAD_XDICTIONARY
360
44C
102
}
330
1F
100
AcDbEntity
  8
TDF.DBO
100
AcDbPolyline
 90
       11
 70
     1
 43
0.0
 10
2547162.9264
 20
3919260.6923
 10
2547208.4157
 20
3919289.0158
 10
2547245.322
 20
3919331.9302
 10
2547306.2605
 20
3919337.0799
 10
2547409.3961
 20
3919307.1829
 10
2547457.3191
 20
3919259.834
 10
2547413.5464
 20
3919192.0293
 10
2547361.1909
 20
3919174.8635
 10
2547308.8353
 20
3919194.6041
 10
2547261.6295
 20
3919222.9276
 10
2547203.2659
 20
3919225.5025
  0
LWPOLYLINE
  5
45A
102
{ACAD_XDICTIONARY
360
45B
102
}
330
1F
100
AcDbEntity
  8
TDF.DBO
100
AcDbPolyline
 90
       16
 70
     1
 43
0.0
 10
2547108.9352
 20
3919024.0254
 10
2547120.3215
 20
3919027.3243
 10
2547129.3668
 20
3919030.6231
 10
2547139.5043
 20
3919022.0193
 10
2547147.4041
 20
3919016.8541
 10
2547158.3423
 20
3919005.6121
 10
2547165.2286
 20
3918999.6564
 10
2547173.529
 20
3918988.6957
 10
2547171.5071
 20
3918975.2874
 10
2547161.3977
 20
3918964.1139
 10
2547148.0118
 20
3918970.3669
 10
2547134.4747
 20
3918975.181
 10
2547115.5012
 20
3918982.5204
 10
2547105.7784
 20
3918997.1046
 10
2547104.6786
 20
3919005.7221
 10
2547104.8914
 20
3919014.2353
  0
LWPOLYLINE
  5
469
102
{ACAD_XDICTIONARY
360
46A
102
}
330
1F
100
AcDbEntity
  8
TDF.DBO
100
AcDbPolyline
 90
       64
 70
     1
 43
0.0
 10
2547218.6238
 20
3918966.8652
 10
2547241.2986
 20
3919008.9982
 10
2547294.8073
 20
3919025.8459
 10
2547390.651
 20
3919018.4733
 10
2547454.5468
 20
3919018.4733
 10
2547535.6454
 20
3919028.3035
 10
2547641.3192
 20
3919033.2185
 10
2547739.6205
 20
3919030.761
 10
2547815.804
 20
3919038.1336
 10
2547858.9145
 20
3919062.5178
 10
2547887.0724
 20
3919104.4869
 10
2547897.4486
 20
3919153.501
 10
2547882.1573
 20
3919205.2457
 10
2547833.2251
 20
3919243.4139
 10
2547837.5067
 20
3919296.9335
 10
2547911.6477
 20
3919357.6127
 10
2547973.4464
 20
3919395.4095
 10
2548015.1917
 20
3919424.3101
 10
2548066.4722
 20
3919450.9989
 10
2548118.0803
 20
3919433.7961
 10
2548145.1132
 20
3919374.8154
 10
2548153.2722
 20
3919323.6933
 10
2548160.7649
 20
3919275.5257
 10
2548196.0878
 20
3919240.2027
 10
2548240.9569
 20
3919219.9909
 10
2548304.8527
 20
3919124.1472
 10
2548361.3759
 20
3919089.7418
 10
2548420.3567
 20
3919077.4541
 10
2548500.079
 20
3919074.2921
 10
2548607.1291
 20
3919077.4541
 10
2548730.0056
 20
3919089.7418
 10
2548808.6466
 20
3919092.1993
 10
2548919.2356
 20
3919072.539
 10
2549022.4519
 20
3919043.0487
 10
2549108.4655
 20
3919008.6432
 10
2549189.564
 20
3918998.8131
 10
2549253.4598
 20
3918974.2378
 10
2549270.6625
 20
3918920.1721
 10
2549236.5083
 20
3918868.7769
 10
2549157.6161
 20
3918812.0407
 10
2549108.4655
 20
3918750.6024
 10
2549051.9423
 20
3918652.3012
 10
2549015.0793
 20
3918608.0656
 10
2548985.5889
 20
3918585.9478
 10
2548929.0657
 20
3918585.9478
 10
2548870.0849
 20
3918598.2355
 10
2548806.1891
 20
3918630.1834
 10
2548530.9456
 20
3918718.6545
 10
2548368.7485
 20
3918730.9422
 10
2548267.9897
 20
3918745.6874
 10
2548235.6923
 20
3918753.1746
 10
2548181.9761
 20
3918777.6353
 10
2548140.1981
 20
3918807.1256
 10
2548086.9079
 20
3918830.2428
 10
2547973.4464
 20
3918801.3422
 10
2547899.36
 20
3918797.2955
 10
2547845.2943
 20
3918807.1256
 10
2547761.7383
 20
3918868.5639
 10
2547734.7491
 20
3918908.3814
 10
2547611.8288
 20
3918900.5118
 10
2547493.8673
 20
3918898.0543
 10
2547388.1935
 20
3918910.342
 10
2547284.9772
 20
3918902.9694
 10
2547228.4539
 20
3918912.7995
  0
LWPOLYLINE
  5
478
102
{ACAD_XDICTIONARY
360
479
102
}
330
1F
100
AcDbEntity
  8
TDF.DBO
100
AcDbPolyline
 90
       11
 70
     1
 43
0.0
 10
2547435.8869
 20
3918617.8628
 10
2547451.28
 20
3918669.6838
 10
2547510.8571
 20
3918677.5848
 10
2547567.3226
 20
3918672.4467
 10
2547630.3011
 20
3918664.2426
 10
2547674.1397
 20
3918623.5808
 10
2547679.8577
 20
3918507.3135
 10
2547630.9365
 20
3918560.0468
 10
2547584.5566
 20
3918575.2949
 10
2547517.5901
 20
3918581.2704
 10
2547477.184
 20
3918587.3664
  0
LWPOLYLINE
  5
487
102
{ACAD_XDICTIONARY
360
488
102
}
330
1F
100
AcDbEntity
  8
TDF.DBO
100
AcDbPolyline
 90
       31
 70
     1
 43
0.0
 10
2548024.0763
 20
3918439.5693
 10
2548089.3541
 20
3918450.4489
 10
2548145.4446
 20
3918466.0124
 10
2548212.6566
 20
3918457.702
 10
2548288.814
 20
3918439.5693
 10
2548328.7059
 20
3918427.4808
 10
2548372.2244
 20
3918419.0189
 10
2548448.6236
 20
3918395.2707
 10
2548514.8685
 20
3918375.5004
 10
2548558.387
 20
3918358.5765
 10
2548604.3232
 20
3918341.6526
 10
2548647.8417
 20
3918329.5642
 10
2548709.4929
 20
3918325.9376
 10
2548762.6822
 20
3918313.8491
 10
2548814.6627
 20
3918288.4633
 10
2548830.3777
 20
3918231.6475
 10
2548786.8592
 20
3918197.7998
 10
2548724.1796
 20
3918181.6979
 10
2548668.9337
 20
3918172.2657
 10
2548612.7851
 20
3918167.5786
 10
2548385.9666
 20
3918117.6935
 10
2548349.2563
 20
3918125.2689
 10
2548304.529
 20
3918156.6989
 10
2548305.7378
 20
3918207.4705
 10
2548343.5216
 20
3918242.3337
 10
2548310.5087
 20
3918282.0838
 10
2548254.9662
 20
3918300.5518
 10
2548203.3855
 20
3918315.7704
 10
2548154.6319
 20
3918357.3677
 10
2548124.4107
 20
3918382.7535
 10
2548068.8037
 20
3918400.8862
  0
LWPOLYLINE
  5
496
102
{ACAD_XDICTIONARY
360
497
102
}
330
1F
100
AcDbEntity
  8
TDF.DBO
100
AcDbPolyline
 90
       19
 70
     1
 43
0.0
 10
2548461.5364
 20
3918054.4794
 10
2548514.4259
 20
3918067.212
 10
2548573.192
 20
3918096.5951
 10
2548618.2461
 20
3918114.2249
 10
2548671.1747
 20
3918129.7871
 10
2548728.9222
 20
3918111.2866
 10
2548766.1408
 20
3918081.9036
 10
2548876.817
 20
3918046.6439
 10
2548927.8512
 20
3918000.4946
 10
2548905.2206
 20
3917954.577
 10
2548875.8375
 20
3917915.3996
 10
2548825.8863
 20
3917883.0782
 10
2548782.7912
 20
3917890.9137
 10
2548728.9222
 20
3917903.6463
 10
2548678.971
 20
3917934.0088
 10
2548622.1638
 20
3917956.5358
 10
2548575.756
 20
3917971.3919
 10
2548519.3231
 20
3917980.0423
 10
2548464.4747
 20
3918001.5899
  0
LWPOLYLINE
  5
4A5
102
{ACAD_XDICTIONARY
360
4A6
102
}
330
1F
100
AcDbEntity
  8
TDF.DBO
100
AcDbPolyline
 90
       26
 70
     1
 43
0.0
 10
2550862.0163
 20
3918640.0232
 10
2550877.3292
 20
3918663.3571
 10
2550900.4201
 20
3918675.5102
 10
2550931.5738
 20
3918715.3242
 10
2550945.5478
 20
3918737.4497
 10
2550970.5846
 20
3918749.6769
 10
2550993.9988
 20
3918742.1091
 10
2551022.4048
 20
3918741.5255
 10
2551047.7155
 20
3918753.776
 10
2551069.591
 20
3918765.9291
 10
2551144.6772
 20
3918751.4237
 10
2551169.0033
 20
3918762.0401
 10
2551187.2329
 20
3918745.0258
 10
2551175.5364
 20
3918722.3112
 10
2551160.01
 20
3918701.5178
 10
2551155.7399
 20
3918675.149
 10
2551160.3979
 20
3918648.9478
 10
2551151.5028
 20
3918623.495
 10
2551125.4629
 20
3918611.1016
 10
2551103.9197
 20
3918594.2163
 10
2551081.9872
 20
3918581.6883
 10
2551039.29
 20
3918613.4306
 10
2551014.2533
 20
3918611.6838
 10
2550988.6343
 20
3918618.6708
 10
2550961.6716
 20
3918617.9045
 10
2550936.1501
 20
3918614.5017
  0
LWPOLYLINE
  5
4B4
102
{ACAD_XDICTIONARY
360
4B5
102
}
330
1F
100
AcDbEntity
  8
TDF.DBO
100
AcDbPolyline
 90
       12
 70
     1
 43
0.0
 10
2551278.9937
 20
3918735.6034
 10
2551294.2186
 20
3918738.9784
 10
2551299.6935
 20
3918734.7784
 10
2551301.7935
 20
3918729.8285
 10
2551303.1435
 20
3918724.6535
 10
2551300.2935
 20
3918718.5035
 10
2551296.4686
 20
3918713.4786
 10
2551291.4436
 20
3918711.0786
 10
2551286.1936
 20
3918712.2786
 10
2551278.5055
 20
3918720.5169
 10
2551276.1175
 20
3918725.8234
 10
2551276.5937
 20
3918730.5785
  0
LWPOLYLINE
  5
4C3
102
{ACAD_XDICTIONARY
360
4C4
102
}
330
1F
100
AcDbEntity
  8
TDF.DBO
100
AcDbPolyline
 90
        6
 70
     1
 43
0.0
 10
2551408.0828
 20
3918741.1402
 10
2551409.5116
 20
3918746.8554
 10
2551413.2785
 20
3918750.2326
 10
2551418.734
 20
3918750.1027
 10
2551422.1112
 20
3918746.206
 10
2551418.0845
 20
3918742.4391
  0
LWPOLYLINE
  5
4D2
102
{ACAD_XDICTIONARY
360
4D3
102
}
330
1F
100
AcDbEntity
  8
TDF.DBO
100
AcDbPolyline
 90
        7
 70
     1
 43
0.0
 10
2551381.9462
 20
3918717.7595
 10
2551388.3392
 20
3918725.2933
 10
2551393.6318
 20
3918726.5439
 10
2551398.7091
 20
3918722.4741
 10
2551398.4708
 20
3918717.3699
 10
2551395.8729
 20
3918712.3041
 10
2551390.65
 20
3918711.1913
  0
LWPOLYLINE
  5
4E1
102
{ACAD_XDICTIONARY
360
4E2
102
}
330
1F
100
AcDbEntity
  8
TDF.DBO
100
AcDbPolyline
 90
        5
 70
     1
 43
0.0
 10
2551382.7311
 20
3918694.7952
 10
2551386.6712
 20
3918698.5422
 10
2551396.2124
 20
3918693.9454
 10
2551388.9502
 20
3918686.915
 10
2551383.8899
 20
3918689.619
  0
LWPOLYLINE
  5
4F0
102
{ACAD_XDICTIONARY
360
4F1
102
}
330
1F
100
AcDbEntity
  8
TDF.DBO
100
AcDbPolyline
 90
       10
 70
     1
 43
0.0
 10
2551269.3398
 20
3918586.4415
 10
2551275.2902
 20
3918587.6317
 10
2551282.0504
 20
3918587.2118
 10
2551292.2001
 20
3918576.6403
 10
2551291.9108
 20
3918571.7279
 10
2551287.9726
 20
3918567.9739
 10
2551282.9748
 20
3918568.1073
 10
2551277.4283
 20
3918572.3442
 10
2551273.9618
 20
3918576.1189
 10
2551270.3412
 20
3918581.3572
  0
LWPOLYLINE
  5
4FF
102
{ACAD_XDICTIONARY
360
500
102
}
330
1F
100
AcDbEntity
  8
TDF.DBO
100
AcDbPolyline
 90
       26
 70
     1
 43
0.0
 10
2551442.6745
 20
3918731.0336
 10
2551449.955
 20
3918737.7074
 10
2551463.9905
 20
3918740.3356
 10
2551473.1114
 20
3918740.3356
 10
2551486.9644
 20
3918742.3588
 10
2551493.2338
 20
3918741.5499
 10
2551499.9076
 20
3918743.37
 10
2551519.2228
 20
3918738.3087
 10
2551543.0386
 20
3918732.7348
 10
2551554.3094
 20
3918727.3933
 10
2551561.7872
 20
3918720.5735
 10
2551569.8947
 20
3918712.466
 10
2551574.4551
 20
3918706.8921
 10
2551572.9152
 20
3918701.9114
 10
2551560.7737
 20
3918696.7578
 10
2551554.1864
 20
3918695.7443
 10
2551526.3169
 20
3918702.8384
 10
2551521.5469
 20
3918703.1248
 10
2551506.0481
 20
3918707.3989
 10
2551492.2226
 20
3918710.2031
 10
2551486.1555
 20
3918710.2031
 10
2551479.0772
 20
3918712.0233
 10
2551474.6279
 20
3918711.6188
 10
2551469.6382
 20
3918713.4669
 10
2551461.887
 20
3918714.6524
 10
2551449.7528
 20
3918720.9217
  0
LWPOLYLINE
  5
50E
102
{ACAD_XDICTIONARY
360
50F
102
}
330
1F
100
AcDbEntity
  8
TDF.DBO
100
AcDbPolyline
 90
       19
 70
     1
 43
0.0
 10
2551374.2086
 20
3918570.6119
 10
2551387.4081
 20
3918602.7875
 10
2551458.2008
 20
3918631.6945
 10
2551472.6117
 20
3918631.5583
 10
2551486.2229
 20
3918631.9895
 10
2551536.6627
 20
3918623.4354
 10
2551561.4918
 20
3918611.8777
 10
2551581.2032
 20
3918598.068
 10
2551585.3327
 20
3918571.2258
 10
2551572.0591
 20
3918549.398
 10
2551553.2387
 20
3918531.2506
 10
2551532.2884
 20
3918508.3957
 10
2551518.9563
 20
3918491.8894
 10
2551494.1871
 20
3918481.26
 10
2551467.3449
 20
3918484.5047
 10
2551441.9775
 20
3918491.584
 10
2551415.7252
 20
3918493.0588
 10
2551397.0635
 20
3918514.1095
 10
2551393.2544
 20
3918538.2341
  0
LWPOLYLINE
  5
51D
102
{ACAD_XDICTIONARY
360
51E
102
}
330
1F
100
AcDbEntity
  8
TDF.DBO
100
AcDbPolyline
 90
       20
 70
     1
 43
0.0
 10
2551660.6184
 20
3918552.3639
 10
2551655.4635
 20
3918574.6394
 10
2551659.4078
 20
3918578.3604
 10
2551664.9149
 20
3918578.286
 10
2551670.367
 20
3918576.831
 10
2551696.5438
 20
3918576.2766
 10
2551701.009
 20
3918578.6581
 10
2551711.9489
 20
3918581.0396
 10
2551718.2746
 20
3918580.7419
 10
2551721.8468
 20
3918576.872
 10
2551723.1242
 20
3918571.6699
 10
2551721.4039
 20
3918566.5089
 10
2551717.6793
 20
3918561.7646
 10
2551712.611
 20
3918558.0983
 10
2551707.0371
 20
3918555.4388
 10
2551702.1997
 20
3918551.941
 10
2551697.1279
 20
3918549.4966
 10
2551688.7174
 20
3918547.7763
 10
2551683.5946
 20
3918547.1781
 10
2551678.9805
 20
3918547.4014
  0
LWPOLYLINE
  5
52C
102
{ACAD_XDICTIONARY
360
52D
102
}
330
1F
100
AcDbEntity
  8
TDF.DBO
100
AcDbPolyline
 90
       15
 70
     1
 43
0.0
 10
2552068.4138
 20
3920697.3566
 10
2552073.9718
 20
3920698.5595
 10
2552079.8194
 20
3920699.55
 10
2552085.0407
 20
3920698.1843
 10
2552092.541
 20
3920690.3378
 10
2552095.0268
 20
3920685.0737
 10
2552094.8433
 20
3920679.9392
 10
2552093.5646
 20
3920675.4228
 10
2552090.7628
 20
3920669.949
 10
2552085.8146
 20
3920667.5266
 10
2552080.5505
 20
3920667.6729
 10
2552075.3788
 20
3920670.3711
 10
2552068.1214
 20
3920678.0549
 10
2552065.4893
 20
3920683.319
 10
2552064.1692
 20
3920687.3029
  0
LWPOLYLINE
  5
53B
102
{ACAD_XDICTIONARY
360
53C
102
}
330
1F
100
AcDbEntity
  8
TDF.DBO
100
AcDbPolyline
 90
       14
 70
     1
 43
0.0
 10
2552091.4664
 20
3920731.5788
 10
2552096.0159
 20
3920735.0027
 10
2552101.1283
 20
3920733.5956
 10
2552106.2406
 20
3920730.8752
 10
2552112.4318
 20
3920729.5151
 10
2552117.7317
 20
3920729.3275
 10
2552122.6565
 20
3920726.7009
 10
2552125.0954
 20
3920721.5417
 10
2552122.422
 20
3920716.4293
 10
2552117.1689
 20
3920716.57
 10
2552110.7902
 20
3920719.3842
 10
2552105.8185
 20
3920722.0107
 10
2552095.7814
 20
3920724.8248
 10
2552092.0761
 20
3920728.6708
  0
LWPOLYLINE
  5
54A
102
{ACAD_XDICTIONARY
360
54B
102
}
330
1F
100
AcDbEntity
  8
TDF.DBO
100
AcDbPolyline
 90
       18
 70
     1
 43
0.0
 10
2552323.7907
 20
3920663.2408
 10
2552347.0966
 20
3920673.9143
 10
2552359.6782
 20
3920697.5525
 10
2552382.6928
 20
3920707.8996
 10
2552409.2421
 20
3920701.7464
 10
2552433.4347
 20
3920688.4634
 10
2552450.4183
 20
3920667.4329
 10
2552463.3812
 20
3920616.3439
 10
2552484.7318
 20
3920599.1872
 10
2552476.3441
 20
3920574.7865
 10
2552450.4183
 20
3920565.6362
 10
2552426.7801
 20
3920570.9739
 10
2552399.1617
 20
3920579.858
 10
2552374.3842
 20
3920581.6384
 10
2552352.8155
 20
3920598.4247
 10
2552332.99
 20
3920611.3875
 10
2552319.6458
 20
3920633.8819
 10
2552316.5958
 20
3920649.5136
  0
LWPOLYLINE
  5
559
102
{ACAD_XDICTIONARY
360
55A
102
}
330
1F
100
AcDbEntity
  8
TDF.DBO
100
AcDbPolyline
 90
       13
 70
     1
 43
0.0
 10
2552615.6113
 20
3920668.9214
 10
2552627.4493
 20
3920662.534
 10
2552631.5372
 20
3920658.1906
 10
2552636.3064
 20
3920654.4433
 10
2552641.1608
 20
3920652.1439
 10
2552646.5262
 20
3920647.7153
 10
2552648.6553
 20
3920641.9241
 10
2552648.5702
 20
3920636.4735
 10
2552643.2899
 20
3920635.2812
 10
2552633.496
 20
3920638.0917
 10
2552628.0454
 20
3920640.9873
 10
2552625.5756
 20
3920646.523
 10
2552621.9987
 20
3920651.4626
  0
LWPOLYLINE
  5
568
102
{ACAD_XDICTIONARY
360
569
102
}
330
1F
100
AcDbEntity
  8
TDF.DBO
100
AcDbPolyline
 90
       24
 70
     1
 43
0.0
 10
2552714.6957
 20
3920735.7665
 10
2552720.9043
 20
3920739.4652
 10
2552732.9251
 20
3920736.5591
 10
2552743.6249
 20
3920724.9346
 10
2552750.0977
 20
3920720.8396
 10
2552756.8346
 20
3920717.9334
 10
2552775.3282
 20
3920714.1026
 10
2552781.8009
 20
3920713.8384
 10
2552786.6885
 20
3920709.8755
 10
2552789.1983
 20
3920704.8559
 10
2552790.2551
 20
3920698.5152
 10
2552787.4811
 20
3920687.9475
 10
2552783.5182
 20
3920683.0599
 10
2552772.9504
 20
3920688.7401
 10
2552761.9864
 20
3920691.382
 10
2552751.5507
 20
3920691.6462
 10
2552746.6631
 20
3920692.9671
 10
2552736.6238
 20
3920698.3831
 10
2552729.7548
 20
3920704.0633
 10
2552726.8486
 20
3920707.4978
 10
2552721.6969
 20
3920710.1397
 10
2552717.9981
 20
3920715.2915
 10
2552715.4883
 20
3920720.3112
 10
2552713.2427
 20
3920732.9925
  0
LWPOLYLINE
  5
577
102
{ACAD_XDICTIONARY
360
578
102
}
330
1F
100
AcDbEntity
  8
TDF.DBO
100
AcDbPolyline
 90
       32
 70
     1
 43
0.0
 10
2553232.7315
 20
3920303.2409
 10
2553237.7771
 20
3920304.332
 10
2553243.5602
 20
3920309.0162
 10
2553245.9019
 20
3920317.9816
 10
2553255.1109
 20
3920329.9517
 10
2553260.1643
 20
3920330.983
 10
2553265.0114
 20
3920328.1985
 10
2553268.8272
 20
3920323.0419
 10
2553272.2262
 20
3920319.2816
 10
2553279.1403
 20
3920314.9977
 10
2553284.2968
 20
3920312.4195
 10
2553288.7314
 20
3920311.0788
 10
2553296.2756
 20
3920307.9069
 10
2553300.3852
 20
3920304.3753
 10
2553306.573
 20
3920303.1377
 10
2553310.5752
 20
3920298.8071
 10
2553310.2502
 20
3920293.2823
 10
2553309.2752
 20
3920287.7574
 10
2553303.7885
 20
3920283.8523
 10
2553299.0445
 20
3920284.0586
 10
2553295.3006
 20
3920283.5325
 10
2553284.9009
 20
3920281.5826
 10
2553278.5215
 20
3920281.7897
 10
2553273.2012
 20
3920282.2326
 10
2553268.3116
 20
3920283.5429
 10
2553252.0768
 20
3920283.8575
 10
2553247.7886
 20
3920283.7492
 10
2553242.8383
 20
3920285.2961
 10
2553237.7849
 20
3920285.5024
 10
2553232.5773
 20
3920286.7824
 10
2553228.8126
 20
3920293.0309
 10
2553228.9157
 20
3920299.5282
  0
LWPOLYLINE
  5
586
102
{ACAD_XDICTIONARY
360
587
102
}
330
1F
100
AcDbEntity
  8
TDF.DBO
100
AcDbPolyline
 90
       27
 70
     1
 43
0.0
 10
2553334.959
 20
3920251.2729
 10
2553340.0664
 20
3920253.7155
 10
2553345.2848
 20
3920249.3854
 10
2553360.2738
 20
3920241.6133
 10
2553381.5915
 20
3920241.1692
 10
2553387.1429
 20
3920242.2795
 10
2553391.9172
 20
3920244.6111
 10
2553398.468
 20
3920245.8324
 10
2553403.7974
 20
3920243.1677
 10
2553408.5716
 20
3920241.7243
 10
2553413.679
 20
3920239.1707
 10
2553414.9003
 20
3920232.7309
 10
2553412.1246
 20
3920227.4015
 10
2553408.0165
 20
3920222.4052
 10
2553404.0194
 20
3920218.6302
 10
2553397.6907
 20
3920215.1883
 10
2553391.3621
 20
3920214.078
 10
2553386.0326
 20
3920215.5214
 10
2553371.0437
 20
3920215.8545
 10
2553365.7142
 20
3920217.2978
 10
2553360.8289
 20
3920217.2978
 10
2553354.2782
 20
3920218.8523
 10
2553349.1708
 20
3920221.628
 10
2553344.2855
 20
3920225.6251
 10
2553337.4017
 20
3920235.5067
 10
2553334.848
 20
3920240.503
 10
2553333.5157
 20
3920246.1655
  0
LWPOLYLINE
  5
595
102
{ACAD_XDICTIONARY
360
596
102
}
330
1F
100
AcDbEntity
  8
TDF.DBO
100
AcDbPolyline
 90
       40
 70
     1
 43
0.0
 10
2553131.3669
 20
3920021.2908
 10
2553159.5309
 20
3920034.21
 10
2553186.171
 20
3920032.0353
 10
2553212.2675
 20
3920026.5985
 10
2553237.2767
 20
3920029.3169
 10
2553256.8491
 20
3920047.8019
 10
2553283.4892
 20
3920052.1513
 10
2553288.926
 20
3920078.2478
 10
2553278.0399
 20
3920103.9055
 10
2553287.295
 20
3920120.111
 10
2553309.0421
 20
3920130.4408
 10
2553336.2259
 20
3920130.9845
 10
2553384.6132
 20
3920136.4213
 10
2553423.7579
 20
3920140.227
 10
2553440.219
 20
3920141.527
 10
2553468.3395
 20
3920140.7707
 10
2553518.3577
 20
3920130.4408
 10
2553547.1726
 20
3920128.2661
 10
2553559.6927
 20
3920122.7163
 10
2553576.4698
 20
3920097.5505
 10
2553561.3082
 20
3920077.7041
 10
2553541.6445
 20
3920064.7588
 10
2553519.0208
 20
3920047.2191
 10
2553491.1739
 20
3920001.5894
 10
2553471.7397
 20
3919985.9571
 10
2553469.4268
 20
3919960.2699
 10
2553456.3786
 20
3919936.8918
 10
2553437.8935
 20
3919928.7366
 10
2553404.8853
 20
3919924.4408
 10
2553376.9234
 20
3919918.8485
 10
2553353.0799
 20
3919917.3194
 10
2553325.3524
 20
3919924.9309
 10
2553298.7122
 20
3919927.6493
 10
2553273.9727
 20
3919927.9996
 10
2553250.8686
 20
3919917.3194
 10
2553197.5883
 20
3919927.1056
 10
2553172.0354
 20
3919936.8918
 10
2553150.4637
 20
3919952.5934
 10
2553131.1445
 20
3919969.879
 10
2553118.657
 20
3919994.854
  0
LWPOLYLINE
  5
5A4
102
{ACAD_XDICTIONARY
360
5A5
102
}
330
1F
100
AcDbEntity
  8
TDF.DBO
100
AcDbPolyline
 90
       35
 70
     1
 43
0.0
 10
2553871.254
 20
3919211.4282
 10
2553881.5405
 20
3919223.8715
 10
2553888.6746
 20
3919229.1806
 10
2553895.6429
 20
3919233.1625
 10
2553905.4316
 20
3919240.2967
 10
2553912.0681
 20
3919243.9467
 10
2553916.6618
 20
3919244.8494
 10
2553924.1776
 20
3919249.7048
 10
2553933.3046
 20
3919253.2377
 10
2553936.291
 20
3919254.7309
 10
2553941.3377
 20
3919255.8904
 10
2553947.7389
 20
3919258.3809
 10
2553952.5782
 20
3919258.0852
 10
2553957.8594
 20
3919255.3945
 10
2553968.9401
 20
3919246.1796
 10
2553971.3345
 20
3919240.9917
 10
2553968.3118
 20
3919232.9966
 10
2553963.087
 20
3919228.1549
 10
2553958.0254
 20
3919224.701
 10
2553953.3799
 20
3919222.3783
 10
2553947.573
 20
3919222.3783
 10
2553942.9275
 20
3919221.2169
 10
2553937.2865
 20
3919221.3828
 10
2553927.7028
 20
3919219.0428
 10
2553921.1846
 20
3919217.9121
 10
2553914.8885
 20
3919215.5759
 10
2553909.5794
 20
3919214.4146
 10
2553904.2241
 20
3919210.5958
 10
2553900.2334
 20
3919204.1442
 10
2553891.8269
 20
3919193.5098
 10
2553884.4036
 20
3919186.7846
 10
2553878.2845
 20
3919186.9841
 10
2553873.2449
 20
3919192.1825
 10
2553869.5949
 20
3919200.1462
 10
2553869.904
 20
3919206.2725
  0
LWPOLYLINE
  5
5B3
102
{ACAD_XDICTIONARY
360
5B4
102
}
330
1F
100
AcDbEntity
  8
TDF.DBO
100
AcDbPolyline
 90
        9
 70
     1
 43
0.0
 10
2552873.6342
 20
3919029.1353
 10
2552881.9321
 20
3919039.5679
 10
2552890.3805
 20
3919035.1747
 10
2552891.4015
 20
3919029.9632
 10
2552890.0642
 20
3919025.0597
 10
2552887.5169
 20
3919019.9651
 10
2552882.1676
 20
3919017.4815
 10
2552877.1367
 20
3919020.0288
 10
2552873.3795
 20
3919024.0407
  0
LWPOLYLINE
  5
5C2
102
{ACAD_XDICTIONARY
360
5C3
102
}
330
1F
100
AcDbEntity
  8
TDF.DBO
100
AcDbPolyline
 90
        9
 70
     1
 43
0.0
 10
2552351.45
 20
3918894.4992
 10
2552357.7894
 20
3918895.574
 10
2552362.6817
 20
3918890.2935
 10
2552365.1278
 20
3918886.3366
 10
2552363.8042
 20
3918881.042
 10
2552358.7301
 20
3918877.7329
 10
2552353.4355
 20
3918879.0565
 10
2552349.9463
 20
3918882.994
 10
2552348.9368
 20
3918889.3616
  0
LWPOLYLINE
  5
5D1
102
{ACAD_XDICTIONARY
360
5D2
102
}
330
1F
100
AcDbEntity
  8
TDF.DBO
100
AcDbPolyline
 90
        8
 70
     1
 43
0.0
 10
2552397.3157
 20
3918887.4979
 10
2552402.2856
 20
3918888.1192
 10
2552407.4885
 20
3918885.3236
 10
2552412.4584
 20
3918884.0035
 10
2552409.6628
 20
3918878.8783
 10
2552405.7801
 20
3918875.1508
 10
2552400.6549
 20
3918878.0241
 10
2552397.0827
 20
3918883.3046
  0
LWPOLYLINE
  5
5E0
102
{ACAD_XDICTIONARY
360
5E1
102
}
330
1F
100
AcDbEntity
  8
TDF.DBO
100
AcDbPolyline
 90
        6
 70
     1
 43
0.0
 10
2552403.2951
 20
3918860.0082
 10
2552409.1969
 20
3918854.7276
 10
2552408.4203
 20
3918850.0684
 10
2552405.1588
 20
3918845.875
 10
2552400.1113
 20
3918849.913
 10
2552399.8007
 20
3918854.5723
  0
LWPOLYLINE
  5
5EF
102
{ACAD_XDICTIONARY
360
5F0
102
}
330
1F
100
AcDbEntity
  8
TDF.DBO
100
AcDbPolyline
 90
        9
 70
     1
 43
0.0
 10
2552351.372
 20
3918843.7462
 10
2552364.2821
 20
3918841.7077
 10
2552366.7088
 20
3918836.5146
 10
2552365.2528
 20
3918831.4185
 10
2552361.3701
 20
3918827.6813
 10
2552356.2254
 20
3918826.5165
 10
2552349.8674
 20
3918828.0211
 10
2552348.7997
 20
3918832.9716
 10
2552348.8968
 20
3918838.3103
  0
LWPOLYLINE
  5
5FE
102
{ACAD_XDICTIONARY
360
5FF
102
}
330
1F
100
AcDbEntity
  8
TDF.DBO
100
AcDbPolyline
 90
       10
 70
     1
 43
0.0
 10
2552486.5783
 20
3918875.9366
 10
2552493.9589
 20
3918882.1639
 10
2552499.2636
 20
3918883.3171
 10
2552502.3773
 20
3918883.3171
 10
2552509.1812
 20
3918883.0864
 10
2552514.3706
 20
3918881.7026
 10
2552519.2141
 20
3918871.3238
 10
2552515.1778
 20
3918867.5182
 10
2552504.5684
 20
3918867.8641
 10
2552492.575
 20
3918870.6318
  0
LWPOLYLINE
  5
60D
102
{ACAD_XDICTIONARY
360
60E
102
}
330
1F
100
AcDbEntity
  8
TDF.DBO
100
AcDbPolyline
 90
       13
 70
     1
 43
0.0
 10
2552500.3015
 20
3918822.5432
 10
2552504.1071
 20
3918824.3883
 10
2552509.2965
 20
3918825.5415
 10
2552520.3673
 20
3918823.0045
 10
2552525.672
 20
3918818.7376
 10
2552529.3623
 20
3918812.2796
 10
2552528.0937
 20
3918807.3209
 10
2552521.4051
 20
3918802.2468
 10
2552514.9472
 20
3918802.4774
 10
2552509.7578
 20
3918803.9766
 10
2552504.9143
 20
3918807.8975
 10
2552501.4547
 20
3918812.8562
 10
2552500.1862
 20
3918818.0457
  0
LWPOLYLINE
  5
61C
102
{ACAD_XDICTIONARY
360
61D
102
}
330
1F
100
AcDbEntity
  8
TDF.DBO
100
AcDbPolyline
 90
       11
 70
     1
 43
0.0
 10
2552603.3208
 20
3918823.2162
 10
2552613.9296
 20
3918828.201
 10
2552619.0423
 20
3918826.795
 10
2552626.4237
 20
3918816.4099
 10
2552626.3033
 20
3918811.201
 10
2552624.9218
 20
3918806.3124
 10
2552620.9602
 20
3918802.5185
 10
2552615.9427
 20
3918803.9159
 10
2552609.3199
 20
3918810.8193
 10
2552608.1779
 20
3918812.1281
 10
2552604.8355
 20
3918816.8303
  0
LWPOLYLINE
  5
62B
102
{ACAD_XDICTIONARY
360
62C
102
}
330
1F
100
AcDbEntity
  8
TDF.DBO
100
AcDbPolyline
 90
        6
 70
     1
 43
0.0
 10
2552576.5729
 20
3918770.2694
 10
2552608.7228
 20
3918769.5075
 10
2552632.8449
 20
3918762.5284
 10
2552633.6283
 20
3918737.0033
 10
2552608.1031
 20
3918742.7481
 10
2552586.6293
 20
3918756.0991
  0
LWPOLYLINE
  5
63A
102
{ACAD_XDICTIONARY
360
63B
102
}
330
1F
100
AcDbEntity
  8
TDF.DBO
100
AcDbPolyline
 90
       46
 70
     1
 43
0.0
 10
2552680.3403
 20
3918701.3979
 10
2552704.9985
 20
3918727.7596
 10
2552733.3396
 20
3918731.0523
 10
2552759.4279
 20
3918736.4932
 10
2552810.9457
 20
3918760.0757
 10
2552835.2235
 20
3918765.6574
 10
2552860.0209
 20
3918770.0242
 10
2552887.7814
 20
3918768.3087
 10
2552922.6228
 20
3918758.1829
 10
2552957.0269
 20
3918746.6305
 10
2552993.677
 20
3918733.3741
 10
2553036.7215
 20
3918726.2
 10
2553068.8489
 20
3918720.4296
 10
2553096.2975
 20
3918719.6498
 10
2553124.5249
 20
3918724.1119
 10
2553152.7544
 20
3918724.9523
 10
2553181.2947
 20
3918722.9249
 10
2553207.1786
 20
3918715.9096
 10
2553233.5407
 20
3918711.384
 10
2553291.0941
 20
3918705.1836
 10
2553320.5653
 20
3918702.9622
 10
2553345.9865
 20
3918697.1918
 10
2553357.6834
 20
3918674.11
 10
2553333.3539
 20
3918663.1929
 10
2553282.0437
 20
3918651.652
 10
2553255.6867
 20
3918648.5328
 10
2553228.0821
 20
3918636.3681
 10
2553202.661
 20
3918629.0381
 10
2553175.6314
 20
3918626.3156
 10
2553144.7151
 20
3918617.4824
 10
2553098.169
 20
3918595.819
 10
2553043.7396
 20
3918604.8646
 10
2553018.0065
 20
3918614.534
 10
2552993.677
 20
3918603.305
 10
2552974.0263
 20
3918586.9294
 10
2552950.6326
 20
3918574.9206
 10
2552926.3031
 20
3918566.6548
 10
2552876.5525
 20
3918565.5631
 10
2552846.2966
 20
3918566.031
 10
2552822.5909
 20
3918576.7921
 10
2552829.2431
 20
3918602.3397
 10
2552777.3631
 20
3918608.6075
 10
2552756.0536
 20
3918624.4228
 10
2552735.8633
 20
3918647.1367
 10
2552722.7777
 20
3918668.3395
 10
2552701.7234
 20
3918685.339
  0
LWPOLYLINE
  5
649
102
{ACAD_XDICTIONARY
360
64A
102
}
330
1F
100
AcDbEntity
  8
TDF.DBO
100
AcDbPolyline
 90
       19
 70
     1
 43
0.0
 10
2553461.9981
 20
3918807.5398
 10
2553468.8338
 20
3918814.1467
 10
2553472.9599
 20
3918818.7885
 10
2553477.2249
 20
3918819.6202
 10
2553482.0717
 20
3918819.3043
 10
2553489.6362
 20
3918819.3043
 10
2553493.7623
 20
3918818.4447
 10
2553496.1481
 20
3918813.9056
 10
2553495.9899
 20
3918806.2321
 10
2553494.6219
 20
3918801.2526
 10
2553494.45
 20
3918796.095
 10
2553491.7852
 20
3918790.9737
 10
2553486.6482
 20
3918787.3897
 10
2553480.1571
 20
3918786.2747
 10
2553473.8195
 20
3918786.2955
 10
2553462.2371
 20
3918784.1243
 10
2553458.1752
 20
3918785.3189
 10
2553457.3787
 20
3918789.4605
 10
2553459.569
 20
3918798.6196
  0
LWPOLYLINE
  5
658
102
{ACAD_XDICTIONARY
360
659
102
}
330
1F
100
AcDbEntity
  8
TDF.DBO
100
AcDbPolyline
 90
        7
 70
     1
 43
0.0
 10
2557523.9471
 20
3918674.2437
 10
2557566.7253
 20
3918699.3206
 10
2557607.7969
 20
3918682.0157
 10
2557620.7261
 20
3918676.3592
 10
2557650.0692
 20
3918650.6419
 10
2557625.7298
 20
3918639.0869
 10
2557571.1507
 20
3918643.7581
  0
LWPOLYLINE
  5
667
102
{ACAD_XDICTIONARY
360
668
102
}
330
1F
100
AcDbEntity
  8
TDF.DBO
100
AcDbPolyline
 90
        5
 70
     1
 43
0.0
 10
2558022.4082
 20
3918589.1227
 10
2558073.7414
 20
3918610.1825
 10
2558163.2455
 20
3918537.7895
 10
2558077.032
 20
3918520.6784
 10
2558027.6731
 20
3918535.157
  0
LWPOLYLINE
  5
676
102
{ACAD_XDICTIONARY
360
677
102
}
330
1F
100
AcDbEntity
  8
TDF.DBO
100
AcDbPolyline
 90
        4
 70
     1
 43
0.0
 10
2558358.0486
 20
3918489.0887
 10
2558393.587
 20
3918478.5588
 10
2558384.3734
 20
3918417.3538
 10
2558338.3051
 20
3918441.0461
  0
LWPOLYLINE
  5
685
102
{ACAD_XDICTIONARY
360
686
102
}
330
1F
100
AcDbEntity
  8
TDF.DBO
100
AcDbPolyline
 90
        5
 70
     1
 43
0.0
 10
2558560.091
 20
3918431.1743
 10
2558610.3953
 20
3918418.9105
 10
2558624.1707
 20
3918374.0215
 10
2558564.7938
 20
3918368.0838
 10
2558521.9202
 20
3918398.2684
  0
LWPOLYLINE
  5
694
102
{ACAD_XDICTIONARY
360
695
102
}
330
1F
100
AcDbEntity
  8
TDF.DBO
100
AcDbPolyline
 90
        5
 70
     1
 43
0.0
 10
2558669.8656
 20
3918633.6372
 10
2558726.3337
 20
3918614.6856
 10
2558716.6645
 20
3918539.2659
 10
2558663.2905
 20
3918528.4364
 10
2558667.9317
 20
3918580.65
  0
LWPOLYLINE
  5
6A3
102
{ACAD_XDICTIONARY
360
6A4
102
}
330
1F
100
AcDbEntity
  8
TDF.DBO
100
AcDbPolyline
 90
        5
 70
     1
 43
0.0
 10
2558789.6467
 20
3918711.9569
 10
2558837.7228
 20
3918737.6778
 10
2558893.4614
 20
3918722.6908
 10
2558847.8022
 20
3918661.972
 10
2558822.2521
 20
3918671.5405
  0
LWPOLYLINE
  5
6B2
102
{ACAD_XDICTIONARY
360
6B3
102
}
330
1F
100
AcDbEntity
  8
TDF.DBO
100
AcDbPolyline
 90
        5
 70
     1
 43
0.0
 10
2547986.7118
 20
3921307.865
 10
2547989.9086
 20
3921311.9752
 10
2547995.3888
 20
3921310.8335
 10
2547996.5305
 20
3921306.7233
 10
2547991.2786
 20
3921306.7233
  0
LWPOLYLINE
  5
6C1
102
{ACAD_XDICTIONARY
360
6C2
102
}
330
1F
100
AcDbEntity
  8
TDF.DBO
100
AcDbPolyline
 90
        8
 70
     1
 43
0.0
 10
2552419.3243
 20
3924541.2819
 10
2552420.9316
 20
3924546.2187
 10
2552425.9833
 20
3924548.2853
 10
2552431.1498
 20
3924547.7113
 10
2552433.7904
 20
3924545.8743
 10
2552432.7571
 20
3924545.0706
 10
2552429.772
 20
3924540.8226
 10
2552424.3759
 20
3924541.9707
  0
ENDSEC
  0
SECTION
  2
OBJECTS
  0
DICTIONARY
  5
C
330
0
100
AcDbDictionary
281
     1
  3
ACAD_GROUP
350
D
  3
ACAD_LAYOUT
350
1A
  3
ACAD_MATERIAL
350
3B
  3
ACAD_MLEADERSTYLE
350
60
  3
ACAD_MLINESTYLE
350
17
  3
ACAD_PLOTSETTINGS
350
19
  3
ACAD_PLOTSTYLENAME
350
E
  3
ACAD_TABLESTYLE
350
5F
  3
ACAD_VISUALSTYLE
350
2A
  3
ESRI_FEATURES
350
62
  3
ESRI_PRJ
350
6D0
  0
DICTIONARY
  5
6E
330
6D
100
AcDbDictionary
280
     1
281
     1
  3
ESRI_Attributes
360
6F
  0
DICTIONARY
  5
7D
330
7C
100
AcDbDictionary
280
     1
281
     1
  3
ESRI_Attributes
360
7E
  0
DICTIONARY
  5
8C
330
8B
100
AcDbDictionary
280
     1
281
     1
  3
ESRI_Attributes
360
8D
  0
DICTIONARY
  5
9B
330
9A
100
AcDbDictionary
280
     1
281
     1
  3
ESRI_Attributes
360
9C
  0
DICTIONARY
  5
AA
330
A9
100
AcDbDictionary
280
     1
281
     1
  3
ESRI_Attributes
360
AB
  0
DICTIONARY
  5
B9
330
B8
100
AcDbDictionary
280
     1
281
     1
  3
ESRI_Attributes
360
BA
  0
DICTIONARY
  5
C8
330
C7
100
AcDbDictionary
280
     1
281
     1
  3
ESRI_Attributes
360
C9
  0
DICTIONARY
  5
D7
330
D6
100
AcDbDictionary
280
     1
281
     1
  3
ESRI_Attributes
360
D8
  0
DICTIONARY
  5
E6
330
E5
100
AcDbDictionary
280
     1
281
     1
  3
ESRI_Attributes
360
E7
  0
DICTIONARY
  5
F5
330
F4
100
AcDbDictionary
280
     1
281
     1
  3
ESRI_Attributes
360
F6
  0
DICTIONARY
  5
104
330
103
100
AcDbDictionary
280
     1
281
     1
  3
ESRI_Attributes
360
105
  0
DICTIONARY
  5
113
330
112
100
AcDbDictionary
280
     1
281
     1
  3
ESRI_Attributes
360
114
  0
DICTIONARY
  5
122
330
121
100
AcDbDictionary
280
     1
281
     1
  3
ESRI_Attributes
360
123
  0
DICTIONARY
  5
131
330
130
100
AcDbDictionary
280
     1
281
     1
  3
ESRI_Attributes
360
132
  0
DICTIONARY
  5
140
330
13F
100
AcDbDictionary
280
     1
281
     1
  3
ESRI_Attributes
360
141
  0
DICTIONARY
  5
14F
330
14E
100
AcDbDictionary
280
     1
281
     1
  3
ESRI_Attributes
360
150
  0
DICTIONARY
  5
15E
330
15D
100
AcDbDictionary
280
     1
281
     1
  3
ESRI_Attributes
360
15F
  0
DICTIONARY
  5
16D
330
16C
100
AcDbDictionary
280
     1
281
     1
  3
ESRI_Attributes
360
16E
  0
DICTIONARY
  5
17C
330
17B
100
AcDbDictionary
280
     1
281
     1
  3
ESRI_Attributes
360
17D
  0
DICTIONARY
  5
18B
330
18A
100
AcDbDictionary
280
     1
281
     1
  3
ESRI_Attributes
360
18C
  0
DICTIONARY
  5
19A
330
199
100
AcDbDictionary
280
     1
281
     1
  3
ESRI_Attributes
360
19B
  0
DICTIONARY
  5
1A9
330
1A8
100
AcDbDictionary
280
     1
281
     1
  3
ESRI_Attributes
360
1AA
  0
DICTIONARY
  5
1B8
330
1B7
100
AcDbDictionary
280
     1
281
     1
  3
ESRI_Attributes
360
1B9
  0
DICTIONARY
  5
1C7
330
1C6
100
AcDbDictionary
280
     1
281
     1
  3
ESRI_Attributes
360
1C8
  0
DICTIONARY
  5
1D6
330
1D5
100
AcDbDictionary
280
     1
281
     1
  3
ESRI_Attributes
360
1D7
  0
DICTIONARY
  5
1E5
330
1E4
100
AcDbDictionary
280
     1
281
     1
  3
ESRI_Attributes
360
1E6
  0
DICTIONARY
  5
1F4
330
1F3
100
AcDbDictionary
280
     1
281
     1
  3
ESRI_Attributes
360
1F5
  0
DICTIONARY
  5
203
330
202
100
AcDbDictionary
280
     1
281
     1
  3
ESRI_Attributes
360
204
  0
DICTIONARY
  5
212
330
211
100
AcDbDictionary
280
     1
281
     1
  3
ESRI_Attributes
360
213
  0
DICTIONARY
  5
221
330
220
100
AcDbDictionary
280
     1
281
     1
  3
ESRI_Attributes
360
222
  0
DICTIONARY
  5
230
330
22F
100
AcDbDictionary
280
     1
281
     1
  3
ESRI_Attributes
360
231
  0
DICTIONARY
  5
23F
330
23E
100
AcDbDictionary
280
     1
281
     1
  3
ESRI_Attributes
360
240
  0
DICTIONARY
  5
24E
330
24D
100
AcDbDictionary
280
     1
281
     1
  3
ESRI_Attributes
360
24F
  0
DICTIONARY
  5
25D
330
25C
100
AcDbDictionary
280
     1
281
     1
  3
ESRI_Attributes
360
25E
  0
DICTIONARY
  5
26C
330
26B
100
AcDbDictionary
280
     1
281
     1
  3
ESRI_Attributes
360
26D
  0
DICTIONARY
  5
27B
330
27A
100
AcDbDictionary
280
     1
281
     1
  3
ESRI_Attributes
360
27C
  0
DICTIONARY
  5
28A
330
289
100
AcDbDictionary
280
     1
281
     1
  3
ESRI_Attributes
360
28B
  0
DICTIONARY
  5
299
330
298
100
AcDbDictionary
280
     1
281
     1
  3
ESRI_Attributes
360
29A
  0
DICTIONARY
  5
2A8
330
2A7
100
AcDbDictionary
280
     1
281
     1
  3
ESRI_Attributes
360
2A9
  0
DICTIONARY
  5
2B7
330
2B6
100
AcDbDictionary
280
     1
281
     1
  3
ESRI_Attributes
360
2B8
  0
DICTIONARY
  5
2C6
330
2C5
100
AcDbDictionary
280
     1
281
     1
  3
ESRI_Attributes
360
2C7
  0
DICTIONARY
  5
2D5
330
2D4
100
AcDbDictionary
280
     1
281
     1
  3
ESRI_Attributes
360
2D6
  0
DICTIONARY
  5
2E4
330
2E3
100
AcDbDictionary
280
     1
281
     1
  3
ESRI_Attributes
360
2E5
  0
DICTIONARY
  5
2F3
330
2F2
100
AcDbDictionary
280
     1
281
     1
  3
ESRI_Attributes
360
2F4
  0
DICTIONARY
  5
302
330
301
100
AcDbDictionary
280
     1
281
     1
  3
ESRI_Attributes
360
303
  0
DICTIONARY
  5
311
330
310
100
AcDbDictionary
280
     1
281
     1
  3
ESRI_Attributes
360
312
  0
DICTIONARY
  5
320
330
31F
100
AcDbDictionary
280
     1
281
     1
  3
ESRI_Attributes
360
321
  0
DICTIONARY
  5
32F
330
32E
100
AcDbDictionary
280
     1
281
     1
  3
ESRI_Attributes
360
330
  0
DICTIONARY
  5
33E
330
33D
100
AcDbDictionary
280
     1
281
     1
  3
ESRI_Attributes
360
33F
  0
DICTIONARY
  5
34D
330
34C
100
AcDbDictionary
280
     1
281
     1
  3
ESRI_Attributes
360
34E
  0
DICTIONARY
  5
35C
330
35B
100
AcDbDictionary
280
     1
281
     1
  3
ESRI_Attributes
360
35D
  0
DICTIONARY
  5
36B
330
36A
100
AcDbDictionary
280
     1
281
     1
  3
ESRI_Attributes
360
36C
  0
DICTIONARY
  5
37A
330
379
100
AcDbDictionary
280
     1
281
     1
  3
ESRI_Attributes
360
37B
  0
DICTIONARY
  5
389
330
388
100
AcDbDictionary
280
     1
281
     1
  3
ESRI_Attributes
360
38A
  0
DICTIONARY
  5
398
330
397
100
AcDbDictionary
280
     1
281
     1
  3
ESRI_Attributes
360
399
  0
DICTIONARY
  5
3A7
330
3A6
100
AcDbDictionary
280
     1
281
     1
  3
ESRI_Attributes
360
3A8
  0
DICTIONARY
  5
3B6
330
3B5
100
AcDbDictionary
280
     1
281
     1
  3
ESRI_Attributes
360
3B7
  0
DICTIONARY
  5
3C5
330
3C4
100
AcDbDictionary
280
     1
281
     1
  3
ESRI_Attributes
360
3C6
  0
DICTIONARY
  5
3D4
330
3D3
100
AcDbDictionary
280
     1
281
     1
  3
ESRI_Attributes
360
3D5
  0
DICTIONARY
  5
3E3
330
3E2
100
AcDbDictionary
280
     1
281
     1
  3
ESRI_Attributes
360
3E4
  0
DICTIONARY
  5
3F2
330
3F1
100
AcDbDictionary
280
     1
281
     1
  3
ESRI_Attributes
360
3F3
  0
DICTIONARY
  5
401
330
400
100
AcDbDictionary
280
     1
281
     1
  3
ESRI_Attributes
360
402
  0
DICTIONARY
  5
410
330
40F
100
AcDbDictionary
280
     1
281
     1
  3
ESRI_Attributes
360
411
  0
DICTIONARY
  5
41F
330
41E
100
AcDbDictionary
280
     1
281
     1
  3
ESRI_Attributes
360
420
  0
DICTIONARY
  5
42E
330
42D
100
AcDbDictionary
280
     1
281
     1
  3
ESRI_Attributes
360
42F
  0
DICTIONARY
  5
43D
330
43C
100
AcDbDictionary
280
     1
281
     1
  3
ESRI_Attributes
360
43E
  0
DICTIONARY
  5
44C
330
44B
100
AcDbDictionary
280
     1
281
     1
  3
ESRI_Attributes
360
44D
  0
DICTIONARY
  5
45B
330
45A
100
AcDbDictionary
280
     1
281
     1
  3
ESRI_Attributes
360
45C
  0
DICTIONARY
  5
46A
330
469
100
AcDbDictionary
280
     1
281
     1
  3
ESRI_Attributes
360
46B
  0
DICTIONARY
  5
479
330
478
100
AcDbDictionary
280
     1
281
     1
  3
ESRI_Attributes
360
47A
  0
DICTIONARY
  5
488
330
487
100
AcDbDictionary
280
     1
281
     1
  3
ESRI_Attributes
360
489
  0
DICTIONARY
  5
497
330
496
100
AcDbDictionary
280
     1
281
     1
  3
ESRI_Attributes
360
498
  0
DICTIONARY
  5
4A6
330
4A5
100
AcDbDictionary
280
     1
281
     1
  3
ESRI_Attributes
360
4A7
  0
DICTIONARY
  5
4B5
330
4B4
100
AcDbDictionary
280
     1
281
     1
  3
ESRI_Attributes
360
4B6
  0
DICTIONARY
  5
4C4
330
4C3
100
AcDbDictionary
280
     1
281
     1
  3
ESRI_Attributes
360
4C5
  0
DICTIONARY
  5
4D3
330
4D2
100
AcDbDictionary
280
     1
281
     1
  3
ESRI_Attributes
360
4D4
  0
DICTIONARY
  5
4E2
330
4E1
100
AcDbDictionary
280
     1
281
     1
  3
ESRI_Attributes
360
4E3
  0
DICTIONARY
  5
4F1
330
4F0
100
AcDbDictionary
280
     1
281
     1
  3
ESRI_Attributes
360
4F2
  0
DICTIONARY
  5
500
330
4FF
100
AcDbDictionary
280
     1
281
     1
  3
ESRI_Attributes
360
501
  0
DICTIONARY
  5
50F
330
50E
100
AcDbDictionary
280
     1
281
     1
  3
ESRI_Attributes
360
510
  0
DICTIONARY
  5
51E
330
51D
100
AcDbDictionary
280
     1
281
     1
  3
ESRI_Attributes
360
51F
  0
DICTIONARY
  5
52D
330
52C
100
AcDbDictionary
280
     1
281
     1
  3
ESRI_Attributes
360
52E
  0
DICTIONARY
  5
53C
330
53B
100
AcDbDictionary
280
     1
281
     1
  3
ESRI_Attributes
360
53D
  0
DICTIONARY
  5
54B
330
54A
100
AcDbDictionary
280
     1
281
     1
  3
ESRI_Attributes
360
54C
  0
DICTIONARY
  5
55A
330
559
100
AcDbDictionary
280
     1
281
     1
  3
ESRI_Attributes
360
55B
  0
DICTIONARY
  5
569
330
568
100
AcDbDictionary
280
     1
281
     1
  3
ESRI_Attributes
360
56A
  0
DICTIONARY
  5
578
330
577
100
AcDbDictionary
280
     1
281
     1
  3
ESRI_Attributes
360
579
  0
DICTIONARY
  5
587
330
586
100
AcDbDictionary
280
     1
281
     1
  3
ESRI_Attributes
360
588
  0
DICTIONARY
  5
596
330
595
100
AcDbDictionary
280
     1
281
     1
  3
ESRI_Attributes
360
597
  0
DICTIONARY
  5
5A5
330
5A4
100
AcDbDictionary
280
     1
281
     1
  3
ESRI_Attributes
360
5A6
  0
DICTIONARY
  5
5B4
330
5B3
100
AcDbDictionary
280
     1
281
     1
  3
ESRI_Attributes
360
5B5
  0
DICTIONARY
  5
5C3
330
5C2
100
AcDbDictionary
280
     1
281
     1
  3
ESRI_Attributes
360
5C4
  0
DICTIONARY
  5
5D2
330
5D1
100
AcDbDictionary
280
     1
281
     1
  3
ESRI_Attributes
360
5D3
  0
DICTIONARY
  5
5E1
330
5E0
100
AcDbDictionary
280
     1
281
     1
  3
ESRI_Attributes
360
5E2
  0
DICTIONARY
  5
5F0
330
5EF
100
AcDbDictionary
280
     1
281
     1
  3
ESRI_Attributes
360
5F1
  0
DICTIONARY
  5
5FF
330
5FE
100
AcDbDictionary
280
     1
281
     1
  3
ESRI_Attributes
360
600
  0
DICTIONARY
  5
60E
330
60D
100
AcDbDictionary
280
     1
281
     1
  3
ESRI_Attributes
360
60F
  0
DICTIONARY
  5
61D
330
61C
100
AcDbDictionary
280
     1
281
     1
  3
ESRI_Attributes
360
61E
  0
DICTIONARY
  5
62C
330
62B
100
AcDbDictionary
280
     1
281
     1
  3
ESRI_Attributes
360
62D
  0
DICTIONARY
  5
63B
330
63A
100
AcDbDictionary
280
     1
281
     1
  3
ESRI_Attributes
360
63C
  0
DICTIONARY
  5
64A
330
649
100
AcDbDictionary
280
     1
281
     1
  3
ESRI_Attributes
360
64B
  0
DICTIONARY
  5
659
330
658
100
AcDbDictionary
280
     1
281
     1
  3
ESRI_Attributes
360
65A
  0
DICTIONARY
  5
668
330
667
100
AcDbDictionary
280
     1
281
     1
  3
ESRI_Attributes
360
669
  0
DICTIONARY
  5
677
330
676
100
AcDbDictionary
280
     1
281
     1
  3
ESRI_Attributes
360
678
  0
DICTIONARY
  5
686
330
685
100
AcDbDictionary
280
     1
281
     1
  3
ESRI_Attributes
360
687
  0
DICTIONARY
  5
695
330
694
100
AcDbDictionary
280
     1
281
     1
  3
ESRI_Attributes
360
696
  0
DICTIONARY
  5
6A4
330
6A3
100
AcDbDictionary
280
     1
281
     1
  3
ESRI_Attributes
360
6A5
  0
DICTIONARY
  5
6B3
330
6B2
100
AcDbDictionary
280
     1
281
     1
  3
ESRI_Attributes
360
6B4
  0
DICTIONARY
  5
6C2
330
6C1
100
AcDbDictionary
280
     1
281
     1
  3
ESRI_Attributes
360
6C3
  0
DICTIONARY
  5
D
102
{ACAD_REACTORS
330
C
102
}
330
C
100
AcDbDictionary
281
     1
  0
DICTIONARY
  5
1A
102
{ACAD_REACTORS
330
C
102
}
330
C
100
AcDbDictionary
281
     1
  3
Layout1
350
1E
  3
Layout2
350
26
  3
Model
350
22
  0
DICTIONARY
  5
3B
102
{ACAD_REACTORS
330
C
102
}
330
C
100
AcDbDictionary
281
     1
  3
ByBlock
350
3D
  3
ByLayer
350
3C
  3
Global
350
3E
  0
DICTIONARY
  5
60
102
{ACAD_REACTORS
330
C
102
}
330
C
100
AcDbDictionary
281
     1
  0
DICTIONARY
  5
17
102
{ACAD_REACTORS
330
C
102
}
330
C
100
AcDbDictionary
281
     1
  3
Standard
350
18
  0
DICTIONARY
  5
19
102
{ACAD_REACTORS
330
C
102
}
330
C
100
AcDbDictionary
281
     1
  0
ACDBDICTIONARYWDFLT
  5
E
102
{ACAD_REACTORS
330
C
102
}
330
C
100
AcDbDictionary
281
     1
  3
Normal
350
F
100
AcDbDictionaryWithDefault
340
F
  0
DICTIONARY
  5
5F
102
{ACAD_REACTORS
330
C
102
}
330
C
100
AcDbDictionary
281
     1
  0
DICTIONARY
  5
2A
102
{ACAD_REACTORS
330
C
102
}
330
C
100
AcDbDictionary
281
     1
  3
2dWireframe
350
2F
  3
3D Hidden
350
31
  3
3dWireframe
350
30
  3
Basic
350
32
  3
Brighten
350
36
  3
ColorChange
350
3A
  3
Conceptual
350
34
  3
Dim
350
35
  3
Facepattern
350
39
  3
Flat
350
2B
  3
FlatWithEdges
350
2C
  3
Gouraud
350
2D
  3
GouraudWithEdges
350
2E
  3
Linepattern
350
38
  3
Realistic
350
33
  3
Thicken
350
37
  0
DICTIONARY
  5
62
102
{ACAD_REACTORS
330
C
102
}
330
C
100
AcDbDictionary
281
     1
  3
TDF.DBO
350
63
  0
XRECORD
  5
6D0
102
{ACAD_REACTORS
330
C
102
}
330
C
100
AcDbXrecord
280
     1
  1
PROJCS["POSGAR_1994_Argentina_Zone_2",GEOGCS["GCS_POSGAR_1994",DATUM["D_POSGAR_1994",SPHEROID["GRS_1980",6378137.0,298.257222101]],PRIMEM["Greenwich",0.0],UNIT["Degree",0.0174532925199433]],PROJECTION["Transverse_Mercator"],PARAMETER["False_Easting",2500000.0],PARAMETER["False_Northing",0.0],PARAMETER["Central_Meridian",-69.0],PARAMETER["Scale_Factor",1.0],PARAMETER["Latitude_Of_Origin",-90.0],UNIT["Meter",1.0]]
  0
DICTIONARY
  5
6F
102
{ACAD_REACTORS
330
6E
102
}
330
6E
100
AcDbDictionary
281
     1
  3
DEPARTAMEN
350
77
  3
LINK
350
73
  3
NOMBRE
350
75
  3
OBJECTID_1
350
71
  3
Shape.area
350
79
  3
Shape.len
350
7B
  0
DICTIONARY
  5
7E
102
{ACAD_REACTORS
330
7D
102
}
330
7D
100
AcDbDictionary
281
     1
  3
DEPARTAMEN
350
86
  3
LINK
350
82
  3
NOMBRE
350
84
  3
OBJECTID_1
350
80
  3
Shape.area
350
88
  3
Shape.len
350
8A
  0
DICTIONARY
  5
8D
102
{ACAD_REACTORS
330
8C
102
}
330
8C
100
AcDbDictionary
281
     1
  3
DEPARTAMEN
350
95
  3
LINK
350
91
  3
NOMBRE
350
93
  3
OBJECTID_1
350
8F
  3
Shape.area
350
97
  3
Shape.len
350
99
  0
DICTIONARY
  5
9C
102
{ACAD_REACTORS
330
9B
102
}
330
9B
100
AcDbDictionary
281
     1
  3
DEPARTAMEN
350
A4
  3
LINK
350
A0
  3
NOMBRE
350
A2
  3
OBJECTID_1
350
9E
  3
Shape.area
350
A6
  3
Shape.len
350
A8
  0
DICTIONARY
  5
AB
102
{ACAD_REACTORS
330
AA
102
}
330
AA
100
AcDbDictionary
281
     1
  3
DEPARTAMEN
350
B3
  3
LINK
350
AF
  3
NOMBRE
350
B1
  3
OBJECTID_1
350
AD
  3
Shape.area
350
B5
  3
Shape.len
350
B7
  0
DICTIONARY
  5
BA
102
{ACAD_REACTORS
330
B9
102
}
330
B9
100
AcDbDictionary
281
     1
  3
DEPARTAMEN
350
C2
  3
LINK
350
BE
  3
NOMBRE
350
C0
  3
OBJECTID_1
350
BC
  3
Shape.area
350
C4
  3
Shape.len
350
C6
  0
DICTIONARY
  5
C9
102
{ACAD_REACTORS
330
C8
102
}
330
C8
100
AcDbDictionary
281
     1
  3
DEPARTAMEN
350
D1
  3
LINK
350
CD
  3
NOMBRE
350
CF
  3
OBJECTID_1
350
CB
  3
Shape.area
350
D3
  3
Shape.len
350
D5
  0
DICTIONARY
  5
D8
102
{ACAD_REACTORS
330
D7
102
}
330
D7
100
AcDbDictionary
281
     1
  3
DEPARTAMEN
350
E0
  3
LINK
350
DC
  3
NOMBRE
350
DE
  3
OBJECTID_1
350
DA
  3
Shape.area
350
E2
  3
Shape.len
350
E4
  0
DICTIONARY
  5
E7
102
{ACAD_REACTORS
330
E6
102
}
330
E6
100
AcDbDictionary
281
     1
  3
DEPARTAMEN
350
EF
  3
LINK
350
EB
  3
NOMBRE
350
ED
  3
OBJECTID_1
350
E9
  3
Shape.area
350
F1
  3
Shape.len
350
F3
  0
DICTIONARY
  5
F6
102
{ACAD_REACTORS
330
F5
102
}
330
F5
100
AcDbDictionary
281
     1
  3
DEPARTAMEN
350
FE
  3
LINK
350
FA
  3
NOMBRE
350
FC
  3
OBJECTID_1
350
F8
  3
Shape.area
350
100
  3
Shape.len
350
102
  0
DICTIONARY
  5
105
102
{ACAD_REACTORS
330
104
102
}
330
104
100
AcDbDictionary
281
     1
  3
DEPARTAMEN
350
10D
  3
LINK
350
109
  3
NOMBRE
350
10B
  3
OBJECTID_1
350
107
  3
Shape.area
350
10F
  3
Shape.len
350
111
  0
DICTIONARY
  5
114
102
{ACAD_REACTORS
330
113
102
}
330
113
100
AcDbDictionary
281
     1
  3
DEPARTAMEN
350
11C
  3
LINK
350
118
  3
NOMBRE
350
11A
  3
OBJECTID_1
350
116
  3
Shape.area
350
11E
  3
Shape.len
350
120
  0
DICTIONARY
  5
123
102
{ACAD_REACTORS
330
122
102
}
330
122
100
AcDbDictionary
281
     1
  3
DEPARTAMEN
350
12B
  3
LINK
350
127
  3
NOMBRE
350
129
  3
OBJECTID_1
350
125
  3
Shape.area
350
12D
  3
Shape.len
350
12F
  0
DICTIONARY
  5
132
102
{ACAD_REACTORS
330
131
102
}
330
131
100
AcDbDictionary
281
     1
  3
DEPARTAMEN
350
13A
  3
LINK
350
136
  3
NOMBRE
350
138
  3
OBJECTID_1
350
134
  3
Shape.area
350
13C
  3
Shape.len
350
13E
  0
DICTIONARY
  5
141
102
{ACAD_REACTORS
330
140
102
}
330
140
100
AcDbDictionary
281
     1
  3
DEPARTAMEN
350
149
  3
LINK
350
145
  3
NOMBRE
350
147
  3
OBJECTID_1
350
143
  3
Shape.area
350
14B
  3
Shape.len
350
14D
  0
DICTIONARY
  5
150
102
{ACAD_REACTORS
330
14F
102
}
330
14F
100
AcDbDictionary
281
     1
  3
DEPARTAMEN
350
158
  3
LINK
350
154
  3
NOMBRE
350
156
  3
OBJECTID_1
350
152
  3
Shape.area
350
15A
  3
Shape.len
350
15C
  0
DICTIONARY
  5
15F
102
{ACAD_REACTORS
330
15E
102
}
330
15E
100
AcDbDictionary
281
     1
  3
DEPARTAMEN
350
167
  3
LINK
350
163
  3
NOMBRE
350
165
  3
OBJECTID_1
350
161
  3
Shape.area
350
169
  3
Shape.len
350
16B
  0
DICTIONARY
  5
16E
102
{ACAD_REACTORS
330
16D
102
}
330
16D
100
AcDbDictionary
281
     1
  3
DEPARTAMEN
350
176
  3
LINK
350
172
  3
NOMBRE
350
174
  3
OBJECTID_1
350
170
  3
Shape.area
350
178
  3
Shape.len
350
17A
  0
DICTIONARY
  5
17D
102
{ACAD_REACTORS
330
17C
102
}
330
17C
100
AcDbDictionary
281
     1
  3
DEPARTAMEN
350
185
  3
LINK
350
181
  3
NOMBRE
350
183
  3
OBJECTID_1
350
17F
  3
Shape.area
350
187
  3
Shape.len
350
189
  0
DICTIONARY
  5
18C
102
{ACAD_REACTORS
330
18B
102
}
330
18B
100
AcDbDictionary
281
     1
  3
DEPARTAMEN
350
194
  3
LINK
350
190
  3
NOMBRE
350
192
  3
OBJECTID_1
350
18E
  3
Shape.area
350
196
  3
Shape.len
350
198
  0
DICTIONARY
  5
19B
102
{ACAD_REACTORS
330
19A
102
}
330
19A
100
AcDbDictionary
281
     1
  3
DEPARTAMEN
350
1A3
  3
LINK
350
19F
  3
NOMBRE
350
1A1
  3
OBJECTID_1
350
19D
  3
Shape.area
350
1A5
  3
Shape.len
350
1A7
  0
DICTIONARY
  5
1AA
102
{ACAD_REACTORS
330
1A9
102
}
330
1A9
100
AcDbDictionary
281
     1
  3
DEPARTAMEN
350
1B2
  3
LINK
350
1AE
  3
NOMBRE
350
1B0
  3
OBJECTID_1
350
1AC
  3
Shape.area
350
1B4
  3
Shape.len
350
1B6
  0
DICTIONARY
  5
1B9
102
{ACAD_REACTORS
330
1B8
102
}
330
1B8
100
AcDbDictionary
281
     1
  3
DEPARTAMEN
350
1C1
  3
LINK
350
1BD
  3
NOMBRE
350
1BF
  3
OBJECTID_1
350
1BB
  3
Shape.area
350
1C3
  3
Shape.len
350
1C5
  0
DICTIONARY
  5
1C8
102
{ACAD_REACTORS
330
1C7
102
}
330
1C7
100
AcDbDictionary
281
     1
  3
DEPARTAMEN
350
1D0
  3
LINK
350
1CC
  3
NOMBRE
350
1CE
  3
OBJECTID_1
350
1CA
  3
Shape.area
350
1D2
  3
Shape.len
350
1D4
  0
DICTIONARY
  5
1D7
102
{ACAD_REACTORS
330
1D6
102
}
330
1D6
100
AcDbDictionary
281
     1
  3
DEPARTAMEN
350
1DF
  3
LINK
350
1DB
  3
NOMBRE
350
1DD
  3
OBJECTID_1
350
1D9
  3
Shape.area
350
1E1
  3
Shape.len
350
1E3
  0
DICTIONARY
  5
1E6
102
{ACAD_REACTORS
330
1E5
102
}
330
1E5
100
AcDbDictionary
281
     1
  3
DEPARTAMEN
350
1EE
  3
LINK
350
1EA
  3
NOMBRE
350
1EC
  3
OBJECTID_1
350
1E8
  3
Shape.area
350
1F0
  3
Shape.len
350
1F2
  0
DICTIONARY
  5
1F5
102
{ACAD_REACTORS
330
1F4
102
}
330
1F4
100
AcDbDictionary
281
     1
  3
DEPARTAMEN
350
1FD
  3
LINK
350
1F9
  3
NOMBRE
350
1FB
  3
OBJECTID_1
350
1F7
  3
Shape.area
350
1FF
  3
Shape.len
350
201
  0
DICTIONARY
  5
204
102
{ACAD_REACTORS
330
203
102
}
330
203
100
AcDbDictionary
281
     1
  3
DEPARTAMEN
350
20C
  3
LINK
350
208
  3
NOMBRE
350
20A
  3
OBJECTID_1
350
206
  3
Shape.area
350
20E
  3
Shape.len
350
210
  0
DICTIONARY
  5
213
102
{ACAD_REACTORS
330
212
102
}
330
212
100
AcDbDictionary
281
     1
  3
DEPARTAMEN
350
21B
  3
LINK
350
217
  3
NOMBRE
350
219
  3
OBJECTID_1
350
215
  3
Shape.area
350
21D
  3
Shape.len
350
21F
  0
DICTIONARY
  5
222
102
{ACAD_REACTORS
330
221
102
}
330
221
100
AcDbDictionary
281
     1
  3
DEPARTAMEN
350
22A
  3
LINK
350
226
  3
NOMBRE
350
228
  3
OBJECTID_1
350
224
  3
Shape.area
350
22C
  3
Shape.len
350
22E
  0
DICTIONARY
  5
231
102
{ACAD_REACTORS
330
230
102
}
330
230
100
AcDbDictionary
281
     1
  3
DEPARTAMEN
350
239
  3
LINK
350
235
  3
NOMBRE
350
237
  3
OBJECTID_1
350
233
  3
Shape.area
350
23B
  3
Shape.len
350
23D
  0
DICTIONARY
  5
240
102
{ACAD_REACTORS
330
23F
102
}
330
23F
100
AcDbDictionary
281
     1
  3
DEPARTAMEN
350
248
  3
LINK
350
244
  3
NOMBRE
350
246
  3
OBJECTID_1
350
242
  3
Shape.area
350
24A
  3
Shape.len
350
24C
  0
DICTIONARY
  5
24F
102
{ACAD_REACTORS
330
24E
102
}
330
24E
100
AcDbDictionary
281
     1
  3
DEPARTAMEN
350
257
  3
LINK
350
253
  3
NOMBRE
350
255
  3
OBJECTID_1
350
251
  3
Shape.area
350
259
  3
Shape.len
350
25B
  0
DICTIONARY
  5
25E
102
{ACAD_REACTORS
330
25D
102
}
330
25D
100
AcDbDictionary
281
     1
  3
DEPARTAMEN
350
266
  3
LINK
350
262
  3
NOMBRE
350
264
  3
OBJECTID_1
350
260
  3
Shape.area
350
268
  3
Shape.len
350
26A
  0
DICTIONARY
  5
26D
102
{ACAD_REACTORS
330
26C
102
}
330
26C
100
AcDbDictionary
281
     1
  3
DEPARTAMEN
350
275
  3
LINK
350
271
  3
NOMBRE
350
273
  3
OBJECTID_1
350
26F
  3
Shape.area
350
277
  3
Shape.len
350
279
  0
DICTIONARY
  5
27C
102
{ACAD_REACTORS
330
27B
102
}
330
27B
100
AcDbDictionary
281
     1
  3
DEPARTAMEN
350
284
  3
LINK
350
280
  3
NOMBRE
350
282
  3
OBJECTID_1
350
27E
  3
Shape.area
350
286
  3
Shape.len
350
288
  0
DICTIONARY
  5
28B
102
{ACAD_REACTORS
330
28A
102
}
330
28A
100
AcDbDictionary
281
     1
  3
DEPARTAMEN
350
293
  3
LINK
350
28F
  3
NOMBRE
350
291
  3
OBJECTID_1
350
28D
  3
Shape.area
350
295
  3
Shape.len
350
297
  0
DICTIONARY
  5
29A
102
{ACAD_REACTORS
330
299
102
}
330
299
100
AcDbDictionary
281
     1
  3
DEPARTAMEN
350
2A2
  3
LINK
350
29E
  3
NOMBRE
350
2A0
  3
OBJECTID_1
350
29C
  3
Shape.area
350
2A4
  3
Shape.len
350
2A6
  0
DICTIONARY
  5
2A9
102
{ACAD_REACTORS
330
2A8
102
}
330
2A8
100
AcDbDictionary
281
     1
  3
DEPARTAMEN
350
2B1
  3
LINK
350
2AD
  3
NOMBRE
350
2AF
  3
OBJECTID_1
350
2AB
  3
Shape.area
350
2B3
  3
Shape.len
350
2B5
  0
DICTIONARY
  5
2B8
102
{ACAD_REACTORS
330
2B7
102
}
330
2B7
100
AcDbDictionary
281
     1
  3
DEPARTAMEN
350
2C0
  3
LINK
350
2BC
  3
NOMBRE
350
2BE
  3
OBJECTID_1
350
2BA
  3
Shape.area
350
2C2
  3
Shape.len
350
2C4
  0
DICTIONARY
  5
2C7
102
{ACAD_REACTORS
330
2C6
102
}
330
2C6
100
AcDbDictionary
281
     1
  3
DEPARTAMEN
350
2CF
  3
LINK
350
2CB
  3
NOMBRE
350
2CD
  3
OBJECTID_1
350
2C9
  3
Shape.area
350
2D1
  3
Shape.len
350
2D3
  0
DICTIONARY
  5
2D6
102
{ACAD_REACTORS
330
2D5
102
}
330
2D5
100
AcDbDictionary
281
     1
  3
DEPARTAMEN
350
2DE
  3
LINK
350
2DA
  3
NOMBRE
350
2DC
  3
OBJECTID_1
350
2D8
  3
Shape.area
350
2E0
  3
Shape.len
350
2E2
  0
DICTIONARY
  5
2E5
102
{ACAD_REACTORS
330
2E4
102
}
330
2E4
100
AcDbDictionary
281
     1
  3
DEPARTAMEN
350
2ED
  3
LINK
350
2E9
  3
NOMBRE
350
2EB
  3
OBJECTID_1
350
2E7
  3
Shape.area
350
2EF
  3
Shape.len
350
2F1
  0
DICTIONARY
  5
2F4
102
{ACAD_REACTORS
330
2F3
102
}
330
2F3
100
AcDbDictionary
281
     1
  3
DEPARTAMEN
350
2FC
  3
LINK
350
2F8
  3
NOMBRE
350
2FA
  3
OBJECTID_1
350
2F6
  3
Shape.area
350
2FE
  3
Shape.len
350
300
  0
DICTIONARY
  5
303
102
{ACAD_REACTORS
330
302
102
}
330
302
100
AcDbDictionary
281
     1
  3
DEPARTAMEN
350
30B
  3
LINK
350
307
  3
NOMBRE
350
309
  3
OBJECTID_1
350
305
  3
Shape.area
350
30D
  3
Shape.len
350
30F
  0
DICTIONARY
  5
312
102
{ACAD_REACTORS
330
311
102
}
330
311
100
AcDbDictionary
281
     1
  3
DEPARTAMEN
350
31A
  3
LINK
350
316
  3
NOMBRE
350
318
  3
OBJECTID_1
350
314
  3
Shape.area
350
31C
  3
Shape.len
350
31E
  0
DICTIONARY
  5
321
102
{ACAD_REACTORS
330
320
102
}
330
320
100
AcDbDictionary
281
     1
  3
DEPARTAMEN
350
329
  3
LINK
350
325
  3
NOMBRE
350
327
  3
OBJECTID_1
350
323
  3
Shape.area
350
32B
  3
Shape.len
350
32D
  0
DICTIONARY
  5
330
102
{ACAD_REACTORS
330
32F
102
}
330
32F
100
AcDbDictionary
281
     1
  3
DEPARTAMEN
350
338
  3
LINK
350
334
  3
NOMBRE
350
336
  3
OBJECTID_1
350
332
  3
Shape.area
350
33A
  3
Shape.len
350
33C
  0
DICTIONARY
  5
33F
102
{ACAD_REACTORS
330
33E
102
}
330
33E
100
AcDbDictionary
281
     1
  3
DEPARTAMEN
350
347
  3
LINK
350
343
  3
NOMBRE
350
345
  3
OBJECTID_1
350
341
  3
Shape.area
350
349
  3
Shape.len
350
34B
  0
DICTIONARY
  5
34E
102
{ACAD_REACTORS
330
34D
102
}
330
34D
100
AcDbDictionary
281
     1
  3
DEPARTAMEN
350
356
  3
LINK
350
352
  3
NOMBRE
350
354
  3
OBJECTID_1
350
350
  3
Shape.area
350
358
  3
Shape.len
350
35A
  0
DICTIONARY
  5
35D
102
{ACAD_REACTORS
330
35C
102
}
330
35C
100
AcDbDictionary
281
     1
  3
DEPARTAMEN
350
365
  3
LINK
350
361
  3
NOMBRE
350
363
  3
OBJECTID_1
350
35F
  3
Shape.area
350
367
  3
Shape.len
350
369
  0
DICTIONARY
  5
36C
102
{ACAD_REACTORS
330
36B
102
}
330
36B
100
AcDbDictionary
281
     1
  3
DEPARTAMEN
350
374
  3
LINK
350
370
  3
NOMBRE
350
372
  3
OBJECTID_1
350
36E
  3
Shape.area
350
376
  3
Shape.len
350
378
  0
DICTIONARY
  5
37B
102
{ACAD_REACTORS
330
37A
102
}
330
37A
100
AcDbDictionary
281
     1
  3
DEPARTAMEN
350
383
  3
LINK
350
37F
  3
NOMBRE
350
381
  3
OBJECTID_1
350
37D
  3
Shape.area
350
385
  3
Shape.len
350
387
  0
DICTIONARY
  5
38A
102
{ACAD_REACTORS
330
389
102
}
330
389
100
AcDbDictionary
281
     1
  3
DEPARTAMEN
350
392
  3
LINK
350
38E
  3
NOMBRE
350
390
  3
OBJECTID_1
350
38C
  3
Shape.area
350
394
  3
Shape.len
350
396
  0
DICTIONARY
  5
399
102
{ACAD_REACTORS
330
398
102
}
330
398
100
AcDbDictionary
281
     1
  3
DEPARTAMEN
350
3A1
  3
LINK
350
39D
  3
NOMBRE
350
39F
  3
OBJECTID_1
350
39B
  3
Shape.area
350
3A3
  3
Shape.len
350
3A5
  0
DICTIONARY
  5
3A8
102
{ACAD_REACTORS
330
3A7
102
}
330
3A7
100
AcDbDictionary
281
     1
  3
DEPARTAMEN
350
3B0
  3
LINK
350
3AC
  3
NOMBRE
350
3AE
  3
OBJECTID_1
350
3AA
  3
Shape.area
350
3B2
  3
Shape.len
350
3B4
  0
DICTIONARY
  5
3B7
102
{ACAD_REACTORS
330
3B6
102
}
330
3B6
100
AcDbDictionary
281
     1
  3
DEPARTAMEN
350
3BF
  3
LINK
350
3BB
  3
NOMBRE
350
3BD
  3
OBJECTID_1
350
3B9
  3
Shape.area
350
3C1
  3
Shape.len
350
3C3
  0
DICTIONARY
  5
3C6
102
{ACAD_REACTORS
330
3C5
102
}
330
3C5
100
AcDbDictionary
281
     1
  3
DEPARTAMEN
350
3CE
  3
LINK
350
3CA
  3
NOMBRE
350
3CC
  3
OBJECTID_1
350
3C8
  3
Shape.area
350
3D0
  3
Shape.len
350
3D2
  0
DICTIONARY
  5
3D5
102
{ACAD_REACTORS
330
3D4
102
}
330
3D4
100
AcDbDictionary
281
     1
  3
DEPARTAMEN
350
3DD
  3
LINK
350
3D9
  3
NOMBRE
350
3DB
  3
OBJECTID_1
350
3D7
  3
Shape.area
350
3DF
  3
Shape.len
350
3E1
  0
DICTIONARY
  5
3E4
102
{ACAD_REACTORS
330
3E3
102
}
330
3E3
100
AcDbDictionary
281
     1
  3
DEPARTAMEN
350
3EC
  3
LINK
350
3E8
  3
NOMBRE
350
3EA
  3
OBJECTID_1
350
3E6
  3
Shape.area
350
3EE
  3
Shape.len
350
3F0
  0
DICTIONARY
  5
3F3
102
{ACAD_REACTORS
330
3F2
102
}
330
3F2
100
AcDbDictionary
281
     1
  3
DEPARTAMEN
350
3FB
  3
LINK
350
3F7
  3
NOMBRE
350
3F9
  3
OBJECTID_1
350
3F5
  3
Shape.area
350
3FD
  3
Shape.len
350
3FF
  0
DICTIONARY
  5
402
102
{ACAD_REACTORS
330
401
102
}
330
401
100
AcDbDictionary
281
     1
  3
DEPARTAMEN
350
40A
  3
LINK
350
406
  3
NOMBRE
350
408
  3
OBJECTID_1
350
404
  3
Shape.area
350
40C
  3
Shape.len
350
40E
  0
DICTIONARY
  5
411
102
{ACAD_REACTORS
330
410
102
}
330
410
100
AcDbDictionary
281
     1
  3
DEPARTAMEN
350
419
  3
LINK
350
415
  3
NOMBRE
350
417
  3
OBJECTID_1
350
413
  3
Shape.area
350
41B
  3
Shape.len
350
41D
  0
DICTIONARY
  5
420
102
{ACAD_REACTORS
330
41F
102
}
330
41F
100
AcDbDictionary
281
     1
  3
DEPARTAMEN
350
428
  3
LINK
350
424
  3
NOMBRE
350
426
  3
OBJECTID_1
350
422
  3
Shape.area
350
42A
  3
Shape.len
350
42C
  0
DICTIONARY
  5
42F
102
{ACAD_REACTORS
330
42E
102
}
330
42E
100
AcDbDictionary
281
     1
  3
DEPARTAMEN
350
437
  3
LINK
350
433
  3
NOMBRE
350
435
  3
OBJECTID_1
350
431
  3
Shape.area
350
439
  3
Shape.len
350
43B
  0
DICTIONARY
  5
43E
102
{ACAD_REACTORS
330
43D
102
}
330
43D
100
AcDbDictionary
281
     1
  3
DEPARTAMEN
350
446
  3
LINK
350
442
  3
NOMBRE
350
444
  3
OBJECTID_1
350
440
  3
Shape.area
350
448
  3
Shape.len
350
44A
  0
DICTIONARY
  5
44D
102
{ACAD_REACTORS
330
44C
102
}
330
44C
100
AcDbDictionary
281
     1
  3
DEPARTAMEN
350
455
  3
LINK
350
451
  3
NOMBRE
350
453
  3
OBJECTID_1
350
44F
  3
Shape.area
350
457
  3
Shape.len
350
459
  0
DICTIONARY
  5
45C
102
{ACAD_REACTORS
330
45B
102
}
330
45B
100
AcDbDictionary
281
     1
  3
DEPARTAMEN
350
464
  3
LINK
350
460
  3
NOMBRE
350
462
  3
OBJECTID_1
350
45E
  3
Shape.area
350
466
  3
Shape.len
350
468
  0
DICTIONARY
  5
46B
102
{ACAD_REACTORS
330
46A
102
}
330
46A
100
AcDbDictionary
281
     1
  3
DEPARTAMEN
350
473
  3
LINK
350
46F
  3
NOMBRE
350
471
  3
OBJECTID_1
350
46D
  3
Shape.area
350
475
  3
Shape.len
350
477
  0
DICTIONARY
  5
47A
102
{ACAD_REACTORS
330
479
102
}
330
479
100
AcDbDictionary
281
     1
  3
DEPARTAMEN
350
482
  3
LINK
350
47E
  3
NOMBRE
350
480
  3
OBJECTID_1
350
47C
  3
Shape.area
350
484
  3
Shape.len
350
486
  0
DICTIONARY
  5
489
102
{ACAD_REACTORS
330
488
102
}
330
488
100
AcDbDictionary
281
     1
  3
DEPARTAMEN
350
491
  3
LINK
350
48D
  3
NOMBRE
350
48F
  3
OBJECTID_1
350
48B
  3
Shape.area
350
493
  3
Shape.len
350
495
  0
DICTIONARY
  5
498
102
{ACAD_REACTORS
330
497
102
}
330
497
100
AcDbDictionary
281
     1
  3
DEPARTAMEN
350
4A0
  3
LINK
350
49C
  3
NOMBRE
350
49E
  3
OBJECTID_1
350
49A
  3
Shape.area
350
4A2
  3
Shape.len
350
4A4
  0
DICTIONARY
  5
4A7
102
{ACAD_REACTORS
330
4A6
102
}
330
4A6
100
AcDbDictionary
281
     1
  3
DEPARTAMEN
350
4AF
  3
LINK
350
4AB
  3
NOMBRE
350
4AD
  3
OBJECTID_1
350
4A9
  3
Shape.area
350
4B1
  3
Shape.len
350
4B3
  0
DICTIONARY
  5
4B6
102
{ACAD_REACTORS
330
4B5
102
}
330
4B5
100
AcDbDictionary
281
     1
  3
DEPARTAMEN
350
4BE
  3
LINK
350
4BA
  3
NOMBRE
350
4BC
  3
OBJECTID_1
350
4B8
  3
Shape.area
350
4C0
  3
Shape.len
350
4C2
  0
DICTIONARY
  5
4C5
102
{ACAD_REACTORS
330
4C4
102
}
330
4C4
100
AcDbDictionary
281
     1
  3
DEPARTAMEN
350
4CD
  3
LINK
350
4C9
  3
NOMBRE
350
4CB
  3
OBJECTID_1
350
4C7
  3
Shape.area
350
4CF
  3
Shape.len
350
4D1
  0
DICTIONARY
  5
4D4
102
{ACAD_REACTORS
330
4D3
102
}
330
4D3
100
AcDbDictionary
281
     1
  3
DEPARTAMEN
350
4DC
  3
LINK
350
4D8
  3
NOMBRE
350
4DA
  3
OBJECTID_1
350
4D6
  3
Shape.area
350
4DE
  3
Shape.len
350
4E0
  0
DICTIONARY
  5
4E3
102
{ACAD_REACTORS
330
4E2
102
}
330
4E2
100
AcDbDictionary
281
     1
  3
DEPARTAMEN
350
4EB
  3
LINK
350
4E7
  3
NOMBRE
350
4E9
  3
OBJECTID_1
350
4E5
  3
Shape.area
350
4ED
  3
Shape.len
350
4EF
  0
DICTIONARY
  5
4F2
102
{ACAD_REACTORS
330
4F1
102
}
330
4F1
100
AcDbDictionary
281
     1
  3
DEPARTAMEN
350
4FA
  3
LINK
350
4F6
  3
NOMBRE
350
4F8
  3
OBJECTID_1
350
4F4
  3
Shape.area
350
4FC
  3
Shape.len
350
4FE
  0
DICTIONARY
  5
501
102
{ACAD_REACTORS
330
500
102
}
330
500
100
AcDbDictionary
281
     1
  3
DEPARTAMEN
350
509
  3
LINK
350
505
  3
NOMBRE
350
507
  3
OBJECTID_1
350
503
  3
Shape.area
350
50B
  3
Shape.len
350
50D
  0
DICTIONARY
  5
510
102
{ACAD_REACTORS
330
50F
102
}
330
50F
100
AcDbDictionary
281
     1
  3
DEPARTAMEN
350
518
  3
LINK
350
514
  3
NOMBRE
350
516
  3
OBJECTID_1
350
512
  3
Shape.area
350
51A
  3
Shape.len
350
51C
  0
DICTIONARY
  5
51F
102
{ACAD_REACTORS
330
51E
102
}
330
51E
100
AcDbDictionary
281
     1
  3
DEPARTAMEN
350
527
  3
LINK
350
523
  3
NOMBRE
350
525
  3
OBJECTID_1
350
521
  3
Shape.area
350
529
  3
Shape.len
350
52B
  0
DICTIONARY
  5
52E
102
{ACAD_REACTORS
330
52D
102
}
330
52D
100
AcDbDictionary
281
     1
  3
DEPARTAMEN
350
536
  3
LINK
350
532
  3
NOMBRE
350
534
  3
OBJECTID_1
350
530
  3
Shape.area
350
538
  3
Shape.len
350
53A
  0
DICTIONARY
  5
53D
102
{ACAD_REACTORS
330
53C
102
}
330
53C
100
AcDbDictionary
281
     1
  3
DEPARTAMEN
350
545
  3
LINK
350
541
  3
NOMBRE
350
543
  3
OBJECTID_1
350
53F
  3
Shape.area
350
547
  3
Shape.len
350
549
  0
DICTIONARY
  5
54C
102
{ACAD_REACTORS
330
54B
102
}
330
54B
100
AcDbDictionary
281
     1
  3
DEPARTAMEN
350
554
  3
LINK
350
550
  3
NOMBRE
350
552
  3
OBJECTID_1
350
54E
  3
Shape.area
350
556
  3
Shape.len
350
558
  0
DICTIONARY
  5
55B
102
{ACAD_REACTORS
330
55A
102
}
330
55A
100
AcDbDictionary
281
     1
  3
DEPARTAMEN
350
563
  3
LINK
350
55F
  3
NOMBRE
350
561
  3
OBJECTID_1
350
55D
  3
Shape.area
350
565
  3
Shape.len
350
567
  0
DICTIONARY
  5
56A
102
{ACAD_REACTORS
330
569
102
}
330
569
100
AcDbDictionary
281
     1
  3
DEPARTAMEN
350
572
  3
LINK
350
56E
  3
NOMBRE
350
570
  3
OBJECTID_1
350
56C
  3
Shape.area
350
574
  3
Shape.len
350
576
  0
DICTIONARY
  5
579
102
{ACAD_REACTORS
330
578
102
}
330
578
100
AcDbDictionary
281
     1
  3
DEPARTAMEN
350
581
  3
LINK
350
57D
  3
NOMBRE
350
57F
  3
OBJECTID_1
350
57B
  3
Shape.area
350
583
  3
Shape.len
350
585
  0
DICTIONARY
  5
588
102
{ACAD_REACTORS
330
587
102
}
330
587
100
AcDbDictionary
281
     1
  3
DEPARTAMEN
350
590
  3
LINK
350
58C
  3
NOMBRE
350
58E
  3
OBJECTID_1
350
58A
  3
Shape.area
350
592
  3
Shape.len
350
594
  0
DICTIONARY
  5
597
102
{ACAD_REACTORS
330
596
102
}
330
596
100
AcDbDictionary
281
     1
  3
DEPARTAMEN
350
59F
  3
LINK
350
59B
  3
NOMBRE
350
59D
  3
OBJECTID_1
350
599
  3
Shape.area
350
5A1
  3
Shape.len
350
5A3
  0
DICTIONARY
  5
5A6
102
{ACAD_REACTORS
330
5A5
102
}
330
5A5
100
AcDbDictionary
281
     1
  3
DEPARTAMEN
350
5AE
  3
LINK
350
5AA
  3
NOMBRE
350
5AC
  3
OBJECTID_1
350
5A8
  3
Shape.area
350
5B0
  3
Shape.len
350
5B2
  0
DICTIONARY
  5
5B5
102
{ACAD_REACTORS
330
5B4
102
}
330
5B4
100
AcDbDictionary
281
     1
  3
DEPARTAMEN
350
5BD
  3
LINK
350
5B9
  3
NOMBRE
350
5BB
  3
OBJECTID_1
350
5B7
  3
Shape.area
350
5BF
  3
Shape.len
350
5C1
  0
DICTIONARY
  5
5C4
102
{ACAD_REACTORS
330
5C3
102
}
330
5C3
100
AcDbDictionary
281
     1
  3
DEPARTAMEN
350
5CC
  3
LINK
350
5C8
  3
NOMBRE
350
5CA
  3
OBJECTID_1
350
5C6
  3
Shape.area
350
5CE
  3
Shape.len
350
5D0
  0
DICTIONARY
  5
5D3
102
{ACAD_REACTORS
330
5D2
102
}
330
5D2
100
AcDbDictionary
281
     1
  3
DEPARTAMEN
350
5DB
  3
LINK
350
5D7
  3
NOMBRE
350
5D9
  3
OBJECTID_1
350
5D5
  3
Shape.area
350
5DD
  3
Shape.len
350
5DF
  0
DICTIONARY
  5
5E2
102
{ACAD_REACTORS
330
5E1
102
}
330
5E1
100
AcDbDictionary
281
     1
  3
DEPARTAMEN
350
5EA
  3
LINK
350
5E6
  3
NOMBRE
350
5E8
  3
OBJECTID_1
350
5E4
  3
Shape.area
350
5EC
  3
Shape.len
350
5EE
  0
DICTIONARY
  5
5F1
102
{ACAD_REACTORS
330
5F0
102
}
330
5F0
100
AcDbDictionary
281
     1
  3
DEPARTAMEN
350
5F9
  3
LINK
350
5F5
  3
NOMBRE
350
5F7
  3
OBJECTID_1
350
5F3
  3
Shape.area
350
5FB
  3
Shape.len
350
5FD
  0
DICTIONARY
  5
600
102
{ACAD_REACTORS
330
5FF
102
}
330
5FF
100
AcDbDictionary
281
     1
  3
DEPARTAMEN
350
608
  3
LINK
350
604
  3
NOMBRE
350
606
  3
OBJECTID_1
350
602
  3
Shape.area
350
60A
  3
Shape.len
350
60C
  0
DICTIONARY
  5
60F
102
{ACAD_REACTORS
330
60E
102
}
330
60E
100
AcDbDictionary
281
     1
  3
DEPARTAMEN
350
617
  3
LINK
350
613
  3
NOMBRE
350
615
  3
OBJECTID_1
350
611
  3
Shape.area
350
619
  3
Shape.len
350
61B
  0
DICTIONARY
  5
61E
102
{ACAD_REACTORS
330
61D
102
}
330
61D
100
AcDbDictionary
281
     1
  3
DEPARTAMEN
350
626
  3
LINK
350
622
  3
NOMBRE
350
624
  3
OBJECTID_1
350
620
  3
Shape.area
350
628
  3
Shape.len
350
62A
  0
DICTIONARY
  5
62D
102
{ACAD_REACTORS
330
62C
102
}
330
62C
100
AcDbDictionary
281
     1
  3
DEPARTAMEN
350
635
  3
LINK
350
631
  3
NOMBRE
350
633
  3
OBJECTID_1
350
62F
  3
Shape.area
350
637
  3
Shape.len
350
639
  0
DICTIONARY
  5
63C
102
{ACAD_REACTORS
330
63B
102
}
330
63B
100
AcDbDictionary
281
     1
  3
DEPARTAMEN
350
644
  3
LINK
350
640
  3
NOMBRE
350
642
  3
OBJECTID_1
350
63E
  3
Shape.area
350
646
  3
Shape.len
350
648
  0
DICTIONARY
  5
64B
102
{ACAD_REACTORS
330
64A
102
}
330
64A
100
AcDbDictionary
281
     1
  3
DEPARTAMEN
350
653
  3
LINK
350
64F
  3
NOMBRE
350
651
  3
OBJECTID_1
350
64D
  3
Shape.area
350
655
  3
Shape.len
350
657
  0
DICTIONARY
  5
65A
102
{ACAD_REACTORS
330
659
102
}
330
659
100
AcDbDictionary
281
     1
  3
DEPARTAMEN
350
662
  3
LINK
350
65E
  3
NOMBRE
350
660
  3
OBJECTID_1
350
65C
  3
Shape.area
350
664
  3
Shape.len
350
666
  0
DICTIONARY
  5
669
102
{ACAD_REACTORS
330
668
102
}
330
668
100
AcDbDictionary
281
     1
  3
DEPARTAMEN
350
671
  3
LINK
350
66D
  3
NOMBRE
350
66F
  3
OBJECTID_1
350
66B
  3
Shape.area
350
673
  3
Shape.len
350
675
  0
DICTIONARY
  5
678
102
{ACAD_REACTORS
330
677
102
}
330
677
100
AcDbDictionary
281
     1
  3
DEPARTAMEN
350
680
  3
LINK
350
67C
  3
NOMBRE
350
67E
  3
OBJECTID_1
350
67A
  3
Shape.area
350
682
  3
Shape.len
350
684
  0
DICTIONARY
  5
687
102
{ACAD_REACTORS
330
686
102
}
330
686
100
AcDbDictionary
281
     1
  3
DEPARTAMEN
350
68F
  3
LINK
350
68B
  3
NOMBRE
350
68D
  3
OBJECTID_1
350
689
  3
Shape.area
350
691
  3
Shape.len
350
693
  0
DICTIONARY
  5
696
102
{ACAD_REACTORS
330
695
102
}
330
695
100
AcDbDictionary
281
     1
  3
DEPARTAMEN
350
69E
  3
LINK
350
69A
  3
NOMBRE
350
69C
  3
OBJECTID_1
350
698
  3
Shape.area
350
6A0
  3
Shape.len
350
6A2
  0
DICTIONARY
  5
6A5
102
{ACAD_REACTORS
330
6A4
102
}
330
6A4
100
AcDbDictionary
281
     1
  3
DEPARTAMEN
350
6AD
  3
LINK
350
6A9
  3
NOMBRE
350
6AB
  3
OBJECTID_1
350
6A7
  3
Shape.area
350
6AF
  3
Shape.len
350
6B1
  0
DICTIONARY
  5
6B4
102
{ACAD_REACTORS
330
6B3
102
}
330
6B3
100
AcDbDictionary
281
     1
  3
DEPARTAMEN
350
6BC
  3
LINK
350
6B8
  3
NOMBRE
350
6BA
  3
OBJECTID_1
350
6B6
  3
Shape.area
350
6BE
  3
Shape.len
350
6C0
  0
DICTIONARY
  5
6C3
102
{ACAD_REACTORS
330
6C2
102
}
330
6C2
100
AcDbDictionary
281
     1
  3
DEPARTAMEN
350
6CB
  3
LINK
350
6C7
  3
NOMBRE
350
6C9
  3
OBJECTID_1
350
6C5
  3
Shape.area
350
6CD
  3
Shape.len
350
6CF
  0
LAYOUT
  5
1E
102
{ACAD_REACTORS
330
1A
102
}
330
1A
100
AcDbPlotSettings
  1

  2
none_device
  4

  6

 40
0.0
 41
0.0
 42
0.0
 43
0.0
 44
0.0
 45
0.0
 46
0.0
 47
0.0
 48
0.0
 49
0.0
140
0.0
141
0.0
142
1.0
143
1.0
 70
   688
 72
     0
 73
     0
 74
     5
  7

 75
    16
 76
     0
 77
     2
 78
   300
147
1.0
148
0.0
149
0.0
100
AcDbLayout
  1
Layout1
 70
     1
 71
     1
 10
0.0
 20
0.0
 11
12.0
 21
9.0
 12
0.0
 22
0.0
 32
0.0
 14
1.000000000000000E+20
 24
1.000000000000000E+20
 34
1.000000000000000E+20
 15
-1.000000000000000E+20
 25
-1.000000000000000E+20
 35
-1.000000000000000E+20
146
0.0
 13
0.0
 23
0.0
 33
0.0
 16
1.0
 26
0.0
 36
0.0
 17
0.0
 27
1.0
 37
0.0
 76
     0
330
1B
  0
LAYOUT
  5
26
102
{ACAD_REACTORS
330
1A
102
}
330
1A
100
AcDbPlotSettings
  1

  2
none_device
  4

  6

 40
0.0
 41
0.0
 42
0.0
 43
0.0
 44
0.0
 45
0.0
 46
0.0
 47
0.0
 48
0.0
 49
0.0
140
0.0
141
0.0
142
1.0
143
1.0
 70
   688
 72
     0
 73
     0
 74
     5
  7

 75
    16
 76
     0
 77
     2
 78
   300
147
1.0
148
0.0
149
0.0
100
AcDbLayout
  1
Layout2
 70
     1
 71
     2
 10
0.0
 20
0.0
 11
0.0
 21
0.0
 12
0.0
 22
0.0
 32
0.0
 14
0.0
 24
0.0
 34
0.0
 15
0.0
 25
0.0
 35
0.0
146
0.0
 13
0.0
 23
0.0
 33
0.0
 16
1.0
 26
0.0
 36
0.0
 17
0.0
 27
1.0
 37
0.0
 76
     0
330
23
  0
LAYOUT
  5
22
102
{ACAD_REACTORS
330
1A
102
}
330
1A
100
AcDbPlotSettings
  1

  2
none_device
  4

  6

 40
0.0
 41
0.0
 42
0.0
 43
0.0
 44
0.0
 45
0.0
 46
0.0
 47
0.0
 48
0.0
 49
0.0
140
0.0
141
0.0
142
1.0
143
1.0
 70
  1712
 72
     0
 73
     0
 74
     0
  7

 75
     0
 76
     0
 77
     2
 78
   300
147
1.0
148
0.0
149
0.0
100
AcDbLayout
  1
Model
 70
     1
 71
     0
 10
0.0
 20
0.0
 11
12.0
 21
9.0
 12
0.0
 22
0.0
 32
0.0
 14
1.000000000000000E+20
 24
1.000000000000000E+20
 34
1.000000000000000E+20
 15
-1.000000000000000E+20
 25
-1.000000000000000E+20
 35
-1.000000000000000E+20
146
0.0
 13
0.0
 23
0.0
 33
0.0
 16
1.0
 26
0.0
 36
0.0
 17
0.0
 27
1.0
 37
0.0
 76
     0
330
1F
331
29
  0
MATERIAL
  5
3D
102
{ACAD_REACTORS
330
3B
102
}
330
3B
100
AcDbMaterial
  1
ByBlock
 72
     1
 94
      127
  0
MATERIAL
  5
3C
102
{ACAD_REACTORS
330
3B
102
}
330
3B
100
AcDbMaterial
  1
ByLayer
 72
     1
 94
      127
  0
MATERIAL
  5
3E
102
{ACAD_REACTORS
330
3B
102
}
330
3B
100
AcDbMaterial
  1
Global
 72
     1
 94
      127
  0
MLINESTYLE
  5
18
102
{ACAD_REACTORS
330
17
102
}
330
17
100
AcDbMlineStyle
  2
Standard
 70
     0
  3

 62
   256
 51
90.0
 52
90.0
 71
     2
 49
0.5
 62
   256
  6
BYLAYER
 49
-0.5
 62
   256
  6
BYLAYER
  0
ACDBPLACEHOLDER
  5
F
102
{ACAD_REACTORS
330
E
102
}
330
E
  0
VISUALSTYLE
  5
2F
102
{ACAD_REACTORS
330
2A
102
}
102
{ACAD_XDICTIONARY
360
47
102
}
330
2A
100
AcDbVisualStyle
  2
2dWireframe
 70
     4
 71
     0
 72
     2
 73
     0
 90
        0
 40
-0.6
 41
-30.0
 62
     5
 63
     7
421
 16777215
 74
     1
 91
        4
 64
     7
 65
   257
 75
     1
175
     1
 42
1.0
 92
        0
 66
   257
 43
1.0
 76
     1
 77
     6
 78
     2
 67
     7
 79
     5
170
     0
171
     0
290
     0
174
     0
 93
        1
 44
0.0
173
     0
291
     0
 45
0.0
  0
VISUALSTYLE
  5
31
102
{ACAD_REACTORS
330
2A
102
}
102
{ACAD_XDICTIONARY
360
4B
102
}
330
2A
100
AcDbVisualStyle
  2
3D Hidden
 70
     6
 71
     1
 72
     2
 73
     2
 90
        0
 40
-0.6
 41
-30.0
 62
     5
 63
     7
421
 16777215
 74
     2
 91
        2
 64
     7
 65
   257
 75
     2
175
     1
 42
40.0
 92
        0
 66
   257
 43
1.0
 76
     1
 77
     6
 78
     2
 67
     7
 79
     3
170
     0
171
     0
290
     0
174
     0
 93
        1
 44
0.0
173
     0
291
     0
 45
0.0
  0
VISUALSTYLE
  5
30
102
{ACAD_REACTORS
330
2A
102
}
102
{ACAD_XDICTIONARY
360
49
102
}
330
2A
100
AcDbVisualStyle
  2
3dWireframe
 70
     5
 71
     0
 72
     2
 73
     0
 90
        0
 40
-0.6
 41
-30.0
 62
     5
 63
     7
421
 16777215
 74
     1
 91
        4
 64
     7
 65
   257
 75
     1
175
     1
 42
1.0
 92
        0
 66
   257
 43
1.0
 76
     1
 77
     6
 78
     2
 67
     7
 79
     5
170
     0
171
     0
290
     0
174
     0
 93
        1
 44
0.0
173
     0
291
     0
 45
0.0
  0
VISUALSTYLE
  5
32
102
{ACAD_REACTORS
330
2A
102
}
102
{ACAD_XDICTIONARY
360
4D
102
}
330
2A
100
AcDbVisualStyle
  2
Basic
 70
     7
 71
     1
 72
     0
 73
     1
 90
        0
 40
-0.6
 41
-30.0
 62
     5
 63
     7
421
 16777215
 74
     0
 91
        4
 64
     7
 65
   257
 75
     1
175
     1
 42
1.0
 92
        8
 66
     7
 43
1.0
 76
     1
 77
     6
 78
     2
 67
     7
 79
     5
170
     0
171
     0
290
     0
174
     0
 93
        1
 44
0.0
173
     0
291
     1
 45
0.0
  0
VISUALSTYLE
  5
36
102
{ACAD_REACTORS
330
2A
102
}
102
{ACAD_XDICTIONARY
360
55
102
}
330
2A
100
AcDbVisualStyle
  2
Brighten
 70
    12
 71
     2
 72
     2
 73
     0
 90
        0
 40
-0.6
 41
-30.0
 62
     5
 63
     7
421
 16777215
 74
     1
 91
        4
 64
     7
 65
   257
 75
     1
175
     1
 42
1.0
 92
        8
 66
     7
 43
1.0
 76
     1
 77
     6
 78
     2
 67
     7
 79
     5
170
     0
171
     0
290
     0
174
     0
 93
        1
 44
50.0
173
     0
291
     1
 45
0.0
  0
VISUALSTYLE
  5
3A
102
{ACAD_REACTORS
330
2A
102
}
102
{ACAD_XDICTIONARY
360
5D
102
}
330
2A
100
AcDbVisualStyle
  2
ColorChange
 70
    16
 71
     2
 72
     2
 73
     3
 90
        0
 40
-0.6
 41
-30.0
 62
     5
 63
     8
421
  8421504
 74
     1
 91
        4
 64
     7
 65
   257
 75
     1
175
     1
 42
1.0
 92
        8
 66
     8
424
  8421504
 43
1.0
 76
     1
 77
     6
 78
     2
 67
     7
 79
     5
170
     0
171
     0
290
     0
174
     0
 93
        1
 44
0.0
173
     0
291
     1
 45
0.0
  0
VISUALSTYLE
  5
34
102
{ACAD_REACTORS
330
2A
102
}
102
{ACAD_XDICTIONARY
360
51
102
}
330
2A
100
AcDbVisualStyle
  2
Conceptual
 70
     9
 71
     3
 72
     2
 73
     0
 90
        0
 40
-0.6
 41
-30.0
 62
     5
 63
     7
421
 16777215
 74
     2
 91
        2
 64
     7
 65
   257
 75
     1
175
     1
 42
40.0
 92
        8
 66
     7
 43
1.0
 76
     1
 77
     6
 78
     2
 67
     7
 79
     3
170
     0
171
     0
290
     0
174
     0
 93
        1
 44
0.0
173
     0
291
     0
 45
0.0
  0
VISUALSTYLE
  5
35
102
{ACAD_REACTORS
330
2A
102
}
102
{ACAD_XDICTIONARY
360
53
102
}
330
2A
100
AcDbVisualStyle
  2
Dim
 70
    11
 71
     2
 72
     2
 73
     0
 90
        0
 40
-0.6
 41
-30.0
 62
     5
 63
     7
421
 16777215
 74
     1
 91
        4
 64
     7
 65
   257
 75
     1
175
     1
 42
1.0
 92
        8
 66
     7
 43
1.0
 76
     1
 77
     6
 78
     2
 67
     7
 79
     5
170
     0
171
     0
290
     0
174
     0
 93
        1
 44
-50.0
173
     0
291
     1
 45
0.0
  0
VISUALSTYLE
  5
39
102
{ACAD_REACTORS
330
2A
102
}
102
{ACAD_XDICTIONARY
360
5B
102
}
330
2A
100
AcDbVisualStyle
  2
Facepattern
 70
    15
 71
     2
 72
     2
 73
     0
 90
        0
 40
-0.6
 41
-30.0
 62
     5
 63
     7
421
 16777215
 74
     1
 91
        4
 64
     7
 65
   257
 75
     1
175
     1
 42
1.0
 92
        8
 66
     7
 43
1.0
 76
     1
 77
     6
 78
     2
 67
     7
 79
     5
170
     0
171
     0
290
     0
174
     0
 93
        1
 44
0.0
173
     0
291
     1
 45
0.0
  0
VISUALSTYLE
  5
2B
102
{ACAD_REACTORS
330
2A
102
}
102
{ACAD_XDICTIONARY
360
3F
102
}
330
2A
100
AcDbVisualStyle
  2
Flat
 70
     0
 71
     2
 72
     1
 73
     1
 90
        2
 40
-0.6
 41
30.0
 62
     5
 63
     7
421
 16777215
 74
     0
 91
        4
 64
     7
 65
   257
 75
     1
175
     1
 42
1.0
 92
        8
 66
     7
 43
1.0
 76
     1
 77
     6
 78
     2
 67
     7
 79
     5
170
     0
171
     0
290
     0
174
     0
 93
       13
 44
0.0
173
     0
291
     1
 45
0.0
  0
VISUALSTYLE
  5
2C
102
{ACAD_REACTORS
330
2A
102
}
102
{ACAD_XDICTIONARY
360
41
102
}
330
2A
100
AcDbVisualStyle
  2
FlatWithEdges
 70
     1
 71
     2
 72
     1
 73
     1
 90
        2
 40
-0.6
 41
30.0
 62
     5
 63
     7
421
 16777215
 74
     1
 91
        4
 64
     7
 65
   257
 75
     1
175
     1
 42
1.0
 92
        0
 66
   257
 43
1.0
 76
     1
 77
     6
 78
     2
 67
     7
 79
     5
170
     0
171
     0
290
     0
174
     0
 93
       13
 44
0.0
173
     0
291
     1
 45
0.0
  0
VISUALSTYLE
  5
2D
102
{ACAD_REACTORS
330
2A
102
}
102
{ACAD_XDICTIONARY
360
43
102
}
330
2A
100
AcDbVisualStyle
  2
Gouraud
 70
     2
 71
     2
 72
     2
 73
     1
 90
        2
 40
-0.6
 41
30.0
 62
     5
 63
     7
421
 16777215
 74
     0
 91
        4
 64
     7
 65
   257
 75
     1
175
     1
 42
1.0
 92
        0
 66
     7
 43
1.0
 76
     1
 77
     6
 78
     2
 67
     7
 79
     5
170
     0
171
     0
290
     0
174
     0
 93
       13
 44
0.0
173
     0
291
     1
 45
0.0
  0
VISUALSTYLE
  5
2E
102
{ACAD_REACTORS
330
2A
102
}
102
{ACAD_XDICTIONARY
360
45
102
}
330
2A
100
AcDbVisualStyle
  2
GouraudWithEdges
 70
     3
 71
     2
 72
     2
 73
     1
 90
        2
 40
-0.6
 41
30.0
 62
     5
 63
     7
421
 16777215
 74
     1
 91
        4
 64
     7
 65
   257
 75
     1
175
     1
 42
1.0
 92
        0
 66
   257
 43
1.0
 76
     1
 77
     6
 78
     2
 67
     7
 79
     5
170
     0
171
     0
290
     0
174
     0
 93
       13
 44
0.0
173
     0
291
     1
 45
0.0
  0
VISUALSTYLE
  5
38
102
{ACAD_REACTORS
330
2A
102
}
102
{ACAD_XDICTIONARY
360
59
102
}
330
2A
100
AcDbVisualStyle
  2
Linepattern
 70
    14
 71
     2
 72
     2
 73
     0
 90
        0
 40
-0.6
 41
-30.0
 62
     5
 63
     7
421
 16777215
 74
     1
 91
        4
 64
     7
 65
   257
 75
     7
175
     7
 42
1.0
 92
        8
 66
     7
 43
1.0
 76
     1
 77
     6
 78
     2
 67
     7
 79
     5
170
     0
171
     0
290
     0
174
     0
 93
        1
 44
0.0
173
     0
291
     1
 45
0.0
  0
VISUALSTYLE
  5
33
102
{ACAD_REACTORS
330
2A
102
}
102
{ACAD_XDICTIONARY
360
4F
102
}
330
2A
100
AcDbVisualStyle
  2
Realistic
 70
     8
 71
     2
 72
     2
 73
     0
 90
        0
 40
-0.6
 41
-30.0
 62
     5
 63
     7
421
 16777215
 74
     1
 91
        0
 64
     7
 65
   257
 75
     1
175
     1
 42
1.0
 92
        8
 66
     8
424
  7895160
 43
1.0
 76
     1
 77
     6
 78
     2
 67
     7
 79
     5
170
     0
171
     0
290
     0
174
     0
 93
       13
 44
0.0
173
     0
291
     0
 45
0.0
  0
VISUALSTYLE
  5
37
102
{ACAD_REACTORS
330
2A
102
}
102
{ACAD_XDICTIONARY
360
57
102
}
330
2A
100
AcDbVisualStyle
  2
Thicken
 70
    13
 71
     2
 72
     2
 73
     0
 90
        0
 40
-0.6
 41
-30.0
 62
     5
 63
     7
421
 16777215
 74
     1
 91
        4
 64
     7
 65
   257
 75
     1
175
     1
 42
1.0
 92
       12
 66
     7
 43
1.0
 76
     1
 77
     6
 78
     2
 67
     7
 79
     5
170
     0
171
     0
290
     0
174
     0
 93
        1
 44
0.0
173
     0
291
     1
 45
0.0
  0
DICTIONARY
  5
63
102
{ACAD_REACTORS
330
62
102
}
330
62
100
AcDbDictionary
281
     1
  3
ESRI_Attributes
350
66
  3
FeatureQuery
350
65
  3
FeatureType
350
64
  0
XRECORD
  5
77
102
{ACAD_REACTORS
330
6F
102
}
330
6F
100
AcDbXrecord
280
     1
  1
Ushuaia
  0
XRECORD
  5
73
102
{ACAD_REACTORS
330
6F
102
}
330
6F
100
AcDbXrecord
280
     1
 40
2.0
  0
XRECORD
  5
75
102
{ACAD_REACTORS
330
6F
102
}
330
6F
100
AcDbXrecord
280
     1
  1
I. Estorbo
  0
XRECORD
  5
71
102
{ACAD_REACTORS
330
6F
102
}
330
6F
100
AcDbXrecord
280
     1
 90
        1
  0
XRECORD
  5
79
102
{ACAD_REACTORS
330
6F
102
}
330
6F
100
AcDbXrecord
280
     1
 40
142261.590601
  0
XRECORD
  5
7B
102
{ACAD_REACTORS
330
6F
102
}
330
6F
100
AcDbXrecord
280
     1
 40
2070.446192966718
  0
XRECORD
  5
86
102
{ACAD_REACTORS
330
7E
102
}
330
7E
100
AcDbXrecord
280
     1
  1
Ushuaia
  0
XRECORD
  5
82
102
{ACAD_REACTORS
330
7E
102
}
330
7E
100
AcDbXrecord
280
     1
 40
3.0
  0
XRECORD
  5
84
102
{ACAD_REACTORS
330
7E
102
}
330
7E
100
AcDbXrecord
280
     1
  1
 
  0
XRECORD
  5
80
102
{ACAD_REACTORS
330
7E
102
}
330
7E
100
AcDbXrecord
280
     1
 90
        2
  0
XRECORD
  5
88
102
{ACAD_REACTORS
330
7E
102
}
330
7E
100
AcDbXrecord
280
     1
 40
191.8158
  0
XRECORD
  5
8A
102
{ACAD_REACTORS
330
7E
102
}
330
7E
100
AcDbXrecord
280
     1
 40
54.1289382417851
  0
XRECORD
  5
95
102
{ACAD_REACTORS
330
8D
102
}
330
8D
100
AcDbXrecord
280
     1
  1
Ushuaia
  0
XRECORD
  5
91
102
{ACAD_REACTORS
330
8D
102
}
330
8D
100
AcDbXrecord
280
     1
 40
4.0
  0
XRECORD
  5
93
102
{ACAD_REACTORS
330
8D
102
}
330
8D
100
AcDbXrecord
280
     1
  1
 
  0
XRECORD
  5
8F
102
{ACAD_REACTORS
330
8D
102
}
330
8D
100
AcDbXrecord
280
     1
 90
        3
  0
XRECORD
  5
97
102
{ACAD_REACTORS
330
8D
102
}
330
8D
100
AcDbXrecord
280
     1
 40
332.33395
  0
XRECORD
  5
99
102
{ACAD_REACTORS
330
8D
102
}
330
8D
100
AcDbXrecord
280
     1
 40
68.19877166646611
  0
XRECORD
  5
A4
102
{ACAD_REACTORS
330
9C
102
}
330
9C
100
AcDbXrecord
280
     1
  1
Ushuaia
  0
XRECORD
  5
A0
102
{ACAD_REACTORS
330
9C
102
}
330
9C
100
AcDbXrecord
280
     1
 40
5.0
  0
XRECORD
  5
A2
102
{ACAD_REACTORS
330
9C
102
}
330
9C
100
AcDbXrecord
280
     1
  1
 
  0
XRECORD
  5
9E
102
{ACAD_REACTORS
330
9C
102
}
330
9C
100
AcDbXrecord
280
     1
 90
        4
  0
XRECORD
  5
A6
102
{ACAD_REACTORS
330
9C
102
}
330
9C
100
AcDbXrecord
280
     1
 40
190.97985
  0
XRECORD
  5
A8
102
{ACAD_REACTORS
330
9C
102
}
330
9C
100
AcDbXrecord
280
     1
 40
53.03509692063993
  0
XRECORD
  5
B3
102
{ACAD_REACTORS
330
AB
102
}
330
AB
100
AcDbXrecord
280
     1
  1
Ushuaia
  0
XRECORD
  5
AF
102
{ACAD_REACTORS
330
AB
102
}
330
AB
100
AcDbXrecord
280
     1
 40
6.0
  0
XRECORD
  5
B1
102
{ACAD_REACTORS
330
AB
102
}
330
AB
100
AcDbXrecord
280
     1
  1
 
  0
XRECORD
  5
AD
102
{ACAD_REACTORS
330
AB
102
}
330
AB
100
AcDbXrecord
280
     1
 90
        5
  0
XRECORD
  5
B5
102
{ACAD_REACTORS
330
AB
102
}
330
AB
100
AcDbXrecord
280
     1
 40
233.72755
  0
XRECORD
  5
B7
102
{ACAD_REACTORS
330
AB
102
}
330
AB
100
AcDbXrecord
280
     1
 40
61.05980286797249
  0
XRECORD
  5
C2
102
{ACAD_REACTORS
330
BA
102
}
330
BA
100
AcDbXrecord
280
     1
  1
Ushuaia
  0
XRECORD
  5
BE
102
{ACAD_REACTORS
330
BA
102
}
330
BA
100
AcDbXrecord
280
     1
 40
7.0
  0
XRECORD
  5
C0
102
{ACAD_REACTORS
330
BA
102
}
330
BA
100
AcDbXrecord
280
     1
  1
 
  0
XRECORD
  5
BC
102
{ACAD_REACTORS
330
BA
102
}
330
BA
100
AcDbXrecord
280
     1
 90
        6
  0
XRECORD
  5
C4
102
{ACAD_REACTORS
330
BA
102
}
330
BA
100
AcDbXrecord
280
     1
 40
447.7786
  0
XRECORD
  5
C6
102
{ACAD_REACTORS
330
BA
102
}
330
BA
100
AcDbXrecord
280
     1
 40
78.71388106261303
  0
XRECORD
  5
D1
102
{ACAD_REACTORS
330
C9
102
}
330
C9
100
AcDbXrecord
280
     1
  1
Ushuaia
  0
XRECORD
  5
CD
102
{ACAD_REACTORS
330
C9
102
}
330
C9
100
AcDbXrecord
280
     1
 40
8.0
  0
XRECORD
  5
CF
102
{ACAD_REACTORS
330
C9
102
}
330
C9
100
AcDbXrecord
280
     1
  1
 
  0
XRECORD
  5
CB
102
{ACAD_REACTORS
330
C9
102
}
330
C9
100
AcDbXrecord
280
     1
 90
        7
  0
XRECORD
  5
D3
102
{ACAD_REACTORS
330
C9
102
}
330
C9
100
AcDbXrecord
280
     1
 40
3033.7909195
  0
XRECORD
  5
D5
102
{ACAD_REACTORS
330
C9
102
}
330
C9
100
AcDbXrecord
280
     1
 40
252.7471481488566
  0
XRECORD
  5
E0
102
{ACAD_REACTORS
330
D8
102
}
330
D8
100
AcDbXrecord
280
     1
  1
Ushuaia
  0
XRECORD
  5
DC
102
{ACAD_REACTORS
330
D8
102
}
330
D8
100
AcDbXrecord
280
     1
 40
9.0
  0
XRECORD
  5
DE
102
{ACAD_REACTORS
330
D8
102
}
330
D8
100
AcDbXrecord
280
     1
  1
 
  0
XRECORD
  5
DA
102
{ACAD_REACTORS
330
D8
102
}
330
D8
100
AcDbXrecord
280
     1
 90
        8
  0
XRECORD
  5
E2
102
{ACAD_REACTORS
330
D8
102
}
330
D8
100
AcDbXrecord
280
     1
 40
472.2633465
  0
XRECORD
  5
E4
102
{ACAD_REACTORS
330
D8
102
}
330
D8
100
AcDbXrecord
280
     1
 40
97.00217176443113
  0
XRECORD
  5
EF
102
{ACAD_REACTORS
330
E7
102
}
330
E7
100
AcDbXrecord
280
     1
  1
Ushuaia
  0
XRECORD
  5
EB
102
{ACAD_REACTORS
330
E7
102
}
330
E7
100
AcDbXrecord
280
     1
 40
10.0
  0
XRECORD
  5
ED
102
{ACAD_REACTORS
330
E7
102
}
330
E7
100
AcDbXrecord
280
     1
  1
 
  0
XRECORD
  5
E9
102
{ACAD_REACTORS
330
E7
102
}
330
E7
100
AcDbXrecord
280
     1
 90
        9
  0
XRECORD
  5
F1
102
{ACAD_REACTORS
330
E7
102
}
330
E7
100
AcDbXrecord
280
     1
 40
173.35359
  0
XRECORD
  5
F3
102
{ACAD_REACTORS
330
E7
102
}
330
E7
100
AcDbXrecord
280
     1
 40
50.92310178557187
  0
XRECORD
  5
FE
102
{ACAD_REACTORS
330
F6
102
}
330
F6
100
AcDbXrecord
280
     1
  1
Ushuaia
  0
XRECORD
  5
FA
102
{ACAD_REACTORS
330
F6
102
}
330
F6
100
AcDbXrecord
280
     1
 40
11.0
  0
XRECORD
  5
FC
102
{ACAD_REACTORS
330
F6
102
}
330
F6
100
AcDbXrecord
280
     1
  1
 
  0
XRECORD
  5
F8
102
{ACAD_REACTORS
330
F6
102
}
330
F6
100
AcDbXrecord
280
     1
 90
       10
  0
XRECORD
  5
100
102
{ACAD_REACTORS
330
F6
102
}
330
F6
100
AcDbXrecord
280
     1
 40
2248.5753255
  0
XRECORD
  5
102
102
{ACAD_REACTORS
330
F6
102
}
330
F6
100
AcDbXrecord
280
     1
 40
186.9565440256618
  0
XRECORD
  5
10D
102
{ACAD_REACTORS
330
105
102
}
330
105
100
AcDbXrecord
280
     1
  1
Ushuaia
  0
XRECORD
  5
109
102
{ACAD_REACTORS
330
105
102
}
330
105
100
AcDbXrecord
280
     1
 40
12.0
  0
XRECORD
  5
10B
102
{ACAD_REACTORS
330
105
102
}
330
105
100
AcDbXrecord
280
     1
  1
 
  0
XRECORD
  5
107
102
{ACAD_REACTORS
330
105
102
}
330
105
100
AcDbXrecord
280
     1
 90
       11
  0
XRECORD
  5
10F
102
{ACAD_REACTORS
330
105
102
}
330
105
100
AcDbXrecord
280
     1
 40
274.26585
  0
XRECORD
  5
111
102
{ACAD_REACTORS
330
105
102
}
330
105
100
AcDbXrecord
280
     1
 40
72.15286834606074
  0
XRECORD
  5
11C
102
{ACAD_REACTORS
330
114
102
}
330
114
100
AcDbXrecord
280
     1
  1
Ushuaia
  0
XRECORD
  5
118
102
{ACAD_REACTORS
330
114
102
}
330
114
100
AcDbXrecord
280
     1
 40
13.0
  0
XRECORD
  5
11A
102
{ACAD_REACTORS
330
114
102
}
330
114
100
AcDbXrecord
280
     1
  1
I. Redonda
  0
XRECORD
  5
116
102
{ACAD_REACTORS
330
114
102
}
330
114
100
AcDbXrecord
280
     1
 90
       12
  0
XRECORD
  5
11E
102
{ACAD_REACTORS
330
114
102
}
330
114
100
AcDbXrecord
280
     1
 40
456941.5633235
  0
XRECORD
  5
120
102
{ACAD_REACTORS
330
114
102
}
330
114
100
AcDbXrecord
280
     1
 40
3787.058156815244
  0
XRECORD
  5
12B
102
{ACAD_REACTORS
330
123
102
}
330
123
100
AcDbXrecord
280
     1
  1
Ushuaia
  0
XRECORD
  5
127
102
{ACAD_REACTORS
330
123
102
}
330
123
100
AcDbXrecord
280
     1
 40
14.0
  0
XRECORD
  5
129
102
{ACAD_REACTORS
330
123
102
}
330
123
100
AcDbXrecord
280
     1
  1
 
  0
XRECORD
  5
125
102
{ACAD_REACTORS
330
123
102
}
330
123
100
AcDbXrecord
280
     1
 90
       13
  0
XRECORD
  5
12D
102
{ACAD_REACTORS
330
123
102
}
330
123
100
AcDbXrecord
280
     1
 40
15816.048777
  0
XRECORD
  5
12F
102
{ACAD_REACTORS
330
123
102
}
330
123
100
AcDbXrecord
280
     1
 40
655.5184005925285
  0
XRECORD
  5
13A
102
{ACAD_REACTORS
330
132
102
}
330
132
100
AcDbXrecord
280
     1
  1
Ushuaia
  0
XRECORD
  5
136
102
{ACAD_REACTORS
330
132
102
}
330
132
100
AcDbXrecord
280
     1
 40
15.0
  0
XRECORD
  5
138
102
{ACAD_REACTORS
330
132
102
}
330
132
100
AcDbXrecord
280
     1
  1
 
  0
XRECORD
  5
134
102
{ACAD_REACTORS
330
132
102
}
330
132
100
AcDbXrecord
280
     1
 90
       14
  0
XRECORD
  5
13C
102
{ACAD_REACTORS
330
132
102
}
330
132
100
AcDbXrecord
280
     1
 40
302657.2724305
  0
XRECORD
  5
13E
102
{ACAD_REACTORS
330
132
102
}
330
132
100
AcDbXrecord
280
     1
 40
2482.461755144821
  0
XRECORD
  5
149
102
{ACAD_REACTORS
330
141
102
}
330
141
100
AcDbXrecord
280
     1
  1
Ushuaia
  0
XRECORD
  5
145
102
{ACAD_REACTORS
330
141
102
}
330
141
100
AcDbXrecord
280
     1
 40
16.0
  0
XRECORD
  5
147
102
{ACAD_REACTORS
330
141
102
}
330
141
100
AcDbXrecord
280
     1
  1
I. de las Cigueñas
  0
XRECORD
  5
143
102
{ACAD_REACTORS
330
141
102
}
330
141
100
AcDbXrecord
280
     1
 90
       15
  0
XRECORD
  5
14B
102
{ACAD_REACTORS
330
141
102
}
330
141
100
AcDbXrecord
280
     1
 40
16579.9122195
  0
XRECORD
  5
14D
102
{ACAD_REACTORS
330
141
102
}
330
141
100
AcDbXrecord
280
     1
 40
552.8732636198455
  0
XRECORD
  5
158
102
{ACAD_REACTORS
330
150
102
}
330
150
100
AcDbXrecord
280
     1
  1
Ushuaia
  0
XRECORD
  5
154
102
{ACAD_REACTORS
330
150
102
}
330
150
100
AcDbXrecord
280
     1
 40
17.0
  0
XRECORD
  5
156
102
{ACAD_REACTORS
330
150
102
}
330
150
100
AcDbXrecord
280
     1
  1
I. Yunque
  0
XRECORD
  5
152
102
{ACAD_REACTORS
330
150
102
}
330
150
100
AcDbXrecord
280
     1
 90
       16
  0
XRECORD
  5
15A
102
{ACAD_REACTORS
330
150
102
}
330
150
100
AcDbXrecord
280
     1
 40
402966.562311
  0
XRECORD
  5
15C
102
{ACAD_REACTORS
330
150
102
}
330
150
100
AcDbXrecord
280
     1
 40
2923.943749540181
  0
XRECORD
  5
167
102
{ACAD_REACTORS
330
15F
102
}
330
15F
100
AcDbXrecord
280
     1
  1
Ushuaia
  0
XRECORD
  5
163
102
{ACAD_REACTORS
330
15F
102
}
330
15F
100
AcDbXrecord
280
     1
 40
18.0
  0
XRECORD
  5
165
102
{ACAD_REACTORS
330
15F
102
}
330
15F
100
AcDbXrecord
280
     1
  1
 
  0
XRECORD
  5
161
102
{ACAD_REACTORS
330
15F
102
}
330
15F
100
AcDbXrecord
280
     1
 90
       17
  0
XRECORD
  5
169
102
{ACAD_REACTORS
330
15F
102
}
330
15F
100
AcDbXrecord
280
     1
 40
2956.4615615
  0
XRECORD
  5
16B
102
{ACAD_REACTORS
330
15F
102
}
330
15F
100
AcDbXrecord
280
     1
 40
204.7430691238809
  0
XRECORD
  5
176
102
{ACAD_REACTORS
330
16E
102
}
330
16E
100
AcDbXrecord
280
     1
  1
Ushuaia
  0
XRECORD
  5
172
102
{ACAD_REACTORS
330
16E
102
}
330
16E
100
AcDbXrecord
280
     1
 40
19.0
  0
XRECORD
  5
174
102
{ACAD_REACTORS
330
16E
102
}
330
16E
100
AcDbXrecord
280
     1
  1
 
  0
XRECORD
  5
170
102
{ACAD_REACTORS
330
16E
102
}
330
16E
100
AcDbXrecord
280
     1
 90
       18
  0
XRECORD
  5
178
102
{ACAD_REACTORS
330
16E
102
}
330
16E
100
AcDbXrecord
280
     1
 40
1865.4234375
  0
XRECORD
  5
17A
102
{ACAD_REACTORS
330
16E
102
}
330
16E
100
AcDbXrecord
280
     1
 40
169.7761465671243
  0
XRECORD
  5
185
102
{ACAD_REACTORS
330
17D
102
}
330
17D
100
AcDbXrecord
280
     1
  1
Ushuaia
  0
XRECORD
  5
181
102
{ACAD_REACTORS
330
17D
102
}
330
17D
100
AcDbXrecord
280
     1
 40
20.0
  0
XRECORD
  5
183
102
{ACAD_REACTORS
330
17D
102
}
330
17D
100
AcDbXrecord
280
     1
  1
I. Chata
  0
XRECORD
  5
17F
102
{ACAD_REACTORS
330
17D
102
}
330
17D
100
AcDbXrecord
280
     1
 90
       19
  0
XRECORD
  5
187
102
{ACAD_REACTORS
330
17D
102
}
330
17D
100
AcDbXrecord
280
     1
 40
124175.1338695
  0
XRECORD
  5
189
102
{ACAD_REACTORS
330
17D
102
}
330
17D
100
AcDbXrecord
280
     1
 40
2026.213966146667
  0
XRECORD
  5
194
102
{ACAD_REACTORS
330
18C
102
}
330
18C
100
AcDbXrecord
280
     1
  1
Ushuaia
  0
XRECORD
  5
190
102
{ACAD_REACTORS
330
18C
102
}
330
18C
100
AcDbXrecord
280
     1
 40
21.0
  0
XRECORD
  5
192
102
{ACAD_REACTORS
330
18C
102
}
330
18C
100
AcDbXrecord
280
     1
  1
I. Petrel
  0
XRECORD
  5
18E
102
{ACAD_REACTORS
330
18C
102
}
330
18C
100
AcDbXrecord
280
     1
 90
       20
  0
XRECORD
  5
196
102
{ACAD_REACTORS
330
18C
102
}
330
18C
100
AcDbXrecord
280
     1
 40
95857.694101
  0
XRECORD
  5
198
102
{ACAD_REACTORS
330
18C
102
}
330
18C
100
AcDbXrecord
280
     1
 40
1332.807375040293
  0
XRECORD
  5
1A3
102
{ACAD_REACTORS
330
19B
102
}
330
19B
100
AcDbXrecord
280
     1
  1
Ushuaia
  0
XRECORD
  5
19F
102
{ACAD_REACTORS
330
19B
102
}
330
19B
100
AcDbXrecord
280
     1
 40
22.0
  0
XRECORD
  5
1A1
102
{ACAD_REACTORS
330
19B
102
}
330
19B
100
AcDbXrecord
280
     1
  1
I. Martillo
  0
XRECORD
  5
19D
102
{ACAD_REACTORS
330
19B
102
}
330
19B
100
AcDbXrecord
280
     1
 90
       21
  0
XRECORD
  5
1A5
102
{ACAD_REACTORS
330
19B
102
}
330
19B
100
AcDbXrecord
280
     1
 40
374260.581722
  0
XRECORD
  5
1A7
102
{ACAD_REACTORS
330
19B
102
}
330
19B
100
AcDbXrecord
280
     1
 40
4688.212920016414
  0
XRECORD
  5
1B2
102
{ACAD_REACTORS
330
1AA
102
}
330
1AA
100
AcDbXrecord
280
     1
  1
Ushuaia
  0
XRECORD
  5
1AE
102
{ACAD_REACTORS
330
1AA
102
}
330
1AA
100
AcDbXrecord
280
     1
 40
23.0
  0
XRECORD
  5
1B0
102
{ACAD_REACTORS
330
1AA
102
}
330
1AA
100
AcDbXrecord
280
     1
  1
 
  0
XRECORD
  5
1AC
102
{ACAD_REACTORS
330
1AA
102
}
330
1AA
100
AcDbXrecord
280
     1
 90
       22
  0
XRECORD
  5
1B4
102
{ACAD_REACTORS
330
1AA
102
}
330
1AA
100
AcDbXrecord
280
     1
 40
22617.4972205
  0
XRECORD
  5
1B6
102
{ACAD_REACTORS
330
1AA
102
}
330
1AA
100
AcDbXrecord
280
     1
 40
619.2650333132481
  0
XRECORD
  5
1C1
102
{ACAD_REACTORS
330
1B9
102
}
330
1B9
100
AcDbXrecord
280
     1
  1
Ushuaia
  0
XRECORD
  5
1BD
102
{ACAD_REACTORS
330
1B9
102
}
330
1B9
100
AcDbXrecord
280
     1
 40
24.0
  0
XRECORD
  5
1BF
102
{ACAD_REACTORS
330
1B9
102
}
330
1B9
100
AcDbXrecord
280
     1
  1
 
  0
XRECORD
  5
1BB
102
{ACAD_REACTORS
330
1B9
102
}
330
1B9
100
AcDbXrecord
280
     1
 90
       23
  0
XRECORD
  5
1C3
102
{ACAD_REACTORS
330
1B9
102
}
330
1B9
100
AcDbXrecord
280
     1
 40
6012.952448
  0
XRECORD
  5
1C5
102
{ACAD_REACTORS
330
1B9
102
}
330
1B9
100
AcDbXrecord
280
     1
 40
442.1225031038088
  0
XRECORD
  5
1D0
102
{ACAD_REACTORS
330
1C8
102
}
330
1C8
100
AcDbXrecord
280
     1
  1
Ushuaia
  0
XRECORD
  5
1CC
102
{ACAD_REACTORS
330
1C8
102
}
330
1C8
100
AcDbXrecord
280
     1
 40
25.0
  0
XRECORD
  5
1CE
102
{ACAD_REACTORS
330
1C8
102
}
330
1C8
100
AcDbXrecord
280
     1
  1
 
  0
XRECORD
  5
1CA
102
{ACAD_REACTORS
330
1C8
102
}
330
1C8
100
AcDbXrecord
280
     1
 90
       24
  0
XRECORD
  5
1D2
102
{ACAD_REACTORS
330
1C8
102
}
330
1C8
100
AcDbXrecord
280
     1
 40
23411.3842215
  0
XRECORD
  5
1D4
102
{ACAD_REACTORS
330
1C8
102
}
330
1C8
100
AcDbXrecord
280
     1
 40
877.3768615878483
  0
XRECORD
  5
1DF
102
{ACAD_REACTORS
330
1D7
102
}
330
1D7
100
AcDbXrecord
280
     1
  1
Ushuaia
  0
XRECORD
  5
1DB
102
{ACAD_REACTORS
330
1D7
102
}
330
1D7
100
AcDbXrecord
280
     1
 40
26.0
  0
XRECORD
  5
1DD
102
{ACAD_REACTORS
330
1D7
102
}
330
1D7
100
AcDbXrecord
280
     1
  1
 
  0
XRECORD
  5
1D9
102
{ACAD_REACTORS
330
1D7
102
}
330
1D7
100
AcDbXrecord
280
     1
 90
       25
  0
XRECORD
  5
1E1
102
{ACAD_REACTORS
330
1D7
102
}
330
1D7
100
AcDbXrecord
280
     1
 40
84105.8399275
  0
XRECORD
  5
1E3
102
{ACAD_REACTORS
330
1D7
102
}
330
1D7
100
AcDbXrecord
280
     1
 40
1427.885767252904
  0
XRECORD
  5
1EE
102
{ACAD_REACTORS
330
1E6
102
}
330
1E6
100
AcDbXrecord
280
     1
  1
Ushuaia
  0
XRECORD
  5
1EA
102
{ACAD_REACTORS
330
1E6
102
}
330
1E6
100
AcDbXrecord
280
     1
 40
27.0
  0
XRECORD
  5
1EC
102
{ACAD_REACTORS
330
1E6
102
}
330
1E6
100
AcDbXrecord
280
     1
  1
 
  0
XRECORD
  5
1E8
102
{ACAD_REACTORS
330
1E6
102
}
330
1E6
100
AcDbXrecord
280
     1
 90
       26
  0
XRECORD
  5
1F0
102
{ACAD_REACTORS
330
1E6
102
}
330
1E6
100
AcDbXrecord
280
     1
 40
32727.888623
  0
XRECORD
  5
1F2
102
{ACAD_REACTORS
330
1E6
102
}
330
1E6
100
AcDbXrecord
280
     1
 40
914.2788490810902
  0
XRECORD
  5
1FD
102
{ACAD_REACTORS
330
1F5
102
}
330
1F5
100
AcDbXrecord
280
     1
  1
Ushuaia
  0
XRECORD
  5
1F9
102
{ACAD_REACTORS
330
1F5
102
}
330
1F5
100
AcDbXrecord
280
     1
 40
28.0
  0
XRECORD
  5
1FB
102
{ACAD_REACTORS
330
1F5
102
}
330
1F5
100
AcDbXrecord
280
     1
  1
I. Jabón
  0
XRECORD
  5
1F7
102
{ACAD_REACTORS
330
1F5
102
}
330
1F5
100
AcDbXrecord
280
     1
 90
       27
  0
XRECORD
  5
1FF
102
{ACAD_REACTORS
330
1F5
102
}
330
1F5
100
AcDbXrecord
280
     1
 40
46665.5292065
  0
XRECORD
  5
201
102
{ACAD_REACTORS
330
1F5
102
}
330
1F5
100
AcDbXrecord
280
     1
 40
919.0273874663645
  0
XRECORD
  5
20C
102
{ACAD_REACTORS
330
204
102
}
330
204
100
AcDbXrecord
280
     1
  1
Ushuaia
  0
XRECORD
  5
208
102
{ACAD_REACTORS
330
204
102
}
330
204
100
AcDbXrecord
280
     1
 40
29.0
  0
XRECORD
  5
20A
102
{ACAD_REACTORS
330
204
102
}
330
204
100
AcDbXrecord
280
     1
  1
 
  0
XRECORD
  5
206
102
{ACAD_REACTORS
330
204
102
}
330
204
100
AcDbXrecord
280
     1
 90
       28
  0
XRECORD
  5
20E
102
{ACAD_REACTORS
330
204
102
}
330
204
100
AcDbXrecord
280
     1
 40
5167.3559015
  0
XRECORD
  5
210
102
{ACAD_REACTORS
330
204
102
}
330
204
100
AcDbXrecord
280
     1
 40
336.5961419590816
  0
XRECORD
  5
21B
102
{ACAD_REACTORS
330
213
102
}
330
213
100
AcDbXrecord
280
     1
  1
Ushuaia
  0
XRECORD
  5
217
102
{ACAD_REACTORS
330
213
102
}
330
213
100
AcDbXrecord
280
     1
 40
30.0
  0
XRECORD
  5
219
102
{ACAD_REACTORS
330
213
102
}
330
213
100
AcDbXrecord
280
     1
  1
 
  0
XRECORD
  5
215
102
{ACAD_REACTORS
330
213
102
}
330
213
100
AcDbXrecord
280
     1
 90
       29
  0
XRECORD
  5
21D
102
{ACAD_REACTORS
330
213
102
}
330
213
100
AcDbXrecord
280
     1
 40
6574.358592
  0
XRECORD
  5
21F
102
{ACAD_REACTORS
330
213
102
}
330
213
100
AcDbXrecord
280
     1
 40
393.701987651511
  0
XRECORD
  5
22A
102
{ACAD_REACTORS
330
222
102
}
330
222
100
AcDbXrecord
280
     1
  1
Ushuaia
  0
XRECORD
  5
226
102
{ACAD_REACTORS
330
222
102
}
330
222
100
AcDbXrecord
280
     1
 40
31.0
  0
XRECORD
  5
228
102
{ACAD_REACTORS
330
222
102
}
330
222
100
AcDbXrecord
280
     1
  1
 
  0
XRECORD
  5
224
102
{ACAD_REACTORS
330
222
102
}
330
222
100
AcDbXrecord
280
     1
 90
       30
  0
XRECORD
  5
22C
102
{ACAD_REACTORS
330
222
102
}
330
222
100
AcDbXrecord
280
     1
 40
23572.9857565
  0
XRECORD
  5
22E
102
{ACAD_REACTORS
330
222
102
}
330
222
100
AcDbXrecord
280
     1
 40
735.0167878656407
  0
XRECORD
  5
239
102
{ACAD_REACTORS
330
231
102
}
330
231
100
AcDbXrecord
280
     1
  1
Ushuaia
  0
XRECORD
  5
235
102
{ACAD_REACTORS
330
231
102
}
330
231
100
AcDbXrecord
280
     1
 40
32.0
  0
XRECORD
  5
237
102
{ACAD_REACTORS
330
231
102
}
330
231
100
AcDbXrecord
280
     1
  1
 
  0
XRECORD
  5
233
102
{ACAD_REACTORS
330
231
102
}
330
231
100
AcDbXrecord
280
     1
 90
       31
  0
XRECORD
  5
23B
102
{ACAD_REACTORS
330
231
102
}
330
231
100
AcDbXrecord
280
     1
 40
10403.438814
  0
XRECORD
  5
23D
102
{ACAD_REACTORS
330
231
102
}
330
231
100
AcDbXrecord
280
     1
 40
411.5469149706361
  0
XRECORD
  5
248
102
{ACAD_REACTORS
330
240
102
}
330
240
100
AcDbXrecord
280
     1
  1
Ushuaia
  0
XRECORD
  5
244
102
{ACAD_REACTORS
330
240
102
}
330
240
100
AcDbXrecord
280
     1
 40
33.0
  0
XRECORD
  5
246
102
{ACAD_REACTORS
330
240
102
}
330
240
100
AcDbXrecord
280
     1
  1
I. Upu
  0
XRECORD
  5
242
102
{ACAD_REACTORS
330
240
102
}
330
240
100
AcDbXrecord
280
     1
 90
       32
  0
XRECORD
  5
24A
102
{ACAD_REACTORS
330
240
102
}
330
240
100
AcDbXrecord
280
     1
 40
439333.2789335
  0
XRECORD
  5
24C
102
{ACAD_REACTORS
330
240
102
}
330
240
100
AcDbXrecord
280
     1
 40
3711.80975660754
  0
XRECORD
  5
257
102
{ACAD_REACTORS
330
24F
102
}
330
24F
100
AcDbXrecord
280
     1
  1
Ushuaia
  0
XRECORD
  5
253
102
{ACAD_REACTORS
330
24F
102
}
330
24F
100
AcDbXrecord
280
     1
 40
34.0
  0
XRECORD
  5
255
102
{ACAD_REACTORS
330
24F
102
}
330
24F
100
AcDbXrecord
280
     1
  1
I. Warú
  0
XRECORD
  5
251
102
{ACAD_REACTORS
330
24F
102
}
330
24F
100
AcDbXrecord
280
     1
 90
       33
  0
XRECORD
  5
259
102
{ACAD_REACTORS
330
24F
102
}
330
24F
100
AcDbXrecord
280
     1
 40
1548014.7834965
  0
XRECORD
  5
25B
102
{ACAD_REACTORS
330
24F
102
}
330
24F
100
AcDbXrecord
280
     1
 40
6470.077847125522
  0
XRECORD
  5
266
102
{ACAD_REACTORS
330
25E
102
}
330
25E
100
AcDbXrecord
280
     1
  1
Ushuaia
  0
XRECORD
  5
262
102
{ACAD_REACTORS
330
25E
102
}
330
25E
100
AcDbXrecord
280
     1
 40
35.0
  0
XRECORD
  5
264
102
{ACAD_REACTORS
330
25E
102
}
330
25E
100
AcDbXrecord
280
     1
  1
I Gable
  0
XRECORD
  5
260
102
{ACAD_REACTORS
330
25E
102
}
330
25E
100
AcDbXrecord
280
     1
 90
       34
  0
XRECORD
  5
268
102
{ACAD_REACTORS
330
25E
102
}
330
25E
100
AcDbXrecord
280
     1
 40
20908839.610462
  0
XRECORD
  5
26A
102
{ACAD_REACTORS
330
25E
102
}
330
25E
100
AcDbXrecord
280
     1
 40
46051.91051020357
  0
XRECORD
  5
275
102
{ACAD_REACTORS
330
26D
102
}
330
26D
100
AcDbXrecord
280
     1
  1
Ushuaia
  0
XRECORD
  5
271
102
{ACAD_REACTORS
330
26D
102
}
330
26D
100
AcDbXrecord
280
     1
 40
36.0
  0
XRECORD
  5
273
102
{ACAD_REACTORS
330
26D
102
}
330
26D
100
AcDbXrecord
280
     1
  1
 
  0
XRECORD
  5
26F
102
{ACAD_REACTORS
330
26D
102
}
330
26D
100
AcDbXrecord
280
     1
 90
       35
  0
XRECORD
  5
277
102
{ACAD_REACTORS
330
26D
102
}
330
26D
100
AcDbXrecord
280
     1
 40
14255.1325625
  0
XRECORD
  5
279
102
{ACAD_REACTORS
330
26D
102
}
330
26D
100
AcDbXrecord
280
     1
 40
531.4374336470287
  0
XRECORD
  5
284
102
{ACAD_REACTORS
330
27C
102
}
330
27C
100
AcDbXrecord
280
     1
  1
Ushuaia
  0
XRECORD
  5
280
102
{ACAD_REACTORS
330
27C
102
}
330
27C
100
AcDbXrecord
280
     1
 40
37.0
  0
XRECORD
  5
282
102
{ACAD_REACTORS
330
27C
102
}
330
27C
100
AcDbXrecord
280
     1
  1
Is. Becasses
  0
XRECORD
  5
27E
102
{ACAD_REACTORS
330
27C
102
}
330
27C
100
AcDbXrecord
280
     1
 90
       36
  0
XRECORD
  5
286
102
{ACAD_REACTORS
330
27C
102
}
330
27C
100
AcDbXrecord
280
     1
 40
1806.643403
  0
XRECORD
  5
288
102
{ACAD_REACTORS
330
27C
102
}
330
27C
100
AcDbXrecord
280
     1
 40
189.633167390129
  0
XRECORD
  5
293
102
{ACAD_REACTORS
330
28B
102
}
330
28B
100
AcDbXrecord
280
     1
  1
Ushuaia
  0
XRECORD
  5
28F
102
{ACAD_REACTORS
330
28B
102
}
330
28B
100
AcDbXrecord
280
     1
 40
38.0
  0
XRECORD
  5
291
102
{ACAD_REACTORS
330
28B
102
}
330
28B
100
AcDbXrecord
280
     1
  1
Is. Becasses
  0
XRECORD
  5
28D
102
{ACAD_REACTORS
330
28B
102
}
330
28B
100
AcDbXrecord
280
     1
 90
       37
  0
XRECORD
  5
295
102
{ACAD_REACTORS
330
28B
102
}
330
28B
100
AcDbXrecord
280
     1
 40
1671.8778175
  0
XRECORD
  5
297
102
{ACAD_REACTORS
330
28B
102
}
330
28B
100
AcDbXrecord
280
     1
 40
173.4175146240574
  0
XRECORD
  5
2A2
102
{ACAD_REACTORS
330
29A
102
}
330
29A
100
AcDbXrecord
280
     1
  1
Ushuaia
  0
XRECORD
  5
29E
102
{ACAD_REACTORS
330
29A
102
}
330
29A
100
AcDbXrecord
280
     1
 40
39.0
  0
XRECORD
  5
2A0
102
{ACAD_REACTORS
330
29A
102
}
330
29A
100
AcDbXrecord
280
     1
  1
Is. Becasses
  0
XRECORD
  5
29C
102
{ACAD_REACTORS
330
29A
102
}
330
29A
100
AcDbXrecord
280
     1
 90
       38
  0
XRECORD
  5
2A4
102
{ACAD_REACTORS
330
29A
102
}
330
29A
100
AcDbXrecord
280
     1
 40
135282.874426
  0
XRECORD
  5
2A6
102
{ACAD_REACTORS
330
29A
102
}
330
29A
100
AcDbXrecord
280
     1
 40
1868.531542847424
  0
XRECORD
  5
2B1
102
{ACAD_REACTORS
330
2A9
102
}
330
2A9
100
AcDbXrecord
280
     1
  1
Ushuaia
  0
XRECORD
  5
2AD
102
{ACAD_REACTORS
330
2A9
102
}
330
2A9
100
AcDbXrecord
280
     1
 40
40.0
  0
XRECORD
  5
2AF
102
{ACAD_REACTORS
330
2A9
102
}
330
2A9
100
AcDbXrecord
280
     1
  1
Is. Becasses
  0
XRECORD
  5
2AB
102
{ACAD_REACTORS
330
2A9
102
}
330
2A9
100
AcDbXrecord
280
     1
 90
       39
  0
XRECORD
  5
2B3
102
{ACAD_REACTORS
330
2A9
102
}
330
2A9
100
AcDbXrecord
280
     1
 40
73236.59395
  0
XRECORD
  5
2B5
102
{ACAD_REACTORS
330
2A9
102
}
330
2A9
100
AcDbXrecord
280
     1
 40
1082.210988291682
  0
XRECORD
  5
2C0
102
{ACAD_REACTORS
330
2B8
102
}
330
2B8
100
AcDbXrecord
280
     1
  1
Rio Grande
  0
XRECORD
  5
2BC
102
{ACAD_REACTORS
330
2B8
102
}
330
2B8
100
AcDbXrecord
280
     1
 40
156.0
  0
XRECORD
  5
2BE
102
{ACAD_REACTORS
330
2B8
102
}
330
2B8
100
AcDbXrecord
280
     1
  1
Rio Grande
  0
XRECORD
  5
2BA
102
{ACAD_REACTORS
330
2B8
102
}
330
2B8
100
AcDbXrecord
280
     1
 90
       40
  0
XRECORD
  5
2C2
102
{ACAD_REACTORS
330
2B8
102
}
330
2B8
100
AcDbXrecord
280
     1
 40
11793679114.93136
  0
XRECORD
  5
2C4
102
{ACAD_REACTORS
330
2B8
102
}
330
2B8
100
AcDbXrecord
280
     1
 40
737750.7437372897
  0
XRECORD
  5
2CF
102
{ACAD_REACTORS
330
2C7
102
}
330
2C7
100
AcDbXrecord
280
     1
  1
Ushuaia
  0
XRECORD
  5
2CB
102
{ACAD_REACTORS
330
2C7
102
}
330
2C7
100
AcDbXrecord
280
     1
 40
157.0
  0
XRECORD
  5
2CD
102
{ACAD_REACTORS
330
2C7
102
}
330
2C7
100
AcDbXrecord
280
     1
  1
Ushuaia
  0
XRECORD
  5
2C9
102
{ACAD_REACTORS
330
2C7
102
}
330
2C7
100
AcDbXrecord
280
     1
 90
       41
  0
XRECORD
  5
2D1
102
{ACAD_REACTORS
330
2C7
102
}
330
2C7
100
AcDbXrecord
280
     1
 40
8406328211.646971
  0
XRECORD
  5
2D3
102
{ACAD_REACTORS
330
2C7
102
}
330
2C7
100
AcDbXrecord
280
     1
 40
720014.3223689175
  0
XRECORD
  5
2DE
102
{ACAD_REACTORS
330
2D6
102
}
330
2D6
100
AcDbXrecord
280
     1
  1
Ushuaia
  0
XRECORD
  5
2DA
102
{ACAD_REACTORS
330
2D6
102
}
330
2D6
100
AcDbXrecord
280
     1
 40
0.0
  0
XRECORD
  5
2DC
102
{ACAD_REACTORS
330
2D6
102
}
330
2D6
100
AcDbXrecord
280
     1
  1
Ite. San Martín de Tours
  0
XRECORD
  5
2D8
102
{ACAD_REACTORS
330
2D6
102
}
330
2D6
100
AcDbXrecord
280
     1
 90
       42
  0
XRECORD
  5
2E0
102
{ACAD_REACTORS
330
2D6
102
}
330
2D6
100
AcDbXrecord
280
     1
 40
68180.95663845
  0
XRECORD
  5
2E2
102
{ACAD_REACTORS
330
2D6
102
}
330
2D6
100
AcDbXrecord
280
     1
 40
1535.269027448169
  0
XRECORD
  5
2ED
102
{ACAD_REACTORS
330
2E5
102
}
330
2E5
100
AcDbXrecord
280
     1
  1
Ushuaia
  0
XRECORD
  5
2E9
102
{ACAD_REACTORS
330
2E5
102
}
330
2E5
100
AcDbXrecord
280
     1
 40
0.0
  0
XRECORD
  5
2EB
102
{ACAD_REACTORS
330
2E5
102
}
330
2E5
100
AcDbXrecord
280
     1
  1
 
  0
XRECORD
  5
2E7
102
{ACAD_REACTORS
330
2E5
102
}
330
2E5
100
AcDbXrecord
280
     1
 90
       43
  0
XRECORD
  5
2EF
102
{ACAD_REACTORS
330
2E5
102
}
330
2E5
100
AcDbXrecord
280
     1
 40
65.87149973
  0
XRECORD
  5
2F1
102
{ACAD_REACTORS
330
2E5
102
}
330
2E5
100
AcDbXrecord
280
     1
 40
33.70508972282556
  0
XRECORD
  5
2FC
102
{ACAD_REACTORS
330
2F4
102
}
330
2F4
100
AcDbXrecord
280
     1
  1
Ushuaia
  0
XRECORD
  5
2F8
102
{ACAD_REACTORS
330
2F4
102
}
330
2F4
100
AcDbXrecord
280
     1
 40
0.0
  0
XRECORD
  5
2FA
102
{ACAD_REACTORS
330
2F4
102
}
330
2F4
100
AcDbXrecord
280
     1
  1
 
  0
XRECORD
  5
2F6
102
{ACAD_REACTORS
330
2F4
102
}
330
2F4
100
AcDbXrecord
280
     1
 90
       44
  0
XRECORD
  5
2FE
102
{ACAD_REACTORS
330
2F4
102
}
330
2F4
100
AcDbXrecord
280
     1
 40
74.77074718
  0
XRECORD
  5
300
102
{ACAD_REACTORS
330
2F4
102
}
330
2F4
100
AcDbXrecord
280
     1
 40
36.17089497366527
  0
XRECORD
  5
30B
102
{ACAD_REACTORS
330
303
102
}
330
303
100
AcDbXrecord
280
     1
  1
Ushuaia
  0
XRECORD
  5
307
102
{ACAD_REACTORS
330
303
102
}
330
303
100
AcDbXrecord
280
     1
 40
0.0
  0
XRECORD
  5
309
102
{ACAD_REACTORS
330
303
102
}
330
303
100
AcDbXrecord
280
     1
  1
 
  0
XRECORD
  5
305
102
{ACAD_REACTORS
330
303
102
}
330
303
100
AcDbXrecord
280
     1
 90
       45
  0
XRECORD
  5
30D
102
{ACAD_REACTORS
330
303
102
}
330
303
100
AcDbXrecord
280
     1
 40
50.507411085
  0
XRECORD
  5
30F
102
{ACAD_REACTORS
330
303
102
}
330
303
100
AcDbXrecord
280
     1
 40
30.96715499579561
  0
XRECORD
  5
31A
102
{ACAD_REACTORS
330
312
102
}
330
312
100
AcDbXrecord
280
     1
  1
Ushuaia
  0
XRECORD
  5
316
102
{ACAD_REACTORS
330
312
102
}
330
312
100
AcDbXrecord
280
     1
 40
0.0
  0
XRECORD
  5
318
102
{ACAD_REACTORS
330
312
102
}
330
312
100
AcDbXrecord
280
     1
  1
 
  0
XRECORD
  5
314
102
{ACAD_REACTORS
330
312
102
}
330
312
100
AcDbXrecord
280
     1
 90
       46
  0
XRECORD
  5
31C
102
{ACAD_REACTORS
330
312
102
}
330
312
100
AcDbXrecord
280
     1
 40
13.80763233
  0
XRECORD
  5
31E
102
{ACAD_REACTORS
330
312
102
}
330
312
100
AcDbXrecord
280
     1
 40
17.0088754529358
  0
XRECORD
  5
329
102
{ACAD_REACTORS
330
321
102
}
330
321
100
AcDbXrecord
280
     1
  1
Ushuaia
  0
XRECORD
  5
325
102
{ACAD_REACTORS
330
321
102
}
330
321
100
AcDbXrecord
280
     1
 40
0.0
  0
XRECORD
  5
327
102
{ACAD_REACTORS
330
321
102
}
330
321
100
AcDbXrecord
280
     1
  1
 
  0
XRECORD
  5
323
102
{ACAD_REACTORS
330
321
102
}
330
321
100
AcDbXrecord
280
     1
 90
       47
  0
XRECORD
  5
32B
102
{ACAD_REACTORS
330
321
102
}
330
321
100
AcDbXrecord
280
     1
 40
18.865778605
  0
XRECORD
  5
32D
102
{ACAD_REACTORS
330
321
102
}
330
321
100
AcDbXrecord
280
     1
 40
18.21859029334893
  0
XRECORD
  5
338
102
{ACAD_REACTORS
330
330
102
}
330
330
100
AcDbXrecord
280
     1
  1
Ushuaia
  0
XRECORD
  5
334
102
{ACAD_REACTORS
330
330
102
}
330
330
100
AcDbXrecord
280
     1
 40
0.0
  0
XRECORD
  5
336
102
{ACAD_REACTORS
330
330
102
}
330
330
100
AcDbXrecord
280
     1
  1
 
  0
XRECORD
  5
332
102
{ACAD_REACTORS
330
330
102
}
330
330
100
AcDbXrecord
280
     1
 90
       48
  0
XRECORD
  5
33A
102
{ACAD_REACTORS
330
330
102
}
330
330
100
AcDbXrecord
280
     1
 40
20.506072665
  0
XRECORD
  5
33C
102
{ACAD_REACTORS
330
330
102
}
330
330
100
AcDbXrecord
280
     1
 40
21.25871373521223
  0
XRECORD
  5
347
102
{ACAD_REACTORS
330
33F
102
}
330
33F
100
AcDbXrecord
280
     1
  1
Ushuaia
  0
XRECORD
  5
343
102
{ACAD_REACTORS
330
33F
102
}
330
33F
100
AcDbXrecord
280
     1
 40
0.0
  0
XRECORD
  5
345
102
{ACAD_REACTORS
330
33F
102
}
330
33F
100
AcDbXrecord
280
     1
  1
I. Casco
  0
XRECORD
  5
341
102
{ACAD_REACTORS
330
33F
102
}
330
33F
100
AcDbXrecord
280
     1
 90
       49
  0
XRECORD
  5
349
102
{ACAD_REACTORS
330
33F
102
}
330
33F
100
AcDbXrecord
280
     1
 40
38878.940694615
  0
XRECORD
  5
34B
102
{ACAD_REACTORS
330
33F
102
}
330
33F
100
AcDbXrecord
280
     1
 40
1298.878838737212
  0
XRECORD
  5
356
102
{ACAD_REACTORS
330
34E
102
}
330
34E
100
AcDbXrecord
280
     1
  1
Ushuaia
  0
XRECORD
  5
352
102
{ACAD_REACTORS
330
34E
102
}
330
34E
100
AcDbXrecord
280
     1
 40
0.0
  0
XRECORD
  5
354
102
{ACAD_REACTORS
330
34E
102
}
330
34E
100
AcDbXrecord
280
     1
  1
 
  0
XRECORD
  5
350
102
{ACAD_REACTORS
330
34E
102
}
330
34E
100
AcDbXrecord
280
     1
 90
       50
  0
XRECORD
  5
358
102
{ACAD_REACTORS
330
34E
102
}
330
34E
100
AcDbXrecord
280
     1
 40
958.994856425
  0
XRECORD
  5
35A
102
{ACAD_REACTORS
330
34E
102
}
330
34E
100
AcDbXrecord
280
     1
 40
163.2994698776722
  0
XRECORD
  5
365
102
{ACAD_REACTORS
330
35D
102
}
330
35D
100
AcDbXrecord
280
     1
  1
Ushuaia
  0
XRECORD
  5
361
102
{ACAD_REACTORS
330
35D
102
}
330
35D
100
AcDbXrecord
280
     1
 40
0.0
  0
XRECORD
  5
363
102
{ACAD_REACTORS
330
35D
102
}
330
35D
100
AcDbXrecord
280
     1
  1
I. Chata
  0
XRECORD
  5
35F
102
{ACAD_REACTORS
330
35D
102
}
330
35D
100
AcDbXrecord
280
     1
 90
       51
  0
XRECORD
  5
367
102
{ACAD_REACTORS
330
35D
102
}
330
35D
100
AcDbXrecord
280
     1
 40
9918.698400855
  0
XRECORD
  5
369
102
{ACAD_REACTORS
330
35D
102
}
330
35D
100
AcDbXrecord
280
     1
 40
584.2554067949998
  0
XRECORD
  5
374
102
{ACAD_REACTORS
330
36C
102
}
330
36C
100
AcDbXrecord
280
     1
  1
Ushuaia
  0
XRECORD
  5
370
102
{ACAD_REACTORS
330
36C
102
}
330
36C
100
AcDbXrecord
280
     1
 40
0.0
  0
XRECORD
  5
372
102
{ACAD_REACTORS
330
36C
102
}
330
36C
100
AcDbXrecord
280
     1
  1
 
  0
XRECORD
  5
36E
102
{ACAD_REACTORS
330
36C
102
}
330
36C
100
AcDbXrecord
280
     1
 90
       52
  0
XRECORD
  5
376
102
{ACAD_REACTORS
330
36C
102
}
330
36C
100
AcDbXrecord
280
     1
 40
1399.869686075
  0
XRECORD
  5
378
102
{ACAD_REACTORS
330
36C
102
}
330
36C
100
AcDbXrecord
280
     1
 40
191.2942802584368
  0
XRECORD
  5
383
102
{ACAD_REACTORS
330
37B
102
}
330
37B
100
AcDbXrecord
280
     1
  1
Ushuaia
  0
XRECORD
  5
37F
102
{ACAD_REACTORS
330
37B
102
}
330
37B
100
AcDbXrecord
280
     1
 40
0.0
  0
XRECORD
  5
381
102
{ACAD_REACTORS
330
37B
102
}
330
37B
100
AcDbXrecord
280
     1
  1
I. Conejo
  0
XRECORD
  5
37D
102
{ACAD_REACTORS
330
37B
102
}
330
37B
100
AcDbXrecord
280
     1
 90
       53
  0
XRECORD
  5
385
102
{ACAD_REACTORS
330
37B
102
}
330
37B
100
AcDbXrecord
280
     1
 40
174608.783111085
  0
XRECORD
  5
387
102
{ACAD_REACTORS
330
37B
102
}
330
37B
100
AcDbXrecord
280
     1
 40
2192.499543476049
  0
XRECORD
  5
392
102
{ACAD_REACTORS
330
38A
102
}
330
38A
100
AcDbXrecord
280
     1
  1
Ushuaia
  0
XRECORD
  5
38E
102
{ACAD_REACTORS
330
38A
102
}
330
38A
100
AcDbXrecord
280
     1
 40
0.0
  0
XRECORD
  5
390
102
{ACAD_REACTORS
330
38A
102
}
330
38A
100
AcDbXrecord
280
     1
  1
Is. Warden
  0
XRECORD
  5
38C
102
{ACAD_REACTORS
330
38A
102
}
330
38A
100
AcDbXrecord
280
     1
 90
       54
  0
XRECORD
  5
394
102
{ACAD_REACTORS
330
38A
102
}
330
38A
100
AcDbXrecord
280
     1
 40
209.776225005
  0
XRECORD
  5
396
102
{ACAD_REACTORS
330
38A
102
}
330
38A
100
AcDbXrecord
280
     1
 40
61.99706786078614
  0
XRECORD
  5
3A1
102
{ACAD_REACTORS
330
399
102
}
330
399
100
AcDbXrecord
280
     1
  1
Ushuaia
  0
XRECORD
  5
39D
102
{ACAD_REACTORS
330
399
102
}
330
399
100
AcDbXrecord
280
     1
 40
0.0
  0
XRECORD
  5
39F
102
{ACAD_REACTORS
330
399
102
}
330
399
100
AcDbXrecord
280
     1
  1
Is. Warden
  0
XRECORD
  5
39B
102
{ACAD_REACTORS
330
399
102
}
330
399
100
AcDbXrecord
280
     1
 90
       55
  0
XRECORD
  5
3A3
102
{ACAD_REACTORS
330
399
102
}
330
399
100
AcDbXrecord
280
     1
 40
1235.025071785
  0
XRECORD
  5
3A5
102
{ACAD_REACTORS
330
399
102
}
330
399
100
AcDbXrecord
280
     1
 40
153.1295648210954
  0
XRECORD
  5
3B0
102
{ACAD_REACTORS
330
3A8
102
}
330
3A8
100
AcDbXrecord
280
     1
  1
Ushuaia
  0
XRECORD
  5
3AC
102
{ACAD_REACTORS
330
3A8
102
}
330
3A8
100
AcDbXrecord
280
     1
 40
0.0
  0
XRECORD
  5
3AE
102
{ACAD_REACTORS
330
3A8
102
}
330
3A8
100
AcDbXrecord
280
     1
  1
Is. Warden
  0
XRECORD
  5
3AA
102
{ACAD_REACTORS
330
3A8
102
}
330
3A8
100
AcDbXrecord
280
     1
 90
       56
  0
XRECORD
  5
3B2
102
{ACAD_REACTORS
330
3A8
102
}
330
3A8
100
AcDbXrecord
280
     1
 40
33.87515256
  0
XRECORD
  5
3B4
102
{ACAD_REACTORS
330
3A8
102
}
330
3A8
100
AcDbXrecord
280
     1
 40
23.87068748022566
  0
XRECORD
  5
3BF
102
{ACAD_REACTORS
330
3B7
102
}
330
3B7
100
AcDbXrecord
280
     1
  1
Ushuaia
  0
XRECORD
  5
3BB
102
{ACAD_REACTORS
330
3B7
102
}
330
3B7
100
AcDbXrecord
280
     1
 40
0.0
  0
XRECORD
  5
3BD
102
{ACAD_REACTORS
330
3B7
102
}
330
3B7
100
AcDbXrecord
280
     1
  1
Is. Warden
  0
XRECORD
  5
3B9
102
{ACAD_REACTORS
330
3B7
102
}
330
3B7
100
AcDbXrecord
280
     1
 90
       57
  0
XRECORD
  5
3C1
102
{ACAD_REACTORS
330
3B7
102
}
330
3B7
100
AcDbXrecord
280
     1
 40
145.896887155
  0
XRECORD
  5
3C3
102
{ACAD_REACTORS
330
3B7
102
}
330
3B7
100
AcDbXrecord
280
     1
 40
52.26644994884997
  0
XRECORD
  5
3CE
102
{ACAD_REACTORS
330
3C6
102
}
330
3C6
100
AcDbXrecord
280
     1
  1
Ushuaia
  0
XRECORD
  5
3CA
102
{ACAD_REACTORS
330
3C6
102
}
330
3C6
100
AcDbXrecord
280
     1
 40
0.0
  0
XRECORD
  5
3CC
102
{ACAD_REACTORS
330
3C6
102
}
330
3C6
100
AcDbXrecord
280
     1
  1
Is. Warden
  0
XRECORD
  5
3C8
102
{ACAD_REACTORS
330
3C6
102
}
330
3C6
100
AcDbXrecord
280
     1
 90
       58
  0
XRECORD
  5
3D0
102
{ACAD_REACTORS
330
3C6
102
}
330
3C6
100
AcDbXrecord
280
     1
 40
2633.64288462
  0
XRECORD
  5
3D2
102
{ACAD_REACTORS
330
3C6
102
}
330
3C6
100
AcDbXrecord
280
     1
 40
250.0835570045473
  0
XRECORD
  5
3DD
102
{ACAD_REACTORS
330
3D5
102
}
330
3D5
100
AcDbXrecord
280
     1
  1
Ushuaia
  0
XRECORD
  5
3D9
102
{ACAD_REACTORS
330
3D5
102
}
330
3D5
100
AcDbXrecord
280
     1
 40
0.0
  0
XRECORD
  5
3DB
102
{ACAD_REACTORS
330
3D5
102
}
330
3D5
100
AcDbXrecord
280
     1
  1
Is. Bridges
  0
XRECORD
  5
3D7
102
{ACAD_REACTORS
330
3D5
102
}
330
3D5
100
AcDbXrecord
280
     1
 90
       59
  0
XRECORD
  5
3DF
102
{ACAD_REACTORS
330
3D5
102
}
330
3D5
100
AcDbXrecord
280
     1
 40
1478.09755099
  0
XRECORD
  5
3E1
102
{ACAD_REACTORS
330
3D5
102
}
330
3D5
100
AcDbXrecord
280
     1
 40
163.425925137983
  0
XRECORD
  5
3EC
102
{ACAD_REACTORS
330
3E4
102
}
330
3E4
100
AcDbXrecord
280
     1
  1
Ushuaia
  0
XRECORD
  5
3E8
102
{ACAD_REACTORS
330
3E4
102
}
330
3E4
100
AcDbXrecord
280
     1
 40
0.0
  0
XRECORD
  5
3EA
102
{ACAD_REACTORS
330
3E4
102
}
330
3E4
100
AcDbXrecord
280
     1
  1
Is. Bridges
  0
XRECORD
  5
3E6
102
{ACAD_REACTORS
330
3E4
102
}
330
3E4
100
AcDbXrecord
280
     1
 90
       60
  0
XRECORD
  5
3EE
102
{ACAD_REACTORS
330
3E4
102
}
330
3E4
100
AcDbXrecord
280
     1
 40
4719.61161555
  0
XRECORD
  5
3F0
102
{ACAD_REACTORS
330
3E4
102
}
330
3E4
100
AcDbXrecord
280
     1
 40
279.9580547670673
  0
XRECORD
  5
3FB
102
{ACAD_REACTORS
330
3F3
102
}
330
3F3
100
AcDbXrecord
280
     1
  1
Ushuaia
  0
XRECORD
  5
3F7
102
{ACAD_REACTORS
330
3F3
102
}
330
3F3
100
AcDbXrecord
280
     1
 40
0.0
  0
XRECORD
  5
3F9
102
{ACAD_REACTORS
330
3F3
102
}
330
3F3
100
AcDbXrecord
280
     1
  1
Is. Bridges
  0
XRECORD
  5
3F5
102
{ACAD_REACTORS
330
3F3
102
}
330
3F3
100
AcDbXrecord
280
     1
 90
       61
  0
XRECORD
  5
3FD
102
{ACAD_REACTORS
330
3F3
102
}
330
3F3
100
AcDbXrecord
280
     1
 40
1404.55861164
  0
XRECORD
  5
3FF
102
{ACAD_REACTORS
330
3F3
102
}
330
3F3
100
AcDbXrecord
280
     1
 40
155.5785218652069
  0
XRECORD
  5
40A
102
{ACAD_REACTORS
330
402
102
}
330
402
100
AcDbXrecord
280
     1
  1
Ushuaia
  0
XRECORD
  5
406
102
{ACAD_REACTORS
330
402
102
}
330
402
100
AcDbXrecord
280
     1
 40
0.0
  0
XRECORD
  5
408
102
{ACAD_REACTORS
330
402
102
}
330
402
100
AcDbXrecord
280
     1
  1
I. Leeloom
  0
XRECORD
  5
404
102
{ACAD_REACTORS
330
402
102
}
330
402
100
AcDbXrecord
280
     1
 90
       62
  0
XRECORD
  5
40C
102
{ACAD_REACTORS
330
402
102
}
330
402
100
AcDbXrecord
280
     1
 40
75735.133770765
  0
XRECORD
  5
40E
102
{ACAD_REACTORS
330
402
102
}
330
402
100
AcDbXrecord
280
     1
 40
1167.461421068734
  0
XRECORD
  5
419
102
{ACAD_REACTORS
330
411
102
}
330
411
100
AcDbXrecord
280
     1
  1
Ushuaia
  0
XRECORD
  5
415
102
{ACAD_REACTORS
330
411
102
}
330
411
100
AcDbXrecord
280
     1
 40
0.0
  0
XRECORD
  5
417
102
{ACAD_REACTORS
330
411
102
}
330
411
100
AcDbXrecord
280
     1
  1
I. Mary Ann
  0
XRECORD
  5
413
102
{ACAD_REACTORS
330
411
102
}
330
411
100
AcDbXrecord
280
     1
 90
       63
  0
XRECORD
  5
41B
102
{ACAD_REACTORS
330
411
102
}
330
411
100
AcDbXrecord
280
     1
 40
244004.48676028
  0
XRECORD
  5
41D
102
{ACAD_REACTORS
330
411
102
}
330
411
100
AcDbXrecord
280
     1
 40
2281.135889433751
  0
XRECORD
  5
428
102
{ACAD_REACTORS
330
420
102
}
330
420
100
AcDbXrecord
280
     1
  1
Ushuaia
  0
XRECORD
  5
424
102
{ACAD_REACTORS
330
420
102
}
330
420
100
AcDbXrecord
280
     1
 40
0.0
  0
XRECORD
  5
426
102
{ACAD_REACTORS
330
420
102
}
330
420
100
AcDbXrecord
280
     1
  1
Is. Alicia
  0
XRECORD
  5
422
102
{ACAD_REACTORS
330
420
102
}
330
420
100
AcDbXrecord
280
     1
 90
       64
  0
XRECORD
  5
42A
102
{ACAD_REACTORS
330
420
102
}
330
420
100
AcDbXrecord
280
     1
 40
2163.25965643
  0
XRECORD
  5
42C
102
{ACAD_REACTORS
330
420
102
}
330
420
100
AcDbXrecord
280
     1
 40
193.6691444285683
  0
XRECORD
  5
437
102
{ACAD_REACTORS
330
42F
102
}
330
42F
100
AcDbXrecord
280
     1
  1
Ushuaia
  0
XRECORD
  5
433
102
{ACAD_REACTORS
330
42F
102
}
330
42F
100
AcDbXrecord
280
     1
 40
0.0
  0
XRECORD
  5
435
102
{ACAD_REACTORS
330
42F
102
}
330
42F
100
AcDbXrecord
280
     1
  1
I. de Los Pájaros
  0
XRECORD
  5
431
102
{ACAD_REACTORS
330
42F
102
}
330
42F
100
AcDbXrecord
280
     1
 90
       65
  0
XRECORD
  5
439
102
{ACAD_REACTORS
330
42F
102
}
330
42F
100
AcDbXrecord
280
     1
 40
4849.53423955
  0
XRECORD
  5
43B
102
{ACAD_REACTORS
330
42F
102
}
330
42F
100
AcDbXrecord
280
     1
 40
296.5636821248502
  0
XRECORD
  5
446
102
{ACAD_REACTORS
330
43E
102
}
330
43E
100
AcDbXrecord
280
     1
  1
Ushuaia
  0
XRECORD
  5
442
102
{ACAD_REACTORS
330
43E
102
}
330
43E
100
AcDbXrecord
280
     1
 40
0.0
  0
XRECORD
  5
444
102
{ACAD_REACTORS
330
43E
102
}
330
43E
100
AcDbXrecord
280
     1
  1
I. Mary
  0
XRECORD
  5
440
102
{ACAD_REACTORS
330
43E
102
}
330
43E
100
AcDbXrecord
280
     1
 90
       66
  0
XRECORD
  5
448
102
{ACAD_REACTORS
330
43E
102
}
330
43E
100
AcDbXrecord
280
     1
 40
13241.952225815
  0
XRECORD
  5
44A
102
{ACAD_REACTORS
330
43E
102
}
330
43E
100
AcDbXrecord
280
     1
 40
659.9509409515532
  0
XRECORD
  5
455
102
{ACAD_REACTORS
330
44D
102
}
330
44D
100
AcDbXrecord
280
     1
  1
Ushuaia
  0
XRECORD
  5
451
102
{ACAD_REACTORS
330
44D
102
}
330
44D
100
AcDbXrecord
280
     1
 40
0.0
  0
XRECORD
  5
453
102
{ACAD_REACTORS
330
44D
102
}
330
44D
100
AcDbXrecord
280
     1
  1
I. Reynolds
  0
XRECORD
  5
44F
102
{ACAD_REACTORS
330
44D
102
}
330
44D
100
AcDbXrecord
280
     1
 90
       67
  0
XRECORD
  5
457
102
{ACAD_REACTORS
330
44D
102
}
330
44D
100
AcDbXrecord
280
     1
 40
29242.055381335
  0
XRECORD
  5
459
102
{ACAD_REACTORS
330
44D
102
}
330
44D
100
AcDbXrecord
280
     1
 40
704.853928288795
  0
XRECORD
  5
464
102
{ACAD_REACTORS
330
45C
102
}
330
45C
100
AcDbXrecord
280
     1
  1
Ushuaia
  0
XRECORD
  5
460
102
{ACAD_REACTORS
330
45C
102
}
330
45C
100
AcDbXrecord
280
     1
 40
0.0
  0
XRECORD
  5
462
102
{ACAD_REACTORS
330
45C
102
}
330
45C
100
AcDbXrecord
280
     1
  1
Is. Bridges
  0
XRECORD
  5
45E
102
{ACAD_REACTORS
330
45C
102
}
330
45C
100
AcDbXrecord
280
     1
 90
       68
  0
XRECORD
  5
466
102
{ACAD_REACTORS
330
45C
102
}
330
45C
100
AcDbXrecord
280
     1
 40
2795.51724439
  0
XRECORD
  5
468
102
{ACAD_REACTORS
330
45C
102
}
330
45C
100
AcDbXrecord
280
     1
 40
206.193424160504
  0
XRECORD
  5
473
102
{ACAD_REACTORS
330
46B
102
}
330
46B
100
AcDbXrecord
280
     1
  1
Ushuaia
  0
XRECORD
  5
46F
102
{ACAD_REACTORS
330
46B
102
}
330
46B
100
AcDbXrecord
280
     1
 40
0.0
  0
XRECORD
  5
471
102
{ACAD_REACTORS
330
46B
102
}
330
46B
100
AcDbXrecord
280
     1
  1
I. Thomas
  0
XRECORD
  5
46D
102
{ACAD_REACTORS
330
46B
102
}
330
46B
100
AcDbXrecord
280
     1
 90
       69
  0
XRECORD
  5
475
102
{ACAD_REACTORS
330
46B
102
}
330
46B
100
AcDbXrecord
280
     1
 40
676246.132345605
  0
XRECORD
  5
477
102
{ACAD_REACTORS
330
46B
102
}
330
46B
100
AcDbXrecord
280
     1
 40
5041.856315242133
  0
XRECORD
  5
482
102
{ACAD_REACTORS
330
47A
102
}
330
47A
100
AcDbXrecord
280
     1
  1
Ushuaia
  0
XRECORD
  5
47E
102
{ACAD_REACTORS
330
47A
102
}
330
47A
100
AcDbXrecord
280
     1
 40
0.0
  0
XRECORD
  5
480
102
{ACAD_REACTORS
330
47A
102
}
330
47A
100
AcDbXrecord
280
     1
  1
Is. Bridges
  0
XRECORD
  5
47C
102
{ACAD_REACTORS
330
47A
102
}
330
47A
100
AcDbXrecord
280
     1
 90
       70
  0
XRECORD
  5
484
102
{ACAD_REACTORS
330
47A
102
}
330
47A
100
AcDbXrecord
280
     1
 40
22052.08567451
  0
XRECORD
  5
486
102
{ACAD_REACTORS
330
47A
102
}
330
47A
100
AcDbXrecord
280
     1
 40
690.7539592689661
  0
XRECORD
  5
491
102
{ACAD_REACTORS
330
489
102
}
330
489
100
AcDbXrecord
280
     1
  1
Ushuaia
  0
XRECORD
  5
48D
102
{ACAD_REACTORS
330
489
102
}
330
489
100
AcDbXrecord
280
     1
 40
0.0
  0
XRECORD
  5
48F
102
{ACAD_REACTORS
330
489
102
}
330
489
100
AcDbXrecord
280
     1
  1
Is. Bridges
  0
XRECORD
  5
48B
102
{ACAD_REACTORS
330
489
102
}
330
489
100
AcDbXrecord
280
     1
 90
       71
  0
XRECORD
  5
493
102
{ACAD_REACTORS
330
489
102
}
330
489
100
AcDbXrecord
280
     1
 40
132068.178905205
  0
XRECORD
  5
495
102
{ACAD_REACTORS
330
489
102
}
330
489
100
AcDbXrecord
280
     1
 40
1923.451296170484
  0
XRECORD
  5
4A0
102
{ACAD_REACTORS
330
498
102
}
330
498
100
AcDbXrecord
280
     1
  1
Ushuaia
  0
XRECORD
  5
49C
102
{ACAD_REACTORS
330
498
102
}
330
498
100
AcDbXrecord
280
     1
 40
0.0
  0
XRECORD
  5
49E
102
{ACAD_REACTORS
330
498
102
}
330
498
100
AcDbXrecord
280
     1
  1
Is. Bridges
  0
XRECORD
  5
49A
102
{ACAD_REACTORS
330
498
102
}
330
498
100
AcDbXrecord
280
     1
 90
       72
  0
XRECORD
  5
4A2
102
{ACAD_REACTORS
330
498
102
}
330
498
100
AcDbXrecord
280
     1
 40
66593.01425693
  0
XRECORD
  5
4A4
102
{ACAD_REACTORS
330
498
102
}
330
498
100
AcDbXrecord
280
     1
 40
1112.773705600388
  0
XRECORD
  5
4AF
102
{ACAD_REACTORS
330
4A7
102
}
330
4A7
100
AcDbXrecord
280
     1
  1
Ushuaia
  0
XRECORD
  5
4AB
102
{ACAD_REACTORS
330
4A7
102
}
330
4A7
100
AcDbXrecord
280
     1
 40
0.0
  0
XRECORD
  5
4AD
102
{ACAD_REACTORS
330
4A7
102
}
330
4A7
100
AcDbXrecord
280
     1
  1
Is. Lucas
  0
XRECORD
  5
4A9
102
{ACAD_REACTORS
330
4A7
102
}
330
4A7
100
AcDbXrecord
280
     1
 90
       73
  0
XRECORD
  5
4B1
102
{ACAD_REACTORS
330
4A7
102
}
330
4A7
100
AcDbXrecord
280
     1
 40
36450.630407155
  0
XRECORD
  5
4B3
102
{ACAD_REACTORS
330
4A7
102
}
330
4A7
100
AcDbXrecord
280
     1
 40
841.9409727566166
  0
XRECORD
  5
4BE
102
{ACAD_REACTORS
330
4B6
102
}
330
4B6
100
AcDbXrecord
280
     1
  1
Ushuaia
  0
XRECORD
  5
4BA
102
{ACAD_REACTORS
330
4B6
102
}
330
4B6
100
AcDbXrecord
280
     1
 40
0.0
  0
XRECORD
  5
4BC
102
{ACAD_REACTORS
330
4B6
102
}
330
4B6
100
AcDbXrecord
280
     1
  1
Is. Lucas
  0
XRECORD
  5
4B8
102
{ACAD_REACTORS
330
4B6
102
}
330
4B6
100
AcDbXrecord
280
     1
 90
       74
  0
XRECORD
  5
4C0
102
{ACAD_REACTORS
330
4B6
102
}
330
4B6
100
AcDbXrecord
280
     1
 40
540.04257584
  0
XRECORD
  5
4C2
102
{ACAD_REACTORS
330
4B6
102
}
330
4B6
100
AcDbXrecord
280
     1
 40
84.70232124071669
  0
XRECORD
  5
4CD
102
{ACAD_REACTORS
330
4C5
102
}
330
4C5
100
AcDbXrecord
280
     1
  1
Ushuaia
  0
XRECORD
  5
4C9
102
{ACAD_REACTORS
330
4C5
102
}
330
4C5
100
AcDbXrecord
280
     1
 40
0.0
  0
XRECORD
  5
4CB
102
{ACAD_REACTORS
330
4C5
102
}
330
4C5
100
AcDbXrecord
280
     1
  1
Is. Lucas
  0
XRECORD
  5
4C7
102
{ACAD_REACTORS
330
4C5
102
}
330
4C5
100
AcDbXrecord
280
     1
 90
       75
  0
XRECORD
  5
4CF
102
{ACAD_REACTORS
330
4C5
102
}
330
4C5
100
AcDbXrecord
280
     1
 40
85.599781145
  0
XRECORD
  5
4D1
102
{ACAD_REACTORS
330
4C5
102
}
330
4C5
100
AcDbXrecord
280
     1
 40
37.16347488383968
  0
XRECORD
  5
4DC
102
{ACAD_REACTORS
330
4D4
102
}
330
4D4
100
AcDbXrecord
280
     1
  1
Ushuaia
  0
XRECORD
  5
4D8
102
{ACAD_REACTORS
330
4D4
102
}
330
4D4
100
AcDbXrecord
280
     1
 40
0.0
  0
XRECORD
  5
4DA
102
{ACAD_REACTORS
330
4D4
102
}
330
4D4
100
AcDbXrecord
280
     1
  1
Is. Lucas
  0
XRECORD
  5
4D6
102
{ACAD_REACTORS
330
4D4
102
}
330
4D4
100
AcDbXrecord
280
     1
 90
       76
  0
XRECORD
  5
4DE
102
{ACAD_REACTORS
330
4D4
102
}
330
4D4
100
AcDbXrecord
280
     1
 40
168.59409951
  0
XRECORD
  5
4E0
102
{ACAD_REACTORS
330
4D4
102
}
330
4D4
100
AcDbXrecord
280
     1
 40
48.87315866313816
  0
XRECORD
  5
4EB
102
{ACAD_REACTORS
330
4E3
102
}
330
4E3
100
AcDbXrecord
280
     1
  1
Ushuaia
  0
XRECORD
  5
4E7
102
{ACAD_REACTORS
330
4E3
102
}
330
4E3
100
AcDbXrecord
280
     1
 40
0.0
  0
XRECORD
  5
4E9
102
{ACAD_REACTORS
330
4E3
102
}
330
4E3
100
AcDbXrecord
280
     1
  1
Is. Lucas
  0
XRECORD
  5
4E5
102
{ACAD_REACTORS
330
4E3
102
}
330
4E3
100
AcDbXrecord
280
     1
 90
       77
  0
XRECORD
  5
4ED
102
{ACAD_REACTORS
330
4E3
102
}
330
4E3
100
AcDbXrecord
280
     1
 40
88.93640341
  0
XRECORD
  5
4EF
102
{ACAD_REACTORS
330
4E3
102
}
330
4E3
100
AcDbXrecord
280
     1
 40
37.17760776874084
  0
XRECORD
  5
4FA
102
{ACAD_REACTORS
330
4F2
102
}
330
4F2
100
AcDbXrecord
280
     1
  1
Ushuaia
  0
XRECORD
  5
4F6
102
{ACAD_REACTORS
330
4F2
102
}
330
4F2
100
AcDbXrecord
280
     1
 40
0.0
  0
XRECORD
  5
4F8
102
{ACAD_REACTORS
330
4F2
102
}
330
4F2
100
AcDbXrecord
280
     1
  1
Is. Lucas
  0
XRECORD
  5
4F4
102
{ACAD_REACTORS
330
4F2
102
}
330
4F2
100
AcDbXrecord
280
     1
 90
       78
  0
XRECORD
  5
4FC
102
{ACAD_REACTORS
330
4F2
102
}
330
4F2
100
AcDbXrecord
280
     1
 40
287.887760115
  0
XRECORD
  5
4FE
102
{ACAD_REACTORS
330
4F2
102
}
330
4F2
100
AcDbXrecord
280
     1
 40
66.51218802292203
  0
XRECORD
  5
509
102
{ACAD_REACTORS
330
501
102
}
330
501
100
AcDbXrecord
280
     1
  1
Ushuaia
  0
XRECORD
  5
505
102
{ACAD_REACTORS
330
501
102
}
330
501
100
AcDbXrecord
280
     1
 40
0.0
  0
XRECORD
  5
507
102
{ACAD_REACTORS
330
501
102
}
330
501
100
AcDbXrecord
280
     1
  1
Is. Lucas
  0
XRECORD
  5
503
102
{ACAD_REACTORS
330
501
102
}
330
501
100
AcDbXrecord
280
     1
 90
       79
  0
XRECORD
  5
50B
102
{ACAD_REACTORS
330
501
102
}
330
501
100
AcDbXrecord
280
     1
 40
3679.918954455
  0
XRECORD
  5
50D
102
{ACAD_REACTORS
330
501
102
}
330
501
100
AcDbXrecord
280
     1
 40
291.9991290419493
  0
XRECORD
  5
518
102
{ACAD_REACTORS
330
510
102
}
330
510
100
AcDbXrecord
280
     1
  1
Ushuaia
  0
XRECORD
  5
514
102
{ACAD_REACTORS
330
510
102
}
330
510
100
AcDbXrecord
280
     1
 40
0.0
  0
XRECORD
  5
516
102
{ACAD_REACTORS
330
510
102
}
330
510
100
AcDbXrecord
280
     1
  1
Is. Lucas
  0
XRECORD
  5
512
102
{ACAD_REACTORS
330
510
102
}
330
510
100
AcDbXrecord
280
     1
 90
       80
  0
XRECORD
  5
51A
102
{ACAD_REACTORS
330
510
102
}
330
510
100
AcDbXrecord
280
     1
 40
23033.55347793
  0
XRECORD
  5
51C
102
{ACAD_REACTORS
330
510
102
}
330
510
100
AcDbXrecord
280
     1
 40
569.7017984730151
  0
XRECORD
  5
527
102
{ACAD_REACTORS
330
51F
102
}
330
51F
100
AcDbXrecord
280
     1
  1
Ushuaia
  0
XRECORD
  5
523
102
{ACAD_REACTORS
330
51F
102
}
330
51F
100
AcDbXrecord
280
     1
 40
0.0
  0
XRECORD
  5
525
102
{ACAD_REACTORS
330
51F
102
}
330
51F
100
AcDbXrecord
280
     1
  1
Is. Lucas
  0
XRECORD
  5
521
102
{ACAD_REACTORS
330
51F
102
}
330
51F
100
AcDbXrecord
280
     1
 90
       81
  0
XRECORD
  5
529
102
{ACAD_REACTORS
330
51F
102
}
330
51F
100
AcDbXrecord
280
     1
 40
1658.75290455
  0
XRECORD
  5
52B
102
{ACAD_REACTORS
330
51F
102
}
330
51F
100
AcDbXrecord
280
     1
 40
171.717738788306
  0
XRECORD
  5
536
102
{ACAD_REACTORS
330
52E
102
}
330
52E
100
AcDbXrecord
280
     1
  1
Ushuaia
  0
XRECORD
  5
532
102
{ACAD_REACTORS
330
52E
102
}
330
52E
100
AcDbXrecord
280
     1
 40
0.0
  0
XRECORD
  5
534
102
{ACAD_REACTORS
330
52E
102
}
330
52E
100
AcDbXrecord
280
     1
  1
Is. Bertha
  0
XRECORD
  5
530
102
{ACAD_REACTORS
330
52E
102
}
330
52E
100
AcDbXrecord
280
     1
 90
       82
  0
XRECORD
  5
538
102
{ACAD_REACTORS
330
52E
102
}
330
52E
100
AcDbXrecord
280
     1
 40
722.15459319
  0
XRECORD
  5
53A
102
{ACAD_REACTORS
330
52E
102
}
330
52E
100
AcDbXrecord
280
     1
 40
97.84493459956185
  0
XRECORD
  5
545
102
{ACAD_REACTORS
330
53D
102
}
330
53D
100
AcDbXrecord
280
     1
  1
Ushuaia
  0
XRECORD
  5
541
102
{ACAD_REACTORS
330
53D
102
}
330
53D
100
AcDbXrecord
280
     1
 40
0.0
  0
XRECORD
  5
543
102
{ACAD_REACTORS
330
53D
102
}
330
53D
100
AcDbXrecord
280
     1
  1
Is. Bertha
  0
XRECORD
  5
53F
102
{ACAD_REACTORS
330
53D
102
}
330
53D
100
AcDbXrecord
280
     1
 90
       83
  0
XRECORD
  5
547
102
{ACAD_REACTORS
330
53D
102
}
330
53D
100
AcDbXrecord
280
     1
 40
323.74800881
  0
XRECORD
  5
549
102
{ACAD_REACTORS
330
53D
102
}
330
53D
100
AcDbXrecord
280
     1
 40
82.0724336167956
  0
XRECORD
  5
554
102
{ACAD_REACTORS
330
54C
102
}
330
54C
100
AcDbXrecord
280
     1
  1
Ushuaia
  0
XRECORD
  5
550
102
{ACAD_REACTORS
330
54C
102
}
330
54C
100
AcDbXrecord
280
     1
 40
0.0
  0
XRECORD
  5
552
102
{ACAD_REACTORS
330
54C
102
}
330
54C
100
AcDbXrecord
280
     1
  1
Is. Bertha
  0
XRECORD
  5
54E
102
{ACAD_REACTORS
330
54C
102
}
330
54C
100
AcDbXrecord
280
     1
 90
       84
  0
XRECORD
  5
556
102
{ACAD_REACTORS
330
54C
102
}
330
54C
100
AcDbXrecord
280
     1
 40
15038.359374025
  0
XRECORD
  5
558
102
{ACAD_REACTORS
330
54C
102
}
330
54C
100
AcDbXrecord
280
     1
 40
479.6072778223503
  0
XRECORD
  5
563
102
{ACAD_REACTORS
330
55B
102
}
330
55B
100
AcDbXrecord
280
     1
  1
Ushuaia
  0
XRECORD
  5
55F
102
{ACAD_REACTORS
330
55B
102
}
330
55B
100
AcDbXrecord
280
     1
 40
0.0
  0
XRECORD
  5
561
102
{ACAD_REACTORS
330
55B
102
}
330
55B
100
AcDbXrecord
280
     1
  1
Is. Bertha
  0
XRECORD
  5
55D
102
{ACAD_REACTORS
330
55B
102
}
330
55B
100
AcDbXrecord
280
     1
 90
       85
  0
XRECORD
  5
565
102
{ACAD_REACTORS
330
55B
102
}
330
55B
100
AcDbXrecord
280
     1
 40
480.07710063
  0
XRECORD
  5
567
102
{ACAD_REACTORS
330
55B
102
}
330
55B
100
AcDbXrecord
280
     1
 40
101.9563395166311
  0
XRECORD
  5
572
102
{ACAD_REACTORS
330
56A
102
}
330
56A
100
AcDbXrecord
280
     1
  1
Ushuaia
  0
XRECORD
  5
56E
102
{ACAD_REACTORS
330
56A
102
}
330
56A
100
AcDbXrecord
280
     1
 40
0.0
  0
XRECORD
  5
570
102
{ACAD_REACTORS
330
56A
102
}
330
56A
100
AcDbXrecord
280
     1
  1
Is. Bertha
  0
XRECORD
  5
56C
102
{ACAD_REACTORS
330
56A
102
}
330
56A
100
AcDbXrecord
280
     1
 90
       86
  0
XRECORD
  5
574
102
{ACAD_REACTORS
330
56A
102
}
330
56A
100
AcDbXrecord
280
     1
 40
2094.627112335
  0
XRECORD
  5
576
102
{ACAD_REACTORS
330
56A
102
}
330
56A
100
AcDbXrecord
280
     1
 40
208.6552823341483
  0
XRECORD
  5
581
102
{ACAD_REACTORS
330
579
102
}
330
579
100
AcDbXrecord
280
     1
  1
Ushuaia
  0
XRECORD
  5
57D
102
{ACAD_REACTORS
330
579
102
}
330
579
100
AcDbXrecord
280
     1
 40
0.0
  0
XRECORD
  5
57F
102
{ACAD_REACTORS
330
579
102
}
330
579
100
AcDbXrecord
280
     1
  1
 
  0
XRECORD
  5
57B
102
{ACAD_REACTORS
330
579
102
}
330
579
100
AcDbXrecord
280
     1
 90
       87
  0
XRECORD
  5
583
102
{ACAD_REACTORS
330
579
102
}
330
579
100
AcDbXrecord
280
     1
 40
2444.734971445
  0
XRECORD
  5
585
102
{ACAD_REACTORS
330
579
102
}
330
579
100
AcDbXrecord
280
     1
 40
212.569486750841
  0
XRECORD
  5
590
102
{ACAD_REACTORS
330
588
102
}
330
588
100
AcDbXrecord
280
     1
  1
Ushuaia
  0
XRECORD
  5
58C
102
{ACAD_REACTORS
330
588
102
}
330
588
100
AcDbXrecord
280
     1
 40
0.0
  0
XRECORD
  5
58E
102
{ACAD_REACTORS
330
588
102
}
330
588
100
AcDbXrecord
280
     1
  1
 
  0
XRECORD
  5
58A
102
{ACAD_REACTORS
330
588
102
}
330
588
100
AcDbXrecord
280
     1
 90
       88
  0
XRECORD
  5
592
102
{ACAD_REACTORS
330
588
102
}
330
588
100
AcDbXrecord
280
     1
 40
1940.714419105
  0
XRECORD
  5
594
102
{ACAD_REACTORS
330
588
102
}
330
588
100
AcDbXrecord
280
     1
 40
201.6597036100532
  0
XRECORD
  5
59F
102
{ACAD_REACTORS
330
597
102
}
330
597
100
AcDbXrecord
280
     1
  1
Ushuaia
  0
XRECORD
  5
59B
102
{ACAD_REACTORS
330
597
102
}
330
597
100
AcDbXrecord
280
     1
 40
0.0
  0
XRECORD
  5
59D
102
{ACAD_REACTORS
330
597
102
}
330
597
100
AcDbXrecord
280
     1
  1
I. Willie
  0
XRECORD
  5
599
102
{ACAD_REACTORS
330
597
102
}
330
597
100
AcDbXrecord
280
     1
 90
       89
  0
XRECORD
  5
5A1
102
{ACAD_REACTORS
330
597
102
}
330
597
100
AcDbXrecord
280
     1
 40
63849.733579325
  0
XRECORD
  5
5A3
102
{ACAD_REACTORS
330
597
102
}
330
597
100
AcDbXrecord
280
     1
 40
1155.598454880088
  0
XRECORD
  5
5AE
102
{ACAD_REACTORS
330
5A6
102
}
330
5A6
100
AcDbXrecord
280
     1
  1
Ushuaia
  0
XRECORD
  5
5AA
102
{ACAD_REACTORS
330
5A6
102
}
330
5A6
100
AcDbXrecord
280
     1
 40
0.0
  0
XRECORD
  5
5AC
102
{ACAD_REACTORS
330
5A6
102
}
330
5A6
100
AcDbXrecord
280
     1
  1
 
  0
XRECORD
  5
5A8
102
{ACAD_REACTORS
330
5A6
102
}
330
5A6
100
AcDbXrecord
280
     1
 90
       90
  0
XRECORD
  5
5B0
102
{ACAD_REACTORS
330
5A6
102
}
330
5A6
100
AcDbXrecord
280
     1
 40
3091.87769347
  0
XRECORD
  5
5B2
102
{ACAD_REACTORS
330
5A6
102
}
330
5A6
100
AcDbXrecord
280
     1
 40
265.6370844736873
  0
XRECORD
  5
5BD
102
{ACAD_REACTORS
330
5B5
102
}
330
5B5
100
AcDbXrecord
280
     1
  1
Ushuaia
  0
XRECORD
  5
5B9
102
{ACAD_REACTORS
330
5B5
102
}
330
5B5
100
AcDbXrecord
280
     1
 40
0.0
  0
XRECORD
  5
5BB
102
{ACAD_REACTORS
330
5B5
102
}
330
5B5
100
AcDbXrecord
280
     1
  1
 
  0
XRECORD
  5
5B7
102
{ACAD_REACTORS
330
5B5
102
}
330
5B5
100
AcDbXrecord
280
     1
 90
       91
  0
XRECORD
  5
5BF
102
{ACAD_REACTORS
330
5B5
102
}
330
5B5
100
AcDbXrecord
280
     1
 40
269.36099998
  0
XRECORD
  5
5C1
102
{ACAD_REACTORS
330
5B5
102
}
330
5B5
100
AcDbXrecord
280
     1
 40
61.07593890554986
  0
XRECORD
  5
5CC
102
{ACAD_REACTORS
330
5C4
102
}
330
5C4
100
AcDbXrecord
280
     1
  1
Ushuaia
  0
XRECORD
  5
5C8
102
{ACAD_REACTORS
330
5C4
102
}
330
5C4
100
AcDbXrecord
280
     1
 40
0.0
  0
XRECORD
  5
5CA
102
{ACAD_REACTORS
330
5C4
102
}
330
5C4
100
AcDbXrecord
280
     1
  1
 
  0
XRECORD
  5
5C6
102
{ACAD_REACTORS
330
5C4
102
}
330
5C4
100
AcDbXrecord
280
     1
 90
       92
  0
XRECORD
  5
5CE
102
{ACAD_REACTORS
330
5C4
102
}
330
5C4
100
AcDbXrecord
280
     1
 40
205.832344705
  0
XRECORD
  5
5D0
102
{ACAD_REACTORS
330
5C4
102
}
330
5C4
100
AcDbXrecord
280
     1
 40
52.6806534843778
  0
XRECORD
  5
5DB
102
{ACAD_REACTORS
330
5D3
102
}
330
5D3
100
AcDbXrecord
280
     1
  1
Ushuaia
  0
XRECORD
  5
5D7
102
{ACAD_REACTORS
330
5D3
102
}
330
5D3
100
AcDbXrecord
280
     1
 40
0.0
  0
XRECORD
  5
5D9
102
{ACAD_REACTORS
330
5D3
102
}
330
5D3
100
AcDbXrecord
280
     1
  1
 
  0
XRECORD
  5
5D5
102
{ACAD_REACTORS
330
5D3
102
}
330
5D3
100
AcDbXrecord
280
     1
 90
       93
  0
XRECORD
  5
5DD
102
{ACAD_REACTORS
330
5D3
102
}
330
5D3
100
AcDbXrecord
280
     1
 40
120.894589965
  0
XRECORD
  5
5DF
102
{ACAD_REACTORS
330
5D3
102
}
330
5D3
100
AcDbXrecord
280
     1
 40
43.72835833656774
  0
XRECORD
  5
5EA
102
{ACAD_REACTORS
330
5E2
102
}
330
5E2
100
AcDbXrecord
280
     1
  1
Ushuaia
  0
XRECORD
  5
5E6
102
{ACAD_REACTORS
330
5E2
102
}
330
5E2
100
AcDbXrecord
280
     1
 40
0.0
  0
XRECORD
  5
5E8
102
{ACAD_REACTORS
330
5E2
102
}
330
5E2
100
AcDbXrecord
280
     1
  1
 
  0
XRECORD
  5
5E4
102
{ACAD_REACTORS
330
5E2
102
}
330
5E2
100
AcDbXrecord
280
     1
 90
       94
  0
XRECORD
  5
5EC
102
{ACAD_REACTORS
330
5E2
102
}
330
5E2
100
AcDbXrecord
280
     1
 40
83.64540338
  0
XRECORD
  5
5EE
102
{ACAD_REACTORS
330
5E2
102
}
330
5E2
100
AcDbXrecord
280
     1
 40
35.55103835286359
  0
XRECORD
  5
5F9
102
{ACAD_REACTORS
330
5F1
102
}
330
5F1
100
AcDbXrecord
280
     1
  1
Ushuaia
  0
XRECORD
  5
5F5
102
{ACAD_REACTORS
330
5F1
102
}
330
5F1
100
AcDbXrecord
280
     1
 40
0.0
  0
XRECORD
  5
5F7
102
{ACAD_REACTORS
330
5F1
102
}
330
5F1
100
AcDbXrecord
280
     1
  1
 
  0
XRECORD
  5
5F3
102
{ACAD_REACTORS
330
5F1
102
}
330
5F1
100
AcDbXrecord
280
     1
 90
       95
  0
XRECORD
  5
5FB
102
{ACAD_REACTORS
330
5F1
102
}
330
5F1
100
AcDbXrecord
280
     1
 40
241.99369789
  0
XRECORD
  5
5FD
102
{ACAD_REACTORS
330
5F1
102
}
330
5F1
100
AcDbXrecord
280
     1
 40
57.67658255682596
  0
XRECORD
  5
608
102
{ACAD_REACTORS
330
600
102
}
330
600
100
AcDbXrecord
280
     1
  1
Ushuaia
  0
XRECORD
  5
604
102
{ACAD_REACTORS
330
600
102
}
330
600
100
AcDbXrecord
280
     1
 40
0.0
  0
XRECORD
  5
606
102
{ACAD_REACTORS
330
600
102
}
330
600
100
AcDbXrecord
280
     1
  1
 
  0
XRECORD
  5
602
102
{ACAD_REACTORS
330
600
102
}
330
600
100
AcDbXrecord
280
     1
 90
       96
  0
XRECORD
  5
60A
102
{ACAD_REACTORS
330
600
102
}
330
600
100
AcDbXrecord
280
     1
 40
377.694154315
  0
XRECORD
  5
60C
102
{ACAD_REACTORS
330
600
102
}
330
600
100
AcDbXrecord
280
     1
 40
78.30835194736
  0
XRECORD
  5
617
102
{ACAD_REACTORS
330
60F
102
}
330
60F
100
AcDbXrecord
280
     1
  1
Ushuaia
  0
XRECORD
  5
613
102
{ACAD_REACTORS
330
60F
102
}
330
60F
100
AcDbXrecord
280
     1
 40
0.0
  0
XRECORD
  5
615
102
{ACAD_REACTORS
330
60F
102
}
330
60F
100
AcDbXrecord
280
     1
  1
 
  0
XRECORD
  5
611
102
{ACAD_REACTORS
330
60F
102
}
330
60F
100
AcDbXrecord
280
     1
 90
       97
  0
XRECORD
  5
619
102
{ACAD_REACTORS
330
60F
102
}
330
60F
100
AcDbXrecord
280
     1
 40
497.1759966
  0
XRECORD
  5
61B
102
{ACAD_REACTORS
330
60F
102
}
330
60F
100
AcDbXrecord
280
     1
 40
82.64554511349682
  0
XRECORD
  5
626
102
{ACAD_REACTORS
330
61E
102
}
330
61E
100
AcDbXrecord
280
     1
  1
Ushuaia
  0
XRECORD
  5
622
102
{ACAD_REACTORS
330
61E
102
}
330
61E
100
AcDbXrecord
280
     1
 40
0.0
  0
XRECORD
  5
624
102
{ACAD_REACTORS
330
61E
102
}
330
61E
100
AcDbXrecord
280
     1
  1
 
  0
XRECORD
  5
620
102
{ACAD_REACTORS
330
61E
102
}
330
61E
100
AcDbXrecord
280
     1
 90
       98
  0
XRECORD
  5
628
102
{ACAD_REACTORS
330
61E
102
}
330
61E
100
AcDbXrecord
280
     1
 40
384.767038225
  0
XRECORD
  5
62A
102
{ACAD_REACTORS
330
61E
102
}
330
61E
100
AcDbXrecord
280
     1
 40
74.38487685572481
  0
XRECORD
  5
635
102
{ACAD_REACTORS
330
62D
102
}
330
62D
100
AcDbXrecord
280
     1
  1
Ushuaia
  0
XRECORD
  5
631
102
{ACAD_REACTORS
330
62D
102
}
330
62D
100
AcDbXrecord
280
     1
 40
0.0
  0
XRECORD
  5
633
102
{ACAD_REACTORS
330
62D
102
}
330
62D
100
AcDbXrecord
280
     1
  1
 
  0
XRECORD
  5
62F
102
{ACAD_REACTORS
330
62D
102
}
330
62D
100
AcDbXrecord
280
     1
 90
       99
  0
XRECORD
  5
637
102
{ACAD_REACTORS
330
62D
102
}
330
62D
100
AcDbXrecord
280
     1
 40
1163.83102622
  0
XRECORD
  5
639
102
{ACAD_REACTORS
330
62D
102
}
330
62D
100
AcDbXrecord
280
     1
 40
151.6330800940144
  0
XRECORD
  5
644
102
{ACAD_REACTORS
330
63C
102
}
330
63C
100
AcDbXrecord
280
     1
  1
Ushuaia
  0
XRECORD
  5
640
102
{ACAD_REACTORS
330
63C
102
}
330
63C
100
AcDbXrecord
280
     1
 40
0.0
  0
XRECORD
  5
642
102
{ACAD_REACTORS
330
63C
102
}
330
63C
100
AcDbXrecord
280
     1
  1
I. Despard
  0
XRECORD
  5
63E
102
{ACAD_REACTORS
330
63C
102
}
330
63C
100
AcDbXrecord
280
     1
 90
      100
  0
XRECORD
  5
646
102
{ACAD_REACTORS
330
63C
102
}
330
63C
100
AcDbXrecord
280
     1
 40
77459.02298797
  0
XRECORD
  5
648
102
{ACAD_REACTORS
330
63C
102
}
330
63C
100
AcDbXrecord
280
     1
 40
1499.984618665751
  0
XRECORD
  5
653
102
{ACAD_REACTORS
330
64B
102
}
330
64B
100
AcDbXrecord
280
     1
  1
Ushuaia
  0
XRECORD
  5
64F
102
{ACAD_REACTORS
330
64B
102
}
330
64B
100
AcDbXrecord
280
     1
 40
0.0
  0
XRECORD
  5
651
102
{ACAD_REACTORS
330
64B
102
}
330
64B
100
AcDbXrecord
280
     1
  1
 
  0
XRECORD
  5
64D
102
{ACAD_REACTORS
330
64B
102
}
330
64B
100
AcDbXrecord
280
     1
 90
      101
  0
XRECORD
  5
655
102
{ACAD_REACTORS
330
64B
102
}
330
64B
100
AcDbXrecord
280
     1
 40
1057.34746599
  0
XRECORD
  5
657
102
{ACAD_REACTORS
330
64B
102
}
330
64B
100
AcDbXrecord
280
     1
 40
123.6849480680072
  0
XRECORD
  5
662
102
{ACAD_REACTORS
330
65A
102
}
330
65A
100
AcDbXrecord
280
     1
  1
Ushuaia
  0
XRECORD
  5
65E
102
{ACAD_REACTORS
330
65A
102
}
330
65A
100
AcDbXrecord
280
     1
 40
0.0
  0
XRECORD
  5
660
102
{ACAD_REACTORS
330
65A
102
}
330
65A
100
AcDbXrecord
280
     1
  1
Ites. Les Eclaireurs
  0
XRECORD
  5
65C
102
{ACAD_REACTORS
330
65A
102
}
330
65A
100
AcDbXrecord
280
     1
 90
      102
  0
XRECORD
  5
664
102
{ACAD_REACTORS
330
65A
102
}
330
65A
100
AcDbXrecord
280
     1
 40
4185.573295565
  0
XRECORD
  5
666
102
{ACAD_REACTORS
330
65A
102
}
330
65A
100
AcDbXrecord
280
     1
 40
285.1989020115878
  0
XRECORD
  5
671
102
{ACAD_REACTORS
330
669
102
}
330
669
100
AcDbXrecord
280
     1
  1
Ushuaia
  0
XRECORD
  5
66D
102
{ACAD_REACTORS
330
669
102
}
330
669
100
AcDbXrecord
280
     1
 40
0.0
  0
XRECORD
  5
66F
102
{ACAD_REACTORS
330
669
102
}
330
669
100
AcDbXrecord
280
     1
  1
Ites. Les Eclaireurs
  0
XRECORD
  5
66B
102
{ACAD_REACTORS
330
669
102
}
330
669
100
AcDbXrecord
280
     1
 90
      103
  0
XRECORD
  5
673
102
{ACAD_REACTORS
330
669
102
}
330
669
100
AcDbXrecord
280
     1
 40
7512.0289818
  0
XRECORD
  5
675
102
{ACAD_REACTORS
330
669
102
}
330
669
100
AcDbXrecord
280
     1
 40
364.1570831240086
  0
XRECORD
  5
680
102
{ACAD_REACTORS
330
678
102
}
330
678
100
AcDbXrecord
280
     1
  1
Ushuaia
  0
XRECORD
  5
67C
102
{ACAD_REACTORS
330
678
102
}
330
678
100
AcDbXrecord
280
     1
 40
0.0
  0
XRECORD
  5
67E
102
{ACAD_REACTORS
330
678
102
}
330
678
100
AcDbXrecord
280
     1
  1
Ites. Les Eclaireurs
  0
XRECORD
  5
67A
102
{ACAD_REACTORS
330
678
102
}
330
678
100
AcDbXrecord
280
     1
 90
      104
  0
XRECORD
  5
682
102
{ACAD_REACTORS
330
678
102
}
330
678
100
AcDbXrecord
280
     1
 40
2476.577946635
  0
XRECORD
  5
684
102
{ACAD_REACTORS
330
678
102
}
330
678
100
AcDbXrecord
280
     1
 40
202.7050698853681
  0
XRECORD
  5
68F
102
{ACAD_REACTORS
330
687
102
}
330
687
100
AcDbXrecord
280
     1
  1
Ushuaia
  0
XRECORD
  5
68B
102
{ACAD_REACTORS
330
687
102
}
330
687
100
AcDbXrecord
280
     1
 40
0.0
  0
XRECORD
  5
68D
102
{ACAD_REACTORS
330
687
102
}
330
687
100
AcDbXrecord
280
     1
  1
Ites. Les Eclaireurs
  0
XRECORD
  5
689
102
{ACAD_REACTORS
330
687
102
}
330
687
100
AcDbXrecord
280
     1
 90
      105
  0
XRECORD
  5
691
102
{ACAD_REACTORS
330
687
102
}
330
687
100
AcDbXrecord
280
     1
 40
4213.088910555
  0
XRECORD
  5
693
102
{ACAD_REACTORS
330
687
102
}
330
687
100
AcDbXrecord
280
     1
 40
261.2356631285877
  0
XRECORD
  5
69E
102
{ACAD_REACTORS
330
696
102
}
330
696
100
AcDbXrecord
280
     1
  1
Ushuaia
  0
XRECORD
  5
69A
102
{ACAD_REACTORS
330
696
102
}
330
696
100
AcDbXrecord
280
     1
 40
0.0
  0
XRECORD
  5
69C
102
{ACAD_REACTORS
330
696
102
}
330
696
100
AcDbXrecord
280
     1
  1
Ites. Les Eclaireurs
  0
XRECORD
  5
698
102
{ACAD_REACTORS
330
696
102
}
330
696
100
AcDbXrecord
280
     1
 90
      106
  0
XRECORD
  5
6A0
102
{ACAD_REACTORS
330
696
102
}
330
696
100
AcDbXrecord
280
     1
 40
4920.44405722
  0
XRECORD
  5
6A2
102
{ACAD_REACTORS
330
696
102
}
330
696
100
AcDbXrecord
280
     1
 40
295.5039985393443
  0
XRECORD
  5
6AD
102
{ACAD_REACTORS
330
6A5
102
}
330
6A5
100
AcDbXrecord
280
     1
  1
Ushuaia
  0
XRECORD
  5
6A9
102
{ACAD_REACTORS
330
6A5
102
}
330
6A5
100
AcDbXrecord
280
     1
 40
0.0
  0
XRECORD
  5
6AB
102
{ACAD_REACTORS
330
6A5
102
}
330
6A5
100
AcDbXrecord
280
     1
  1
Ites. Les Eclaireurs
  0
XRECORD
  5
6A7
102
{ACAD_REACTORS
330
6A5
102
}
330
6A5
100
AcDbXrecord
280
     1
 90
      107
  0
XRECORD
  5
6AF
102
{ACAD_REACTORS
330
6A5
102
}
330
6A5
100
AcDbXrecord
280
     1
 40
4344.11223933
  0
XRECORD
  5
6B1
102
{ACAD_REACTORS
330
6A5
102
}
330
6A5
100
AcDbXrecord
280
     1
 40
267.424808748398
  0
XRECORD
  5
6BC
102
{ACAD_REACTORS
330
6B4
102
}
330
6B4
100
AcDbXrecord
280
     1
  1
Ushuaia
  0
XRECORD
  5
6B8
102
{ACAD_REACTORS
330
6B4
102
}
330
6B4
100
AcDbXrecord
280
     1
 40
0.0
  0
XRECORD
  5
6BA
102
{ACAD_REACTORS
330
6B4
102
}
330
6B4
100
AcDbXrecord
280
     1
  1
Is. Warden
  0
XRECORD
  5
6B6
102
{ACAD_REACTORS
330
6B4
102
}
330
6B4
100
AcDbXrecord
280
     1
 90
      108
  0
XRECORD
  5
6BE
102
{ACAD_REACTORS
330
6B4
102
}
330
6B4
100
AcDbXrecord
280
     1
 40
35.61197034
  0
XRECORD
  5
6C0
102
{ACAD_REACTORS
330
6B4
102
}
330
6B4
100
AcDbXrecord
280
     1
 40
25.02997390961285
  0
XRECORD
  5
6CB
102
{ACAD_REACTORS
330
6C3
102
}
330
6C3
100
AcDbXrecord
280
     1
  1
Ushuaia
  0
XRECORD
  5
6C7
102
{ACAD_REACTORS
330
6C3
102
}
330
6C3
100
AcDbXrecord
280
     1
 40
0.0
  0
XRECORD
  5
6C9
102
{ACAD_REACTORS
330
6C3
102
}
330
6C3
100
AcDbXrecord
280
     1
  1
 
  0
XRECORD
  5
6C5
102
{ACAD_REACTORS
330
6C3
102
}
330
6C3
100
AcDbXrecord
280
     1
 90
      109
  0
XRECORD
  5
6CD
102
{ACAD_REACTORS
330
6C3
102
}
330
6C3
100
AcDbXrecord
280
     1
 40
71.72061183
  0
XRECORD
  5
6CF
102
{ACAD_REACTORS
330
6C3
102
}
330
6C3
100
AcDbXrecord
280
     1
 40
36.18118303750327
  0
DICTIONARY
  5
47
330
2F
100
AcDbDictionary
280
     1
281
     1
  3
ACAD_XREC_ROUNDTRIP
360
6D5
  0
DICTIONARY
  5
4B
330
31
100
AcDbDictionary
280
     1
281
     1
  3
ACAD_XREC_ROUNDTRIP
360
6D7
  0
DICTIONARY
  5
49
330
30
100
AcDbDictionary
280
     1
281
     1
  3
ACAD_XREC_ROUNDTRIP
360
6D6
  0
DICTIONARY
  5
4D
330
32
100
AcDbDictionary
280
     1
281
     1
  3
ACAD_XREC_ROUNDTRIP
360
6D8
  0
DICTIONARY
  5
55
330
36
100
AcDbDictionary
280
     1
281
     1
  3
ACAD_XREC_ROUNDTRIP
360
6DC
  0
DICTIONARY
  5
5D
330
3A
100
AcDbDictionary
280
     1
281
     1
  3
ACAD_XREC_ROUNDTRIP
360
6E0
  0
DICTIONARY
  5
51
330
34
100
AcDbDictionary
280
     1
281
     1
  3
ACAD_XREC_ROUNDTRIP
360
6DA
  0
DICTIONARY
  5
53
330
35
100
AcDbDictionary
280
     1
281
     1
  3
ACAD_XREC_ROUNDTRIP
360
6DB
  0
DICTIONARY
  5
5B
330
39
100
AcDbDictionary
280
     1
281
     1
  3
ACAD_XREC_ROUNDTRIP
360
6DF
  0
DICTIONARY
  5
3F
330
2B
100
AcDbDictionary
280
     1
281
     1
  3
ACAD_XREC_ROUNDTRIP
360
6D1
  0
DICTIONARY
  5
41
330
2C
100
AcDbDictionary
280
     1
281
     1
  3
ACAD_XREC_ROUNDTRIP
360
6D2
  0
DICTIONARY
  5
43
330
2D
100
AcDbDictionary
280
     1
281
     1
  3
ACAD_XREC_ROUNDTRIP
360
6D3
  0
DICTIONARY
  5
45
330
2E
100
AcDbDictionary
280
     1
281
     1
  3
ACAD_XREC_ROUNDTRIP
360
6D4
  0
DICTIONARY
  5
59
330
38
100
AcDbDictionary
280
     1
281
     1
  3
ACAD_XREC_ROUNDTRIP
360
6DE
  0
DICTIONARY
  5
4F
330
33
100
AcDbDictionary
280
     1
281
     1
  3
ACAD_XREC_ROUNDTRIP
360
6D9
  0
DICTIONARY
  5
57
330
37
100
AcDbDictionary
280
     1
281
     1
  3
ACAD_XREC_ROUNDTRIP
360
6DD
  0
DICTIONARY
  5
66
102
{ACAD_REACTORS
330
63
102
}
330
63
100
AcDbDictionary
281
     1
  3
DEPARTAMEN
350
6A
  3
LINK
350
68
  3
NOMBRE
350
69
  3
OBJECTID_1
350
67
  3
Shape.area
350
6B
  3
Shape.len
350
6C
  0
XRECORD
  5
65
102
{ACAD_REACTORS
330
63
102
}
330
63
100
AcDbXrecord
280
     1
  8
TDF.DBO
  0
XRECORD
  5
64
102
{ACAD_REACTORS
330
63
102
}
330
63
100
AcDbXrecord
280
     1
  1
Polygon
  0
XRECORD
  5
6D5
102
{ACAD_REACTORS
330
47
102
}
330
47
100
AcDbXrecord
280
     1
102
RTVSPropertyOp0
 70
     1
102
RTVSPropertyOp1
 70
     1
102
RTVSPropertyOp2
 70
     1
102
RTVSPropertyOp3
 70
     1
102
RTVSPropertyOp4
 70
     1
102
RTVSPropertyOp5
 70
     1
102
RTVSPropertyOp6
 70
     1
102
RTVSPropertyOp7
 70
     1
102
RTVSPropertyOp8
 70
     1
102
RTVSPropertyOp9
 70
     1
102
RTVSPropertyOp10
 70
     1
102
RTVSPropertyOp11
 70
     1
102
RTVSPropertyOp12
 70
     1
102
RTVSPropertyOp13
 70
     1
102
RTVSPropertyOp14
 70
     1
102
RTVSPropertyOp15
 70
     1
102
RTVSPropertyOp16
 70
     1
102
RTVSPropertyOp17
 70
     1
102
RTVSPropertyOp18
 70
     1
102
RTVSPropertyOp19
 70
     1
102
RTVSPropertyOp20
 70
     1
102
RTVSPropertyOp21
 70
     1
102
RTVSPropertyOp22
 70
     1
102
RTVSPropertyOp23
 70
     1
102
RTVSPropertyOp24
 70
     1
102
RTVSPropertyOp25
 70
     1
102
RTVSPropertyOp26
 70
     1
102
RTVSPropertyOp27
 70
     1
  0
XRECORD
  5
6D7
102
{ACAD_REACTORS
330
4B
102
}
330
4B
100
AcDbXrecord
280
     1
102
RTVSPropertyOp0
 70
     1
102
RTVSPropertyOp1
 70
     1
102
RTVSPropertyOp2
 70
     1
102
RTVSPropertyOp3
 70
     1
102
RTVSPropertyOp4
 70
     1
102
RTVSPropertyOp5
 70
     1
102
RTVSPropertyOp6
 70
     1
102
RTVSPropertyOp7
 70
     1
102
RTVSPropertyOp8
 70
     1
102
RTVSPropertyOp9
 70
     1
102
RTVSPropertyOp10
 70
     1
102
RTVSPropertyOp11
 70
     1
102
RTVSPropertyOp12
 70
     1
102
RTVSPropertyOp13
 70
     1
102
RTVSPropertyOp14
 70
     1
102
RTVSPropertyOp15
 70
     1
102
RTVSPropertyOp16
 70
     1
102
RTVSPropertyOp17
 70
     1
102
RTVSPropertyOp18
 70
     1
102
RTVSPropertyOp19
 70
     1
102
RTVSPropertyOp20
 70
     1
102
RTVSPropertyOp21
 70
     1
102
RTVSPropertyOp22
 70
     1
102
RTVSPropertyOp23
 70
     1
102
RTVSPropertyOp24
 70
     1
102
RTVSPropertyOp25
 70
     1
102
RTVSPropertyOp26
 70
     1
102
RTVSPropertyOp27
 70
     1
  0
XRECORD
  5
6D6
102
{ACAD_REACTORS
330
49
102
}
330
49
100
AcDbXrecord
280
     1
102
RTVSPropertyOp0
 70
     1
102
RTVSPropertyOp1
 70
     1
102
RTVSPropertyOp2
 70
     1
102
RTVSPropertyOp3
 70
     1
102
RTVSPropertyOp4
 70
     1
102
RTVSPropertyOp5
 70
     1
102
RTVSPropertyOp6
 70
     1
102
RTVSPropertyOp7
 70
     1
102
RTVSPropertyOp8
 70
     1
102
RTVSPropertyOp9
 70
     1
102
RTVSPropertyOp10
 70
     1
102
RTVSPropertyOp11
 70
     1
102
RTVSPropertyOp12
 70
     1
102
RTVSPropertyOp13
 70
     1
102
RTVSPropertyOp14
 70
     1
102
RTVSPropertyOp15
 70
     1
102
RTVSPropertyOp16
 70
     1
102
RTVSPropertyOp17
 70
     1
102
RTVSPropertyOp18
 70
     1
102
RTVSPropertyOp19
 70
     1
102
RTVSPropertyOp20
 70
     1
102
RTVSPropertyOp21
 70
     1
102
RTVSPropertyOp22
 70
     1
102
RTVSPropertyOp23
 70
     1
102
RTVSPropertyOp24
 70
     1
102
RTVSPropertyOp25
 70
     1
102
RTVSPropertyOp26
 70
     1
102
RTVSPropertyOp27
 70
     1
  0
XRECORD
  5
6D8
102
{ACAD_REACTORS
330
4D
102
}
330
4D
100
AcDbXrecord
280
     1
102
RTVSPropertyOp0
 70
     1
102
RTVSPropertyOp1
 70
     1
102
RTVSPropertyOp2
 70
     1
102
RTVSPropertyOp3
 70
     1
102
RTVSPropertyOp4
 70
     1
102
RTVSPropertyOp5
 70
     1
102
RTVSPropertyOp6
 70
     1
102
RTVSPropertyOp7
 70
     1
102
RTVSPropertyOp8
 70
     1
102
RTVSPropertyOp9
 70
     1
102
RTVSPropertyOp10
 70
     1
102
RTVSPropertyOp11
 70
     1
102
RTVSPropertyOp12
 70
     1
102
RTVSPropertyOp13
 70
     1
102
RTVSPropertyOp14
 70
     1
102
RTVSPropertyOp15
 70
     1
102
RTVSPropertyOp16
 70
     1
102
RTVSPropertyOp17
 70
     1
102
RTVSPropertyOp18
 70
     1
102
RTVSPropertyOp19
 70
     1
102
RTVSPropertyOp20
 70
     1
102
RTVSPropertyOp21
 70
     1
102
RTVSPropertyOp22
 70
     1
102
RTVSPropertyOp23
 70
     1
102
RTVSPropertyOp24
 70
     1
102
RTVSPropertyOp25
 70
     1
102
RTVSPropertyOp26
 70
     1
102
RTVSPropertyOp27
 70
     1
  0
XRECORD
  5
6DC
102
{ACAD_REACTORS
330
55
102
}
330
55
100
AcDbXrecord
280
     1
102
RTVSPropertyOp0
 70
     1
102
RTVSPropertyOp1
 70
     1
102
RTVSPropertyOp2
 70
     1
102
RTVSPropertyOp3
 70
     1
102
RTVSPropertyOp4
 70
     1
102
RTVSPropertyOp5
 70
     1
102
RTVSPropertyOp6
 70
     1
102
RTVSPropertyOp7
 70
     1
102
RTVSPropertyOp8
 70
     1
102
RTVSPropertyOp9
 70
     1
102
RTVSPropertyOp10
 70
     1
102
RTVSPropertyOp11
 70
     1
102
RTVSPropertyOp12
 70
     1
102
RTVSPropertyOp13
 70
     1
102
RTVSPropertyOp14
 70
     1
102
RTVSPropertyOp15
 70
     1
102
RTVSPropertyOp16
 70
     1
102
RTVSPropertyOp17
 70
     1
102
RTVSPropertyOp18
 70
     1
102
RTVSPropertyOp19
 70
     1
102
RTVSPropertyOp20
 70
     1
102
RTVSPropertyOp21
 70
     1
102
RTVSPropertyOp22
 70
     1
102
RTVSPropertyOp23
 70
     1
102
RTVSPropertyOp24
 70
     1
102
RTVSPropertyOp25
 70
     1
102
RTVSPropertyOp26
 70
     1
102
RTVSPropertyOp27
 70
     1
  0
XRECORD
  5
6E0
102
{ACAD_REACTORS
330
5D
102
}
330
5D
100
AcDbXrecord
280
     1
102
RTVSPropertyOp0
 70
     1
102
RTVSPropertyOp1
 70
     1
102
RTVSPropertyOp2
 70
     1
102
RTVSPropertyOp3
 70
     1
102
RTVSPropertyOp4
 70
     1
102
RTVSPropertyOp5
 70
     1
102
RTVSPropertyOp6
 70
     1
102
RTVSPropertyOp7
 70
     1
102
RTVSPropertyOp8
 70
     1
102
RTVSPropertyOp9
 70
     1
102
RTVSPropertyOp10
 70
     1
102
RTVSPropertyOp11
 70
     1
102
RTVSPropertyOp12
 70
     1
102
RTVSPropertyOp13
 70
     1
102
RTVSPropertyOp14
 70
     1
102
RTVSPropertyOp15
 70
     1
102
RTVSPropertyOp16
 70
     1
102
RTVSPropertyOp17
 70
     1
102
RTVSPropertyOp18
 70
     1
102
RTVSPropertyOp19
 70
     1
102
RTVSPropertyOp20
 70
     1
102
RTVSPropertyOp21
 70
     1
102
RTVSPropertyOp22
 70
     1
102
RTVSPropertyOp23
 70
     1
102
RTVSPropertyOp24
 70
     1
102
RTVSPropertyOp25
 70
     1
102
RTVSPropertyOp26
 70
     1
102
RTVSPropertyOp27
 70
     1
  0
XRECORD
  5
6DA
102
{ACAD_REACTORS
330
51
102
}
330
51
100
AcDbXrecord
280
     1
102
RTVSPropertyOp0
 70
     1
102
RTVSPropertyOp1
 70
     1
102
RTVSPropertyOp2
 70
     1
102
RTVSPropertyOp3
 70
     1
102
RTVSPropertyOp4
 70
     1
102
RTVSPropertyOp5
 70
     1
102
RTVSPropertyOp6
 70
     1
102
RTVSPropertyOp7
 70
     1
102
RTVSPropertyOp8
 70
     1
102
RTVSPropertyOp9
 70
     1
102
RTVSPropertyOp10
 70
     1
102
RTVSPropertyOp11
 70
     1
102
RTVSPropertyOp12
 70
     1
102
RTVSPropertyOp13
 70
     1
102
RTVSPropertyOp14
 70
     1
102
RTVSPropertyOp15
 70
     1
102
RTVSPropertyOp16
 70
     1
102
RTVSPropertyOp17
 70
     1
102
RTVSPropertyOp18
 70
     1
102
RTVSPropertyOp19
 70
     1
102
RTVSPropertyOp20
 70
     1
102
RTVSPropertyOp21
 70
     1
102
RTVSPropertyOp22
 70
     1
102
RTVSPropertyOp23
 70
     1
102
RTVSPropertyOp24
 70
     1
102
RTVSPropertyOp25
 70
     1
102
RTVSPropertyOp26
 70
     1
102
RTVSPropertyOp27
 70
     1
  0
XRECORD
  5
6DB
102
{ACAD_REACTORS
330
53
102
}
330
53
100
AcDbXrecord
280
     1
102
RTVSPropertyOp0
 70
     1
102
RTVSPropertyOp1
 70
     1
102
RTVSPropertyOp2
 70
     1
102
RTVSPropertyOp3
 70
     1
102
RTVSPropertyOp4
 70
     1
102
RTVSPropertyOp5
 70
     1
102
RTVSPropertyOp6
 70
     1
102
RTVSPropertyOp7
 70
     1
102
RTVSPropertyOp8
 70
     1
102
RTVSPropertyOp9
 70
     1
102
RTVSPropertyOp10
 70
     1
102
RTVSPropertyOp11
 70
     1
102
RTVSPropertyOp12
 70
     1
102
RTVSPropertyOp13
 70
     1
102
RTVSPropertyOp14
 70
     1
102
RTVSPropertyOp15
 70
     1
102
RTVSPropertyOp16
 70
     1
102
RTVSPropertyOp17
 70
     1
102
RTVSPropertyOp18
 70
     1
102
RTVSPropertyOp19
 70
     1
102
RTVSPropertyOp20
 70
     1
102
RTVSPropertyOp21
 70
     1
102
RTVSPropertyOp22
 70
     1
102
RTVSPropertyOp23
 70
     1
102
RTVSPropertyOp24
 70
     1
102
RTVSPropertyOp25
 70
     1
102
RTVSPropertyOp26
 70
     1
102
RTVSPropertyOp27
 70
     1
  0
XRECORD
  5
6DF
102
{ACAD_REACTORS
330
5B
102
}
330
5B
100
AcDbXrecord
280
     1
102
RTVSPropertyOp0
 70
     1
102
RTVSPropertyOp1
 70
     1
102
RTVSPropertyOp2
 70
     1
102
RTVSPropertyOp3
 70
     1
102
RTVSPropertyOp4
 70
     1
102
RTVSPropertyOp5
 70
     1
102
RTVSPropertyOp6
 70
     1
102
RTVSPropertyOp7
 70
     1
102
RTVSPropertyOp8
 70
     1
102
RTVSPropertyOp9
 70
     1
102
RTVSPropertyOp10
 70
     1
102
RTVSPropertyOp11
 70
     1
102
RTVSPropertyOp12
 70
     1
102
RTVSPropertyOp13
 70
     1
102
RTVSPropertyOp14
 70
     1
102
RTVSPropertyOp15
 70
     1
102
RTVSPropertyOp16
 70
     1
102
RTVSPropertyOp17
 70
     1
102
RTVSPropertyOp18
 70
     1
102
RTVSPropertyOp19
 70
     1
102
RTVSPropertyOp20
 70
     1
102
RTVSPropertyOp21
 70
     1
102
RTVSPropertyOp22
 70
     1
102
RTVSPropertyOp23
 70
     1
102
RTVSPropertyOp24
 70
     1
102
RTVSPropertyOp25
 70
     1
102
RTVSPropertyOp26
 70
     1
102
RTVSPropertyOp27
 70
     1
  0
XRECORD
  5
6D1
102
{ACAD_REACTORS
330
3F
102
}
330
3F
100
AcDbXrecord
280
     1
102
RTVSPropertyOp0
 70
     1
102
RTVSPropertyOp1
 70
     1
102
RTVSPropertyOp2
 70
     1
102
RTVSPropertyOp3
 70
     1
102
RTVSPropertyOp4
 70
     1
102
RTVSPropertyOp5
 70
     1
102
RTVSPropertyOp6
 70
     1
102
RTVSPropertyOp7
 70
     1
102
RTVSPropertyOp8
 70
     1
102
RTVSPropertyOp9
 70
     1
102
RTVSPropertyOp10
 70
     1
102
RTVSPropertyOp11
 70
     1
102
RTVSPropertyOp12
 70
     1
102
RTVSPropertyOp13
 70
     1
102
RTVSPropertyOp14
 70
     1
102
RTVSPropertyOp15
 70
     1
102
RTVSPropertyOp16
 70
     1
102
RTVSPropertyOp17
 70
     1
102
RTVSPropertyOp18
 70
     1
102
RTVSPropertyOp19
 70
     1
102
RTVSPropertyOp20
 70
     1
102
RTVSPropertyOp21
 70
     1
102
RTVSPropertyOp22
 70
     1
102
RTVSPropertyOp23
 70
     1
102
RTVSPropertyOp24
 70
     1
102
RTVSPropertyOp25
 70
     1
102
RTVSPropertyOp26
 70
     1
102
RTVSPropertyOp27
 70
     1
  0
XRECORD
  5
6D2
102
{ACAD_REACTORS
330
41
102
}
330
41
100
AcDbXrecord
280
     1
102
RTVSPropertyOp0
 70
     1
102
RTVSPropertyOp1
 70
     1
102
RTVSPropertyOp2
 70
     1
102
RTVSPropertyOp3
 70
     1
102
RTVSPropertyOp4
 70
     1
102
RTVSPropertyOp5
 70
     1
102
RTVSPropertyOp6
 70
     1
102
RTVSPropertyOp7
 70
     1
102
RTVSPropertyOp8
 70
     1
102
RTVSPropertyOp9
 70
     1
102
RTVSPropertyOp10
 70
     1
102
RTVSPropertyOp11
 70
     1
102
RTVSPropertyOp12
 70
     1
102
RTVSPropertyOp13
 70
     1
102
RTVSPropertyOp14
 70
     1
102
RTVSPropertyOp15
 70
     1
102
RTVSPropertyOp16
 70
     1
102
RTVSPropertyOp17
 70
     1
102
RTVSPropertyOp18
 70
     1
102
RTVSPropertyOp19
 70
     1
102
RTVSPropertyOp20
 70
     1
102
RTVSPropertyOp21
 70
     1
102
RTVSPropertyOp22
 70
     1
102
RTVSPropertyOp23
 70
     1
102
RTVSPropertyOp24
 70
     1
102
RTVSPropertyOp25
 70
     1
102
RTVSPropertyOp26
 70
     1
102
RTVSPropertyOp27
 70
     1
  0
XRECORD
  5
6D3
102
{ACAD_REACTORS
330
43
102
}
330
43
100
AcDbXrecord
280
     1
102
RTVSPropertyOp0
 70
     1
102
RTVSPropertyOp1
 70
     1
102
RTVSPropertyOp2
 70
     1
102
RTVSPropertyOp3
 70
     1
102
RTVSPropertyOp4
 70
     1
102
RTVSPropertyOp5
 70
     1
102
RTVSPropertyOp6
 70
     1
102
RTVSPropertyOp7
 70
     1
102
RTVSPropertyOp8
 70
     1
102
RTVSPropertyOp9
 70
     1
102
RTVSPropertyOp10
 70
     1
102
RTVSPropertyOp11
 70
     1
102
RTVSPropertyOp12
 70
     1
102
RTVSPropertyOp13
 70
     1
102
RTVSPropertyOp14
 70
     1
102
RTVSPropertyOp15
 70
     1
102
RTVSPropertyOp16
 70
     1
102
RTVSPropertyOp17
 70
     1
102
RTVSPropertyOp18
 70
     1
102
RTVSPropertyOp19
 70
     1
102
RTVSPropertyOp20
 70
     1
102
RTVSPropertyOp21
 70
     1
102
RTVSPropertyOp22
 70
     1
102
RTVSPropertyOp23
 70
     1
102
RTVSPropertyOp24
 70
     1
102
RTVSPropertyOp25
 70
     1
102
RTVSPropertyOp26
 70
     1
102
RTVSPropertyOp27
 70
     1
  0
XRECORD
  5
6D4
102
{ACAD_REACTORS
330
45
102
}
330
45
100
AcDbXrecord
280
     1
102
RTVSPropertyOp0
 70
     1
102
RTVSPropertyOp1
 70
     1
102
RTVSPropertyOp2
 70
     1
102
RTVSPropertyOp3
 70
     1
102
RTVSPropertyOp4
 70
     1
102
RTVSPropertyOp5
 70
     1
102
RTVSPropertyOp6
 70
     1
102
RTVSPropertyOp7
 70
     1
102
RTVSPropertyOp8
 70
     1
102
RTVSPropertyOp9
 70
     1
102
RTVSPropertyOp10
 70
     1
102
RTVSPropertyOp11
 70
     1
102
RTVSPropertyOp12
 70
     1
102
RTVSPropertyOp13
 70
     1
102
RTVSPropertyOp14
 70
     1
102
RTVSPropertyOp15
 70
     1
102
RTVSPropertyOp16
 70
     1
102
RTVSPropertyOp17
 70
     1
102
RTVSPropertyOp18
 70
     1
102
RTVSPropertyOp19
 70
     1
102
RTVSPropertyOp20
 70
     1
102
RTVSPropertyOp21
 70
     1
102
RTVSPropertyOp22
 70
     1
102
RTVSPropertyOp23
 70
     1
102
RTVSPropertyOp24
 70
     1
102
RTVSPropertyOp25
 70
     1
102
RTVSPropertyOp26
 70
     1
102
RTVSPropertyOp27
 70
     1
  0
XRECORD
  5
6DE
102
{ACAD_REACTORS
330
59
102
}
330
59
100
AcDbXrecord
280
     1
102
RTVSPropertyOp0
 70
     1
102
RTVSPropertyOp1
 70
     1
102
RTVSPropertyOp2
 70
     1
102
RTVSPropertyOp3
 70
     1
102
RTVSPropertyOp4
 70
     1
102
RTVSPropertyOp5
 70
     1
102
RTVSPropertyOp6
 70
     1
102
RTVSPropertyOp7
 70
     1
102
RTVSPropertyOp8
 70
     1
102
RTVSPropertyOp9
 70
     1
102
RTVSPropertyOp10
 70
     1
102
RTVSPropertyOp11
 70
     1
102
RTVSPropertyOp12
 70
     1
102
RTVSPropertyOp13
 70
     1
102
RTVSPropertyOp14
 70
     1
102
RTVSPropertyOp15
 70
     1
102
RTVSPropertyOp16
 70
     1
102
RTVSPropertyOp17
 70
     1
102
RTVSPropertyOp18
 70
     1
102
RTVSPropertyOp19
 70
     1
102
RTVSPropertyOp20
 70
     1
102
RTVSPropertyOp21
 70
     1
102
RTVSPropertyOp22
 70
     1
102
RTVSPropertyOp23
 70
     1
102
RTVSPropertyOp24
 70
     1
102
RTVSPropertyOp25
 70
     1
102
RTVSPropertyOp26
 70
     1
102
RTVSPropertyOp27
 70
     1
  0
XRECORD
  5
6D9
102
{ACAD_REACTORS
330
4F
102
}
330
4F
100
AcDbXrecord
280
     1
102
RTVSPropertyOp0
 70
     1
102
RTVSPropertyOp1
 70
     1
102
RTVSPropertyOp2
 70
     1
102
RTVSPropertyOp3
 70
     1
102
RTVSPropertyOp4
 70
     1
102
RTVSPropertyOp5
 70
     1
102
RTVSPropertyOp6
 70
     1
102
RTVSPropertyOp7
 70
     1
102
RTVSPropertyOp8
 70
     1
102
RTVSPropertyOp9
 70
     1
102
RTVSPropertyOp10
 70
     1
102
RTVSPropertyOp11
 70
     1
102
RTVSPropertyOp12
 70
     1
102
RTVSPropertyOp13
 70
     1
102
RTVSPropertyOp14
 70
     1
102
RTVSPropertyOp15
 70
     1
102
RTVSPropertyOp16
 70
     1
102
RTVSPropertyOp17
 70
     1
102
RTVSPropertyOp18
 70
     1
102
RTVSPropertyOp19
 70
     1
102
RTVSPropertyOp20
 70
     1
102
RTVSPropertyOp21
 70
     1
102
RTVSPropertyOp22
 70
     1
102
RTVSPropertyOp23
 70
     1
102
RTVSPropertyOp24
 70
     1
102
RTVSPropertyOp25
 70
     1
102
RTVSPropertyOp26
 70
     1
102
RTVSPropertyOp27
 70
     1
  0
XRECORD
  5
6DD
102
{ACAD_REACTORS
330
57
102
}
330
57
100
AcDbXrecord
280
     1
102
RTVSPropertyOp0
 70
     1
102
RTVSPropertyOp1
 70
     1
102
RTVSPropertyOp2
 70
     1
102
RTVSPropertyOp3
 70
     1
102
RTVSPropertyOp4
 70
     1
102
RTVSPropertyOp5
 70
     1
102
RTVSPropertyOp6
 70
     1
102
RTVSPropertyOp7
 70
     1
102
RTVSPropertyOp8
 70
     1
102
RTVSPropertyOp9
 70
     1
102
RTVSPropertyOp10
 70
     1
102
RTVSPropertyOp11
 70
     1
102
RTVSPropertyOp12
 70
     1
102
RTVSPropertyOp13
 70
     1
102
RTVSPropertyOp14
 70
     1
102
RTVSPropertyOp15
 70
     1
102
RTVSPropertyOp16
 70
     1
102
RTVSPropertyOp17
 70
     1
102
RTVSPropertyOp18
 70
     1
102
RTVSPropertyOp19
 70
     1
102
RTVSPropertyOp20
 70
     1
102
RTVSPropertyOp21
 70
     1
102
RTVSPropertyOp22
 70
     1
102
RTVSPropertyOp23
 70
     1
102
RTVSPropertyOp24
 70
     1
102
RTVSPropertyOp25
 70
     1
102
RTVSPropertyOp26
 70
     1
102
RTVSPropertyOp27
 70
     1
  0
XRECORD
  5
6A
102
{ACAD_REACTORS
330
66
102
}
330
66
100
AcDbXrecord
280
     1
  1

 90
       10
  0
XRECORD
  5
68
102
{ACAD_REACTORS
330
66
102
}
330
66
100
AcDbXrecord
280
     1
 40
0.0
  0
XRECORD
  5
69
102
{ACAD_REACTORS
330
66
102
}
330
66
100
AcDbXrecord
280
     1
  1

 90
       25
  0
XRECORD
  5
67
102
{ACAD_REACTORS
330
66
102
}
330
66
100
AcDbXrecord
280
     1
 90
        0
  0
XRECORD
  5
6B
102
{ACAD_REACTORS
330
66
102
}
330
66
100
AcDbXrecord
280
     1
 40
0.0
  0
XRECORD
  5
6C
102
{ACAD_REACTORS
330
66
102
}
330
66
100
AcDbXrecord
280
     1
 40
0.0
  0
ENDSEC
  0
EOF
